call_id,lead_id,timestamp,variant,disposition,duration_s,connected
C00000001,G0000000,2026-10-12 16:26:32,A,requirement_unconfirmed,100.4,1
C00000002,G0000001,2026-10-12 15:52:49,B,no_requirement,3.8,1
C00000003,G0000002,2026-10-12 19:41:00,A,requirement_unconfirmed,70.3,1
C00000004,G0000003,2026-10-12 17:09:23,B,requirement_unconfirmed,114.7,1
C00000005,G0000004,2026-10-12 10:11:10,A,buylead_created,77.5,1
C00000006,G0000005,2026-10-12 15:02:07,A,requirement_unconfirmed,163.2,1
C00000007,G0000006,2026-10-12 11:50:42,B,no_requirement,96.8,1
C00000008,G0000007,2026-10-12 16:18:56,A,no_connect,148.2,0
C00000009,G0000008,2026-10-12 14:11:51,B,buylead_created,39.0,1
C00000010,G0000009,2026-10-12 09:35:40,A,no_requirement,51.9,1
C00000011,G0000010,2026-10-12 15:05:24,A,buylead_created,47.1,1
C00000012,G0000011,2026-10-12 16:27:37,A,buylead_created,76.6,1
C00000013,G0000012,2026-10-12 15:45:03,A,buylead_created,144.4,1
C00000014,G0000013,2026-10-12 18:26:31,B,buylead_created,149.3,1
C00000015,G0000014,2026-10-12 10:27:28,A,no_requirement,15.9,1
C00000016,G0000015,2026-10-12 10:37:44,A,no_requirement,53.6,1
C00000017,G0000015,2026-10-13 05:37:44,A,other,69.0,1
C00000018,G0000016,2026-10-12 12:26:48,A,buylead_created,90.8,1
C00000019,G0000017,2026-10-12 10:24:07,A,no_connect,192.7,0
C00000020,G0000018,2026-10-12 15:58:29,B,no_connect,112.0,0
C00000021,G0000019,2026-10-12 18:18:45,A,requirement_unconfirmed,60.8,1
C00000022,G0000020,2026-10-12 15:38:47,A,no_requirement,62.0,1
C00000023,G0000021,2026-10-12 09:05:12,A,no_requirement,8.6,1
C00000024,G0000022,2026-10-12 09:18:03,B,particular_seller_only,41.1,1
C00000025,G0000023,2026-10-12 11:42:02,A,buylead_created,53.9,1
C00000026,G0000024,2026-10-12 18:07:53,A,particular_seller_only,1.7,1
C00000027,G0000025,2026-10-12 12:36:48,A,buylead_created,60.8,1
C00000028,G0000025,2026-10-12 17:36:48,A,other,12.6,1
C00000029,G0000026,2026-10-12 13:27:07,A,buylead_created,60.6,1
C00000030,G0000027,2026-10-12 12:28:05,A,particular_seller_only,89.1,1
C00000031,G0000028,2026-10-12 11:16:11,A,no_requirement,112.2,1
C00000032,G0000029,2026-10-12 11:56:08,B,buylead_created,273.4,1
C00000033,G0000030,2026-10-12 13:33:09,A,buylead_created,31.6,1
C00000034,G0000031,2026-10-12 13:33:36,A,no_connect,18.7,0
C00000035,G0000032,2026-10-12 17:43:58,B,buylead_created,77.8,1
C00000036,G0000033,2026-10-12 13:22:33,A,requirement_unconfirmed,231.0,1
C00000037,G0000034,2026-10-12 12:10:07,B,particular_seller_only,93.1,1
C00000038,G0000034,2026-10-13 17:10:07,B,other,87.3,1
C00000039,G0000035,2026-10-12 12:57:34,A,buylead_created,5.2,1
C00000040,G0000036,2026-10-12 12:11:53,B,no_requirement,22.5,1
C00000041,G0000037,2026-10-12 10:12:31,A,buylead_created,62.9,1
C00000042,G0000038,2026-10-12 09:12:37,A,buylead_created,85.6,1
C00000043,G0000039,2026-10-12 10:04:10,A,particular_seller_only,50.3,1
C00000044,G0000040,2026-10-12 10:43:08,A,other,6.0,1
C00000045,G0000041,2026-10-12 17:34:14,A,buylead_created,84.7,1
C00000046,G0000042,2026-10-12 10:46:11,A,particular_seller_only,40.6,1
C00000047,G0000043,2026-10-12 11:53:10,A,buylead_created,74.1,1
C00000048,G0000044,2026-10-12 11:57:08,A,no_requirement,100.4,1
C00000049,G0000045,2026-10-12 14:16:34,B,requirement_unconfirmed,173.3,1
C00000050,G0000046,2026-10-12 14:54:55,B,buylead_created,3.8,1
C00000051,G0000047,2026-10-12 09:35:41,A,buylead_created,82.5,1
C00000052,G0000048,2026-10-12 13:26:58,A,buylead_created,188.4,1
C00000053,G0000048,2026-10-13 09:26:58,A,other,79.8,1
C00000054,G0000049,2026-10-12 15:18:15,A,buylead_created,78.1,1
C00000055,G0000050,2026-10-12 08:27:22,A,no_requirement,77.1,1
C00000056,G0000051,2026-10-12 18:24:26,A,buylead_created,78.2,1
C00000057,G0000052,2026-10-12 16:34:46,A,requirement_unconfirmed,86.4,1
C00000058,G0000053,2026-10-12 08:43:23,B,buylead_created,96.8,1
C00000059,G0000054,2026-10-12 12:19:08,A,requirement_unconfirmed,95.5,1
C00000060,G0000055,2026-10-12 17:43:41,A,other,27.9,1
C00000061,G0000056,2026-10-12 19:15:57,A,buylead_created,38.8,1
C00000062,G0000057,2026-10-12 14:01:10,A,particular_seller_only,61.5,1
C00000063,G0000057,2026-10-13 13:01:10,A,other,65.1,1
C00000064,G0000058,2026-10-12 13:24:04,B,no_requirement,82.3,1
C00000065,G0000059,2026-10-12 15:45:38,A,buylead_created,28.2,1
C00000066,G0000060,2026-10-12 15:09:48,B,buylead_created,116.3,1
C00000067,G0000061,2026-10-12 14:24:41,B,other,79.2,1
C00000068,G0000062,2026-10-12 17:03:48,B,buylead_created,94.2,1
C00000069,G0000063,2026-10-12 17:44:38,B,buylead_created,96.8,1
C00000070,G0000064,2026-10-12 14:18:15,A,buylead_created,53.6,1
C00000071,G0000065,2026-10-12 09:12:53,B,no_requirement,75.5,1
C00000072,G0000066,2026-10-12 12:05:08,A,no_requirement,12.2,1
C00000073,G0000067,2026-10-12 12:59:17,B,buylead_created,1.1,1
C00000074,G0000068,2026-10-12 19:12:25,A,buylead_created,103.7,1
C00000075,G0000069,2026-10-12 12:27:42,A,no_requirement,35.0,1
C00000076,G0000070,2026-10-12 09:45:04,A,no_requirement,109.7,1
C00000077,G0000071,2026-10-12 17:09:57,B,requirement_unconfirmed,106.9,1
C00000078,G0000071,2026-10-13 14:09:57,B,other,166.2,1
C00000079,G0000072,2026-10-12 19:13:26,B,no_requirement,157.9,1
C00000080,G0000073,2026-10-12 18:34:49,A,buylead_created,100.8,1
C00000081,G0000074,2026-10-12 08:44:18,A,buylead_created,128.4,1
C00000082,G0000075,2026-10-12 14:24:02,A,other,34.0,1
C00000083,G0000076,2026-10-12 13:13:47,A,requirement_unconfirmed,24.3,1
C00000084,G0000077,2026-10-12 16:32:22,A,buylead_created,55.0,1
C00000085,G0000078,2026-10-12 11:27:33,A,buylead_created,49.9,1
C00000086,G0000079,2026-10-12 09:38:03,A,particular_seller_only,60.6,1
C00000087,G0000080,2026-10-12 15:03:07,B,particular_seller_only,6.0,1
C00000088,G0000080,2026-10-13 18:03:07,B,other,81.2,1
C00000089,G0000081,2026-10-12 19:06:41,B,particular_seller_only,49.9,1
C00000090,G0000082,2026-10-12 15:57:43,B,buylead_created,95.5,1
C00000091,G0000083,2026-10-12 12:47:27,A,particular_seller_only,32.4,1
C00000092,G0000084,2026-10-12 08:32:50,A,particular_seller_only,121.5,1
C00000093,G0000085,2026-10-12 12:32:42,B,buylead_created,7.2,1
C00000094,G0000085,2026-10-13 08:32:42,B,other,0.9,1
C00000095,G0000086,2026-10-12 14:39:15,A,buylead_created,79.3,1
C00000096,G0000087,2026-10-12 09:01:33,A,requirement_unconfirmed,62.7,1
C00000097,G0000088,2026-10-12 19:35:28,A,no_requirement,41.5,1
C00000098,G0000089,2026-10-12 13:03:23,A,requirement_unconfirmed,31.6,1
C00000099,G0000090,2026-10-12 15:08:37,A,particular_seller_only,56.1,1
C00000100,G0000091,2026-10-12 17:51:55,A,no_requirement,14.0,1
C00000101,G0000091,2026-10-13 19:51:55,A,other,114.0,1
C00000102,G0000092,2026-10-12 12:35:39,B,buylead_created,58.8,1
C00000103,G0000093,2026-10-12 09:11:25,B,no_requirement,71.2,1
C00000104,G0000093,2026-10-12 17:11:25,B,other,13.8,1
C00000105,G0000094,2026-10-12 12:13:36,B,other,39.0,1
C00000106,G0000095,2026-10-12 10:17:53,B,requirement_unconfirmed,25.7,1
C00000107,G0000096,2026-10-12 11:04:58,B,particular_seller_only,61.0,1
C00000108,G0000097,2026-10-12 16:46:59,B,buylead_created,88.6,1
C00000109,G0000097,2026-10-12 21:46:59,B,other,35.3,1
C00000110,G0000098,2026-10-12 10:31:41,A,no_requirement,78.9,1
C00000111,G0000099,2026-10-12 10:49:13,A,no_requirement,77.5,1
C00000112,G0000100,2026-10-12 12:47:29,A,buylead_created,86.9,1
C00000113,G0000101,2026-10-12 14:17:05,B,buylead_created,2.9,1
C00000114,G0000102,2026-10-12 17:30:53,A,particular_seller_only,1.3,1
C00000115,G0000103,2026-10-12 17:07:45,B,no_requirement,210.6,1
C00000116,G0000104,2026-10-12 17:50:19,B,buylead_created,26.8,1
C00000117,G0000105,2026-10-12 15:51:53,A,no_connect,99.6,0
C00000118,G0000105,2026-10-12 20:51:53,A,other,74.7,1
C00000119,G0000106,2026-10-12 16:21:51,A,other,79.8,1
C00000120,G0000107,2026-10-12 12:10:37,A,buylead_created,108.9,1
C00000121,G0000108,2026-10-12 11:52:49,A,buylead_created,89.3,1
C00000122,G0000109,2026-10-12 15:43:48,A,requirement_unconfirmed,24.3,1
C00000123,G0000110,2026-10-12 19:30:31,B,buylead_created,64.9,1
C00000124,G0000111,2026-10-12 11:02:03,A,buylead_created,153.4,1
C00000125,G0000111,2026-10-12 18:02:03,A,other,22.3,1
C00000126,G0000112,2026-10-12 12:32:52,B,particular_seller_only,148.4,1
C00000127,G0000113,2026-10-12 19:18:51,B,buylead_created,39.9,1
C00000128,G0000113,2026-10-13 20:18:51,B,other,345.4,1
C00000129,G0000114,2026-10-12 09:01:28,A,other,91.3,1
C00000130,G0000115,2026-10-12 08:58:59,A,buylead_created,56.0,1
C00000131,G0000116,2026-10-12 08:57:00,A,buylead_created,88.6,1
C00000132,G0000117,2026-10-12 17:11:03,A,buylead_created,100.2,1
C00000133,G0000118,2026-10-12 12:54:19,A,no_connect,79.8,0
C00000134,G0000119,2026-10-12 12:12:47,A,requirement_unconfirmed,61.1,1
C00000135,G0000120,2026-10-12 15:16:08,A,requirement_unconfirmed,14.8,1
C00000136,G0000121,2026-10-12 11:28:59,A,buylead_created,74.7,1
C00000137,G0000122,2026-10-12 09:02:57,B,buylead_created,235.1,1
C00000138,G0000123,2026-10-12 13:02:24,A,requirement_unconfirmed,105.6,1
C00000139,G0000124,2026-10-12 18:20:18,A,buylead_created,50.0,1
C00000140,G0000125,2026-10-12 08:25:20,A,requirement_unconfirmed,87.5,1
C00000141,G0000126,2026-10-12 19:56:53,A,particular_seller_only,148.2,1
C00000142,G0000127,2026-10-12 17:36:44,A,buylead_created,54.3,1
C00000143,G0000128,2026-10-12 15:19:49,A,no_requirement,21.4,1
C00000144,G0000129,2026-10-12 13:16:36,A,buylead_created,6.2,1
C00000145,G0000130,2026-10-12 19:14:16,A,no_requirement,183.9,1
C00000146,G0000131,2026-10-12 13:08:04,A,other,84.7,1
C00000147,G0000132,2026-10-12 08:00:14,A,buylead_created,163.2,1
C00000148,G0000133,2026-10-12 08:39:51,A,no_requirement,5.2,1
C00000149,G0000134,2026-10-12 16:15:13,A,buylead_created,70.8,1
C00000150,G0000135,2026-10-12 09:00:08,A,other,172.5,1
C00000151,G0000136,2026-10-12 17:28:52,A,requirement_unconfirmed,198.4,1
C00000152,G0000136,2026-10-13 18:28:52,A,other,176.8,1
C00000153,G0000137,2026-10-12 10:44:07,A,buylead_created,96.9,1
C00000154,G0000138,2026-10-12 18:26:41,B,buylead_created,82.1,1
C00000155,G0000139,2026-10-12 15:19:05,B,buylead_created,39.9,1
C00000156,G0000139,2026-10-13 02:19:05,B,other,53.6,1
C00000157,G0000140,2026-10-12 09:45:15,A,other,109.4,1
C00000158,G0000141,2026-10-12 09:56:36,A,no_requirement,86.4,1
C00000159,G0000142,2026-10-12 16:40:38,A,requirement_unconfirmed,33.3,1
C00000160,G0000142,2026-10-13 16:40:38,A,other,61.1,1
C00000161,G0000143,2026-10-12 18:52:12,A,no_requirement,52.7,1
C00000162,G0000144,2026-10-12 15:53:30,B,particular_seller_only,4.1,1
C00000163,G0000144,2026-10-13 00:53:30,B,other,8.8,1
C00000164,G0000145,2026-10-12 10:25:21,A,no_requirement,13.4,1
C00000165,G0000146,2026-10-12 18:33:47,A,no_requirement,72.2,1
C00000166,G0000147,2026-10-12 16:03:13,A,other,47.6,1
C00000167,G0000148,2026-10-12 18:39:08,A,requirement_unconfirmed,59.5,1
C00000168,G0000149,2026-10-12 09:46:05,A,buylead_created,0.7,1
C00000169,G0000150,2026-10-13 17:05:40,A,requirement_unconfirmed,79.6,1
C00000170,G0000151,2026-10-13 10:06:02,A,buylead_created,46.4,1
C00000171,G0000152,2026-10-13 08:17:06,A,particular_seller_only,77.0,1
C00000172,G0000153,2026-10-13 12:11:17,A,buylead_created,45.6,1
C00000173,G0000154,2026-10-13 19:06:04,A,requirement_unconfirmed,10.0,1
C00000174,G0000155,2026-10-13 10:02:16,A,particular_seller_only,68.4,1
C00000175,G0000155,2026-10-14 08:02:16,A,other,14.0,1
C00000176,G0000156,2026-10-13 15:33:17,A,buylead_created,79.3,1
C00000177,G0000156,2026-10-14 09:33:17,A,other,67.1,1
C00000178,G0000157,2026-10-13 10:14:14,B,other,65.8,1
C00000179,G0000158,2026-10-13 11:13:19,A,no_connect,87.3,0
C00000180,G0000159,2026-10-13 11:13:36,A,no_connect,76.3,0
C00000181,G0000159,2026-10-13 16:13:36,A,other,78.9,1
C00000182,G0000160,2026-10-13 15:07:06,B,buylead_created,64.8,1
C00000183,G0000161,2026-10-13 11:03:04,A,particular_seller_only,68.0,1
C00000184,G0000162,2026-10-13 12:04:50,B,buylead_created,56.0,1
C00000185,G0000163,2026-10-13 11:39:51,A,requirement_unconfirmed,46.8,1
C00000186,G0000164,2026-10-13 12:23:23,A,buylead_created,59.5,1
C00000187,G0000165,2026-10-13 10:39:56,A,no_requirement,15.9,1
C00000188,G0000166,2026-10-13 13:01:54,A,requirement_unconfirmed,90.9,1
C00000189,G0000167,2026-10-13 19:42:36,A,buylead_created,81.9,1
C00000190,G0000168,2026-10-13 11:12:40,A,buylead_created,97.3,1
C00000191,G0000169,2026-10-13 15:21:44,B,buylead_created,49.4,1
C00000192,G0000170,2026-10-13 13:31:58,B,requirement_unconfirmed,26.8,1
C00000193,G0000171,2026-10-13 12:45:21,A,buylead_created,61.3,1
C00000194,G0000172,2026-10-13 19:30:15,A,no_requirement,62.6,1
C00000195,G0000172,2026-10-14 12:30:15,A,other,104.1,1
C00000196,G0000173,2026-10-13 16:03:12,A,requirement_unconfirmed,86.9,1
C00000197,G0000174,2026-10-13 15:32:28,B,requirement_unconfirmed,109.0,1
C00000198,G0000174,2026-10-13 21:32:28,B,other,19.2,1
C00000199,G0000175,2026-10-13 08:10:16,B,no_requirement,121.0,1
C00000200,G0000175,2026-10-13 22:10:16,B,other,0.5,1
C00000201,G0000176,2026-10-13 11:42:23,A,no_requirement,124.4,1
C00000202,G0000176,2026-10-14 15:42:23,A,other,345.4,1
C00000203,G0000177,2026-10-13 08:20:00,B,buylead_created,68.4,1
C00000204,G0000178,2026-10-13 13:12:03,A,particular_seller_only,70.6,1
C00000205,G0000179,2026-10-13 18:19:42,A,buylead_created,89.3,1
C00000206,G0000180,2026-10-13 18:26:35,A,no_requirement,140.5,1
C00000207,G0000181,2026-10-13 10:46:57,A,particular_seller_only,19.4,1
C00000208,G0000182,2026-10-13 12:05:17,A,other,160.1,1
C00000209,G0000183,2026-10-13 17:14:01,A,buylead_created,66.7,1
C00000210,G0000184,2026-10-13 17:12:09,B,buylead_created,97.5,1
C00000211,G0000185,2026-10-13 16:50:57,A,buylead_created,91.9,1
C00000212,G0000186,2026-10-13 16:15:37,A,buylead_created,54.3,1
C00000213,G0000187,2026-10-13 14:18:08,A,buylead_created,14.9,1
C00000214,G0000187,2026-10-14 10:18:08,A,other,68.6,1
C00000215,G0000188,2026-10-13 17:28:20,B,buylead_created,27.6,1
C00000216,G0000189,2026-10-13 10:25:23,A,requirement_unconfirmed,8.2,1
C00000217,G0000190,2026-10-13 16:12:07,A,buylead_created,40.2,1
C00000218,G0000191,2026-10-13 13:56:08,A,buylead_created,53.9,1
C00000219,G0000191,2026-10-14 03:56:08,A,other,139.2,1
C00000220,G0000192,2026-10-13 14:08:39,B,buylead_created,47.5,1
C00000221,G0000192,2026-10-14 14:08:39,B,other,62.5,1
C00000222,G0000193,2026-10-13 17:40:07,A,requirement_unconfirmed,129.9,1
C00000223,G0000194,2026-10-13 12:23:14,A,buylead_created,58.0,1
C00000224,G0000195,2026-10-13 15:45:33,A,requirement_unconfirmed,46.8,1
C00000225,G0000196,2026-10-13 13:18:41,A,particular_seller_only,76.6,1
C00000226,G0000197,2026-10-13 18:33:38,A,buylead_created,82.6,1
C00000227,G0000198,2026-10-13 13:37:42,A,buylead_created,60.6,1
C00000228,G0000199,2026-10-13 12:19:52,B,requirement_unconfirmed,52.7,1
C00000229,G0000200,2026-10-13 16:45:25,A,other,63.6,1
C00000230,G0000201,2026-10-13 18:29:10,A,buylead_created,91.5,1
C00000231,G0000202,2026-10-13 11:19:11,B,other,75.3,1
C00000232,G0000203,2026-10-13 12:56:13,A,buylead_created,188.6,1
C00000233,G0000204,2026-10-13 08:33:59,A,no_requirement,72.9,1
C00000234,G0000205,2026-10-13 11:30:39,A,buylead_created,44.9,1
C00000235,G0000206,2026-10-13 19:01:17,A,buylead_created,6.0,1
C00000236,G0000207,2026-10-13 09:02:31,A,no_requirement,64.8,1
C00000237,G0000208,2026-10-13 11:43:33,A,buylead_created,56.7,1
C00000238,G0000209,2026-10-13 09:22:38,B,particular_seller_only,100.2,1
C00000239,G0000210,2026-10-13 19:36:00,A,buylead_created,73.2,1
C00000240,G0000211,2026-10-13 15:38:02,B,no_requirement,72.7,1
C00000241,G0000212,2026-10-13 09:16:16,A,buylead_created,57.2,1
C00000242,G0000213,2026-10-13 14:04:25,B,other,66.9,1
C00000243,G0000214,2026-10-13 13:01:37,A,no_connect,2.4,0
C00000244,G0000215,2026-10-13 17:28:36,B,buylead_created,110.3,1
C00000245,G0000216,2026-10-13 16:55:27,A,no_requirement,100.9,1
C00000246,G0000216,2026-10-14 08:55:27,A,other,91.3,1
C00000247,G0000217,2026-10-13 18:02:18,A,particular_seller_only,52.7,1
C00000248,G0000218,2026-10-13 16:35:04,A,requirement_unconfirmed,33.3,1
C00000249,G0000219,2026-10-13 16:07:41,A,requirement_unconfirmed,62.7,1
C00000250,G0000220,2026-10-13 15:26:50,B,buylead_created,93.7,1
C00000251,G0000221,2026-10-13 11:37:07,A,no_connect,91.3,0
C00000252,G0000222,2026-10-13 19:54:43,B,requirement_unconfirmed,140.7,1
C00000253,G0000223,2026-10-13 16:10:52,A,buylead_created,75.2,1
C00000254,G0000223,2026-10-14 13:10:52,A,other,77.5,1
C00000255,G0000224,2026-10-13 19:03:44,B,no_requirement,82.9,1
C00000256,G0000225,2026-10-13 19:08:04,B,buylead_created,21.3,1
C00000257,G0000226,2026-10-13 08:40:09,B,buylead_created,88.0,1
C00000258,G0000227,2026-10-13 12:46:09,A,buylead_created,69.0,1
C00000259,G0000228,2026-10-13 14:55:21,A,buylead_created,87.3,1
C00000260,G0000229,2026-10-13 16:19:51,A,no_requirement,25.6,1
C00000261,G0000230,2026-10-13 18:53:23,A,buylead_created,46.9,1
C00000262,G0000231,2026-10-13 18:12:42,B,no_requirement,2.3,1
C00000263,G0000232,2026-10-13 14:24:55,A,buylead_created,79.8,1
C00000264,G0000233,2026-10-13 12:25:27,B,no_connect,189.9,0
C00000265,G0000234,2026-10-13 14:25:39,A,buylead_created,112.6,1
C00000266,G0000235,2026-10-13 13:59:08,A,no_requirement,60.6,1
C00000267,G0000236,2026-10-13 12:19:46,A,no_connect,83.5,0
C00000268,G0000237,2026-10-13 11:15:40,A,no_connect,62.9,0
C00000269,G0000238,2026-10-13 17:02:45,A,buylead_created,49.5,1
C00000270,G0000239,2026-10-13 17:56:08,A,no_connect,23.9,0
C00000271,G0000240,2026-10-13 18:41:35,B,buylead_created,39.0,1
C00000272,G0000241,2026-10-13 10:23:21,A,buylead_created,73.9,1
C00000273,G0000242,2026-10-13 13:24:04,A,buylead_created,82.4,1
C00000274,G0000243,2026-10-13 15:22:51,A,particular_seller_only,87.3,1
C00000275,G0000244,2026-10-13 11:10:34,A,buylead_created,77.8,1
C00000276,G0000245,2026-10-13 17:00:27,B,other,239.8,1
C00000277,G0000246,2026-10-13 12:59:29,B,buylead_created,92.4,1
C00000278,G0000247,2026-10-13 09:04:19,A,particular_seller_only,84.7,1
C00000279,G0000248,2026-10-13 11:15:32,B,no_connect,218.7,0
C00000280,G0000248,2026-10-14 16:15:32,B,other,100.4,1
C00000281,G0000249,2026-10-13 14:38:06,A,no_connect,75.9,0
C00000282,G0000250,2026-10-13 13:10:32,A,buylead_created,82.4,1
C00000283,G0000251,2026-10-13 13:03:10,A,requirement_unconfirmed,98.8,1
C00000284,G0000252,2026-10-13 19:53:22,A,requirement_unconfirmed,78.4,1
C00000285,G0000253,2026-10-13 09:29:02,A,requirement_unconfirmed,72.3,1
C00000286,G0000254,2026-10-13 13:17:50,B,particular_seller_only,91.8,1
C00000287,G0000255,2026-10-13 09:42:35,A,buylead_created,66.7,1
C00000288,G0000256,2026-10-13 09:08:28,A,buylead_created,25.5,1
C00000289,G0000257,2026-10-13 11:24:35,A,no_requirement,25.0,1
C00000290,G0000258,2026-10-13 16:31:14,A,other,64.7,1
C00000291,G0000259,2026-10-13 17:55:50,A,buylead_created,41.2,1
C00000292,G0000260,2026-10-13 11:19:11,A,requirement_unconfirmed,19.3,1
C00000293,G0000261,2026-10-13 13:22:24,A,buylead_created,54.0,1
C00000294,G0000262,2026-10-13 18:57:18,B,buylead_created,79.3,1
C00000295,G0000263,2026-10-13 15:19:58,B,buylead_created,10.4,1
C00000296,G0000264,2026-10-13 16:46:05,A,requirement_unconfirmed,4.8,1
C00000297,G0000264,2026-10-14 21:46:05,A,other,80.9,1
C00000298,G0000265,2026-10-13 17:36:47,B,requirement_unconfirmed,6.4,1
C00000299,G0000266,2026-10-13 10:41:26,A,buylead_created,56.1,1
C00000300,G0000267,2026-10-13 13:22:57,A,requirement_unconfirmed,67.0,1
C00000301,G0000267,2026-10-14 07:22:57,A,other,79.0,1
C00000302,G0000268,2026-10-13 10:31:52,A,buylead_created,87.3,1
C00000303,G0000269,2026-10-13 14:39:37,A,buylead_created,18.1,1
C00000304,G0000270,2026-10-13 18:40:57,B,requirement_unconfirmed,66.9,1
C00000305,G0000271,2026-10-13 17:14:09,A,no_connect,16.8,0
C00000306,G0000272,2026-10-13 11:57:19,A,buylead_created,62.3,1
C00000307,G0000273,2026-10-13 12:40:07,A,buylead_created,77.5,1
C00000308,G0000274,2026-10-13 14:53:08,B,buylead_created,65.1,1
C00000309,G0000274,2026-10-14 16:53:08,B,other,9.5,1
C00000310,G0000275,2026-10-13 13:12:49,B,buylead_created,94.3,1
C00000311,G0000275,2026-10-14 14:12:49,B,other,8.3,1
C00000312,G0000276,2026-10-13 15:57:58,B,no_requirement,80.2,1
C00000313,G0000277,2026-10-13 09:10:00,B,buylead_created,218.7,1
C00000314,G0000278,2026-10-13 09:20:41,B,buylead_created,52.7,1
C00000315,G0000279,2026-10-13 11:41:19,A,requirement_unconfirmed,32.1,1
C00000316,G0000280,2026-10-13 19:20:33,B,buylead_created,10.4,1
C00000317,G0000281,2026-10-13 12:48:21,A,requirement_unconfirmed,105.3,1
C00000318,G0000282,2026-10-13 09:46:49,A,requirement_unconfirmed,89.7,1
C00000319,G0000283,2026-10-13 16:33:30,A,requirement_unconfirmed,20.6,1
C00000320,G0000284,2026-10-13 11:40:33,B,buylead_created,464.0,1
C00000321,G0000285,2026-10-13 18:36:04,A,buylead_created,89.8,1
C00000322,G0000286,2026-10-13 19:10:31,A,no_connect,82.6,0
C00000323,G0000287,2026-10-13 10:49:54,A,buylead_created,17.5,1
C00000324,G0000288,2026-10-13 11:10:55,A,particular_seller_only,0.9,1
C00000325,G0000289,2026-10-13 11:53:52,B,buylead_created,190.5,1
C00000326,G0000290,2026-10-13 11:50:50,B,requirement_unconfirmed,84.4,1
C00000327,G0000291,2026-10-13 15:21:58,B,buylead_created,29.9,1
C00000328,G0000292,2026-10-13 11:48:29,B,no_requirement,75.3,1
C00000329,G0000293,2026-10-13 10:03:46,A,particular_seller_only,53.2,1
C00000330,G0000294,2026-10-13 18:16:00,A,buylead_created,198.4,1
C00000331,G0000295,2026-10-13 08:32:34,B,no_connect,6.4,0
C00000332,G0000295,2026-10-13 22:32:34,B,other,129.7,1
C00000333,G0000296,2026-10-13 11:43:12,A,buylead_created,27.1,1
C00000334,G0000297,2026-10-13 18:44:03,A,particular_seller_only,83.4,1
C00000335,G0000297,2026-10-14 09:44:03,A,other,158.3,1
C00000336,G0000298,2026-10-13 18:46:57,A,no_requirement,62.7,1
C00000337,G0000299,2026-10-13 17:57:05,A,requirement_unconfirmed,50.6,1
C00000338,G0000299,2026-10-14 18:57:05,A,other,5.6,1
C00000339,G0000300,2026-10-14 16:08:23,A,buylead_created,156.2,1
C00000340,G0000301,2026-10-14 15:58:12,A,requirement_unconfirmed,3.0,1
C00000341,G0000302,2026-10-14 14:29:53,B,buylead_created,168.0,1
C00000342,G0000303,2026-10-14 13:57:08,B,no_requirement,69.0,1
C00000343,G0000304,2026-10-14 16:08:14,B,particular_seller_only,177.9,1
C00000344,G0000305,2026-10-14 15:03:25,A,requirement_unconfirmed,79.5,1
C00000345,G0000306,2026-10-14 14:20:44,A,buylead_created,35.9,1
C00000346,G0000307,2026-10-14 17:27:54,A,buylead_created,10.0,1
C00000347,G0000308,2026-10-14 10:57:34,A,requirement_unconfirmed,10.2,1
C00000348,G0000309,2026-10-14 13:57:32,B,requirement_unconfirmed,1.6,1
C00000349,G0000310,2026-10-14 14:31:39,A,no_connect,140.0,0
C00000350,G0000311,2026-10-14 10:25:36,B,requirement_unconfirmed,44.7,1
C00000351,G0000311,2026-10-15 02:25:36,B,other,85.0,1
C00000352,G0000312,2026-10-14 19:38:50,A,buylead_created,18.6,1
C00000353,G0000313,2026-10-14 15:19:24,A,particular_seller_only,56.6,1
C00000354,G0000314,2026-10-14 08:50:13,A,other,7.3,1
C00000355,G0000315,2026-10-14 19:35:34,A,buylead_created,67.5,1
C00000356,G0000316,2026-10-14 18:29:29,A,no_connect,192.1,0
C00000357,G0000317,2026-10-14 09:08:25,B,buylead_created,90.4,1
C00000358,G0000317,2026-10-14 14:08:25,B,other,12.6,1
C00000359,G0000318,2026-10-14 17:07:44,A,no_requirement,131.6,1
C00000360,G0000319,2026-10-14 16:56:52,A,buylead_created,95.3,1
C00000361,G0000320,2026-10-14 12:13:14,B,requirement_unconfirmed,60.3,1
C00000362,G0000321,2026-10-14 14:20:02,B,requirement_unconfirmed,39.8,1
C00000363,G0000322,2026-10-14 12:57:24,A,no_connect,93.4,0
C00000364,G0000323,2026-10-14 09:27:49,B,buylead_created,21.0,1
C00000365,G0000324,2026-10-14 18:27:21,A,buylead_created,164.6,1
C00000366,G0000325,2026-10-14 08:37:31,B,buylead_created,11.4,1
C00000367,G0000326,2026-10-14 15:20:35,B,buylead_created,141.8,1
C00000368,G0000326,2026-10-15 16:20:35,B,other,77.8,1
C00000369,G0000327,2026-10-14 16:11:52,B,requirement_unconfirmed,28.9,1
C00000370,G0000328,2026-10-14 09:49:36,A,buylead_created,134.9,1
C00000371,G0000329,2026-10-14 08:52:43,A,requirement_unconfirmed,199.4,1
C00000372,G0000329,2026-10-14 13:52:43,A,other,118.2,1
C00000373,G0000330,2026-10-14 08:09:44,A,no_connect,14.0,0
C00000374,G0000331,2026-10-14 17:20:32,A,requirement_unconfirmed,24.8,1
C00000375,G0000332,2026-10-14 08:42:48,A,no_requirement,99.9,1
C00000376,G0000333,2026-10-14 11:20:27,B,buylead_created,226.3,1
C00000377,G0000334,2026-10-14 13:38:22,A,requirement_unconfirmed,59.3,1
C00000378,G0000335,2026-10-14 17:10:16,A,other,1.7,1
C00000379,G0000336,2026-10-14 10:43:19,B,buylead_created,235.1,1
C00000380,G0000337,2026-10-14 12:44:46,A,buylead_created,2.4,1
C00000381,G0000338,2026-10-14 19:58:07,B,particular_seller_only,75.1,1
C00000382,G0000339,2026-10-14 14:23:54,B,buylead_created,49.0,1
C00000383,G0000340,2026-10-14 19:22:42,A,buylead_created,26.2,1
C00000384,G0000341,2026-10-14 16:45:18,A,buylead_created,1.4,1
C00000385,G0000342,2026-10-14 16:11:18,A,no_requirement,195.9,1
C00000386,G0000343,2026-10-14 09:36:20,A,buylead_created,67.1,1
C00000387,G0000344,2026-10-14 08:45:00,A,buylead_created,84.0,1
C00000388,G0000345,2026-10-14 13:42:24,A,buylead_created,63.6,1
C00000389,G0000346,2026-10-14 08:35:26,A,no_requirement,111.9,1
C00000390,G0000347,2026-10-14 10:58:58,A,particular_seller_only,13.6,1
C00000391,G0000348,2026-10-14 15:58:10,A,no_connect,73.9,0
C00000392,G0000349,2026-10-14 11:19:50,B,buylead_created,49.4,1
C00000393,G0000350,2026-10-14 16:05:57,B,buylead_created,1.1,1
C00000394,G0000351,2026-10-14 16:28:27,A,no_requirement,52.4,1
C00000395,G0000352,2026-10-14 15:42:37,A,no_requirement,148.2,1
C00000396,G0000353,2026-10-14 18:48:00,A,no_requirement,18.6,1
C00000397,G0000354,2026-10-14 18:35:48,A,particular_seller_only,116.7,1
C00000398,G0000355,2026-10-14 15:49:00,B,no_connect,63.2,0
C00000399,G0000355,2026-10-15 10:49:00,B,other,66.5,1
C00000400,G0000356,2026-10-14 14:01:19,A,no_connect,55.2,0
C00000401,G0000357,2026-10-14 13:31:20,B,buylead_created,114.4,1
C00000402,G0000357,2026-10-14 21:31:20,B,other,68.0,1
C00000403,G0000358,2026-10-14 18:20:06,A,other,89.3,1
C00000404,G0000359,2026-10-14 17:10:46,B,buylead_created,74.9,1
C00000405,G0000360,2026-10-14 18:45:08,B,no_connect,89.7,0
C00000406,G0000360,2026-10-15 22:45:08,B,other,0.5,1
C00000407,G0000361,2026-10-14 19:49:22,B,buylead_created,113.8,1
C00000408,G0000362,2026-10-14 10:57:43,A,particular_seller_only,62.4,1
C00000409,G0000362,2026-10-15 13:57:43,A,other,85.5,1
C00000410,G0000363,2026-10-14 15:21:53,A,particular_seller_only,27.3,1
C00000411,G0000364,2026-10-14 08:30:01,B,particular_seller_only,84.0,1
C00000412,G0000365,2026-10-14 09:29:32,B,buylead_created,50.5,1
C00000413,G0000366,2026-10-14 11:36:32,B,no_connect,67.9,0
C00000414,G0000367,2026-10-14 19:51:19,A,buylead_created,57.7,1
C00000415,G0000368,2026-10-14 17:51:08,A,no_connect,68.6,0
C00000416,G0000369,2026-10-14 08:19:01,A,buylead_created,97.3,1
C00000417,G0000369,2026-10-15 03:19:01,A,other,0.6,1
C00000418,G0000370,2026-10-14 16:06:06,B,requirement_unconfirmed,161.0,1
C00000419,G0000371,2026-10-14 18:31:39,B,buylead_created,5.2,1
C00000420,G0000371,2026-10-15 10:31:39,B,other,1.1,1
C00000421,G0000372,2026-10-14 17:50:50,A,particular_seller_only,176.4,1
C00000422,G0000373,2026-10-14 18:09:19,B,buylead_created,2.9,1
C00000423,G0000374,2026-10-14 19:28:45,A,requirement_unconfirmed,36.6,1
C00000424,G0000375,2026-10-14 16:35:51,A,buylead_created,82.7,1
C00000425,G0000376,2026-10-14 19:27:18,A,buylead_created,82.6,1
C00000426,G0000377,2026-10-14 19:34:50,A,particular_seller_only,8.1,1
C00000427,G0000378,2026-10-14 12:19:35,B,buylead_created,157.9,1
C00000428,G0000379,2026-10-14 14:43:36,B,particular_seller_only,64.9,1
C00000429,G0000380,2026-10-14 09:00:02,A,buylead_created,164.6,1
C00000430,G0000380,2026-10-14 20:00:02,A,other,63.9,1
C00000431,G0000381,2026-10-14 09:31:06,B,no_requirement,80.0,1
C00000432,G0000382,2026-10-14 11:39:27,A,buylead_created,70.7,1
C00000433,G0000383,2026-10-14 12:32:00,B,no_requirement,16.6,1
C00000434,G0000384,2026-10-14 14:13:48,A,no_requirement,80.2,1
C00000435,G0000385,2026-10-14 16:28:36,A,buylead_created,3.2,1
C00000436,G0000386,2026-10-14 12:47:23,A,no_requirement,171.9,1
C00000437,G0000387,2026-10-14 11:29:32,A,other,10.0,1
C00000438,G0000388,2026-10-14 08:37:36,B,requirement_unconfirmed,148.4,1
C00000439,G0000389,2026-10-14 12:06:56,B,buylead_created,30.7,1
C00000440,G0000390,2026-10-14 09:58:50,B,particular_seller_only,135.2,1
C00000441,G0000391,2026-10-14 08:51:04,A,no_requirement,77.8,1
C00000442,G0000391,2026-10-15 08:51:04,A,other,17.7,1
C00000443,G0000392,2026-10-14 15:18:37,A,buylead_created,46.5,1
C00000444,G0000392,2026-10-14 23:18:37,A,other,67.4,1
C00000445,G0000393,2026-10-14 14:20:27,A,buylead_created,38.0,1
C00000446,G0000394,2026-10-14 18:52:04,B,no_requirement,8.7,1
C00000447,G0000395,2026-10-14 15:39:06,A,requirement_unconfirmed,0.5,1
C00000448,G0000396,2026-10-14 08:58:59,B,buylead_created,116.6,1
C00000449,G0000396,2026-10-15 00:58:59,B,other,0.9,1
C00000450,G0000397,2026-10-14 14:58:47,A,no_requirement,62.6,1
C00000451,G0000398,2026-10-14 10:34:57,A,buylead_created,11.8,1
C00000452,G0000399,2026-10-14 13:56:18,B,particular_seller_only,25.7,1
C00000453,G0000400,2026-10-14 12:43:27,A,buylead_created,64.4,1
C00000454,G0000400,2026-10-15 01:43:27,A,other,61.0,1
C00000455,G0000401,2026-10-14 08:28:28,A,other,17.6,1
C00000456,G0000401,2026-10-14 15:28:28,A,other,92.2,1
C00000457,G0000402,2026-10-14 14:05:54,A,buylead_created,8.8,1
C00000458,G0000403,2026-10-14 19:54:43,A,no_requirement,4.8,1
C00000459,G0000404,2026-10-14 09:31:44,A,buylead_created,49.9,1
C00000460,G0000405,2026-10-14 19:39:28,A,buylead_created,79.3,1
C00000461,G0000405,2026-10-14 23:39:28,A,other,8.4,1
C00000462,G0000406,2026-10-14 11:43:46,A,buylead_created,62.2,1
C00000463,G0000406,2026-10-15 05:43:46,A,other,199.8,1
C00000464,G0000407,2026-10-14 19:09:04,A,buylead_created,62.2,1
C00000465,G0000408,2026-10-14 14:10:30,A,buylead_created,72.3,1
C00000466,G0000409,2026-10-14 16:28:42,A,requirement_unconfirmed,3.1,1
C00000467,G0000410,2026-10-14 18:06:47,A,no_requirement,19.3,1
C00000468,G0000411,2026-10-14 17:39:21,A,other,4.8,1
C00000469,G0000412,2026-10-14 08:53:18,B,no_requirement,65.1,1
C00000470,G0000413,2026-10-14 12:17:41,B,particular_seller_only,29.1,1
C00000471,G0000414,2026-10-14 11:53:24,B,buylead_created,72.3,1
C00000472,G0000415,2026-10-14 14:47:54,A,buylead_created,0.6,1
C00000473,G0000416,2026-10-14 18:16:49,A,no_requirement,114.2,1
C00000474,G0000417,2026-10-14 13:46:32,A,buylead_created,122.3,1
C00000475,G0000418,2026-10-14 18:21:53,B,requirement_unconfirmed,414.5,1
C00000476,G0000419,2026-10-14 12:27:39,A,requirement_unconfirmed,32.7,1
C00000477,G0000420,2026-10-14 08:57:29,A,no_connect,54.7,0
C00000478,G0000420,2026-10-15 00:57:29,A,other,27.1,1
C00000479,G0000421,2026-10-14 08:40:04,A,buylead_created,144.4,1
C00000480,G0000422,2026-10-14 10:10:46,A,buylead_created,109.4,1
C00000481,G0000423,2026-10-14 13:52:39,A,requirement_unconfirmed,4.9,1
C00000482,G0000424,2026-10-14 17:11:55,B,buylead_created,133.6,1
C00000483,G0000425,2026-10-14 09:24:24,A,particular_seller_only,100.8,1
C00000484,G0000426,2026-10-14 10:45:30,A,buylead_created,5.3,1
C00000485,G0000427,2026-10-14 19:05:36,A,requirement_unconfirmed,58.8,1
C00000486,G0000428,2026-10-14 19:34:33,A,buylead_created,80.2,1
C00000487,G0000429,2026-10-14 13:56:59,A,requirement_unconfirmed,9.5,1
C00000488,G0000429,2026-10-15 00:56:59,A,other,54.7,1
C00000489,G0000430,2026-10-14 15:46:45,A,buylead_created,73.4,1
C00000490,G0000431,2026-10-14 14:56:10,A,buylead_created,91.5,1
C00000491,G0000432,2026-10-14 16:14:50,A,buylead_created,77.0,1
C00000492,G0000433,2026-10-14 14:29:12,A,buylead_created,46.9,1
C00000493,G0000434,2026-10-14 09:10:04,B,buylead_created,56.3,1
C00000494,G0000434,2026-10-15 00:10:04,B,other,129.9,1
C00000495,G0000435,2026-10-14 09:13:03,B,buylead_created,111.1,1
C00000496,G0000436,2026-10-14 17:13:31,A,requirement_unconfirmed,3.5,1
C00000497,G0000436,2026-10-15 07:13:31,A,other,47.8,1
C00000498,G0000437,2026-10-14 18:36:00,A,no_requirement,26.1,1
C00000499,G0000438,2026-10-14 14:13:02,A,no_requirement,24.1,1
C00000500,G0000439,2026-10-14 14:12:46,A,requirement_unconfirmed,96.9,1
C00000501,G0000439,2026-10-15 10:12:46,A,other,0.9,1
C00000502,G0000440,2026-10-14 19:43:24,A,buylead_created,53.6,1
C00000503,G0000441,2026-10-14 10:52:34,B,buylead_created,49.7,1
C00000504,G0000442,2026-10-14 09:52:35,A,no_requirement,56.7,1
C00000505,G0000443,2026-10-14 13:33:53,A,buylead_created,106.6,1
C00000506,G0000444,2026-10-14 14:10:39,A,no_connect,184.4,0
C00000507,G0000445,2026-10-14 18:55:37,B,buylead_created,0.6,1
C00000508,G0000446,2026-10-14 15:52:08,A,no_connect,121.5,0
C00000509,G0000447,2026-10-14 09:09:30,A,requirement_unconfirmed,17.5,1
C00000510,G0000448,2026-10-14 15:04:36,A,no_connect,29.4,0
C00000511,G0000449,2026-10-14 12:25:01,A,buylead_created,4.2,1
C00000512,G0000449,2026-10-14 23:25:01,A,other,85.5,1
C00000513,G0000450,2026-10-15 15:50:14,B,no_requirement,7.4,1
C00000514,G0000450,2026-10-16 00:50:14,B,other,1.3,1
C00000515,G0000451,2026-10-15 18:33:15,A,particular_seller_only,44.1,1
C00000516,G0000452,2026-10-15 11:53:09,B,buylead_created,89.6,1
C00000517,G0000453,2026-10-15 09:14:15,A,buylead_created,18.6,1
C00000518,G0000454,2026-10-15 19:30:34,B,buylead_created,88.7,1
C00000519,G0000455,2026-10-15 19:00:48,A,buylead_created,41.5,1
C00000520,G0000456,2026-10-15 10:09:41,B,no_requirement,94.5,1
C00000521,G0000456,2026-10-15 14:09:41,B,other,89.1,1
C00000522,G0000457,2026-10-15 14:50:43,A,buylead_created,106.6,1
C00000523,G0000458,2026-10-15 17:22:03,B,buylead_created,93.0,1
C00000524,G0000459,2026-10-15 12:45:49,A,requirement_unconfirmed,43.9,1
C00000525,G0000460,2026-10-15 10:15:27,A,buylead_created,0.6,1
C00000526,G0000461,2026-10-15 13:22:03,A,no_requirement,164.8,1
C00000527,G0000461,2026-10-15 22:22:03,A,other,25.6,1
C00000528,G0000462,2026-10-15 14:17:56,A,buylead_created,109.4,1
C00000529,G0000463,2026-10-15 10:00:43,A,requirement_unconfirmed,231.0,1
C00000530,G0000464,2026-10-15 15:19:29,A,buylead_created,137.3,1
C00000531,G0000465,2026-10-15 08:07:25,A,buylead_created,81.5,1
C00000532,G0000466,2026-10-15 08:57:42,B,buylead_created,139.4,1
C00000533,G0000466,2026-10-16 10:57:42,B,other,80.2,1
C00000534,G0000467,2026-10-15 17:40:36,B,requirement_unconfirmed,23.3,1
C00000535,G0000468,2026-10-15 15:09:15,A,requirement_unconfirmed,68.3,1
C00000536,G0000469,2026-10-15 14:18:38,A,no_requirement,73.9,1
C00000537,G0000469,2026-10-15 17:18:38,A,other,92.6,1
C00000538,G0000470,2026-10-15 14:49:54,A,no_connect,169.9,0
C00000539,G0000471,2026-10-15 19:58:59,A,buylead_created,117.2,1
C00000540,G0000472,2026-10-15 13:10:04,A,requirement_unconfirmed,111.3,1
C00000541,G0000473,2026-10-15 19:05:22,A,particular_seller_only,39.6,1
C00000542,G0000474,2026-10-15 15:20:27,A,particular_seller_only,55.7,1
C00000543,G0000475,2026-10-15 19:58:00,A,buylead_created,140.5,1
C00000544,G0000475,2026-10-15 21:58:00,A,other,108.4,1
C00000545,G0000476,2026-10-15 11:03:58,A,no_requirement,78.6,1
C00000546,G0000477,2026-10-15 18:37:37,A,buylead_created,41.4,1
C00000547,G0000478,2026-10-15 09:58:44,B,buylead_created,109.1,1
C00000548,G0000479,2026-10-15 18:36:36,B,buylead_created,132.0,1
C00000549,G0000480,2026-10-15 09:41:42,A,requirement_unconfirmed,15.5,1
C00000550,G0000481,2026-10-15 08:41:27,A,buylead_created,48.0,1
C00000551,G0000482,2026-10-15 10:53:08,B,buylead_created,9.8,1
C00000552,G0000483,2026-10-15 15:43:38,B,buylead_created,133.4,1
C00000553,G0000484,2026-10-15 11:14:06,A,no_requirement,109.4,1
C00000554,G0000485,2026-10-15 19:25:12,A,buylead_created,68.3,1
C00000555,G0000486,2026-10-15 19:11:00,B,no_connect,57.4,0
C00000556,G0000487,2026-10-15 08:49:02,B,buylead_created,157.9,1
C00000557,G0000488,2026-10-15 17:59:04,A,buylead_created,129.7,1
C00000558,G0000489,2026-10-15 13:57:36,B,no_requirement,77.6,1
C00000559,G0000490,2026-10-15 10:49:01,A,no_requirement,3.0,1
C00000560,G0000491,2026-10-15 18:03:49,A,no_connect,78.8,0
C00000561,G0000492,2026-10-15 08:40:51,A,no_requirement,46.9,1
C00000562,G0000493,2026-10-15 15:30:03,A,buylead_created,85.5,1
C00000563,G0000494,2026-10-15 11:55:16,A,buylead_created,91.3,1
C00000564,G0000495,2026-10-15 11:33:45,A,buylead_created,60.6,1
C00000565,G0000496,2026-10-15 14:47:54,B,no_connect,91.8,0
C00000566,G0000496,2026-10-15 18:47:54,B,other,97.3,1
C00000567,G0000497,2026-10-15 15:43:49,A,buylead_created,87.5,1
C00000568,G0000498,2026-10-15 10:22:34,B,requirement_unconfirmed,104.8,1
C00000569,G0000499,2026-10-15 08:34:43,A,particular_seller_only,47.5,1
C00000570,G0000500,2026-10-15 10:45:41,A,buylead_created,56.6,1
C00000571,G0000501,2026-10-15 11:55:40,B,particular_seller_only,94.3,1
C00000572,G0000502,2026-10-15 17:17:56,A,no_requirement,176.8,1
C00000573,G0000502,2026-10-16 15:17:56,A,other,124.4,1
C00000574,G0000503,2026-10-15 12:48:25,B,no_connect,34.3,0
C00000575,G0000504,2026-10-15 13:39:27,A,requirement_unconfirmed,73.2,1
C00000576,G0000505,2026-10-15 14:31:31,B,buylead_created,120.4,1
C00000577,G0000506,2026-10-15 13:43:27,B,buylead_created,75.0,1
C00000578,G0000507,2026-10-15 10:22:39,A,buylead_created,160.1,1
C00000579,G0000508,2026-10-15 16:30:18,A,buylead_created,119.0,1
C00000580,G0000509,2026-10-15 13:57:41,A,buylead_created,232.6,1
C00000581,G0000510,2026-10-15 14:37:37,A,no_requirement,147.5,1
C00000582,G0000511,2026-10-15 16:01:01,A,no_requirement,119.4,1
C00000583,G0000512,2026-10-15 18:55:38,A,buylead_created,227.4,1
C00000584,G0000513,2026-10-15 19:07:59,B,buylead_created,9.2,1
C00000585,G0000514,2026-10-15 14:11:30,A,buylead_created,10.5,1
C00000586,G0000515,2026-10-15 13:53:04,A,no_requirement,111.3,1
C00000587,G0000515,2026-10-16 03:53:04,A,other,70.1,1
C00000588,G0000516,2026-10-15 19:29:20,A,no_requirement,50.6,1
C00000589,G0000516,2026-10-16 05:29:20,A,other,85.5,1
C00000590,G0000517,2026-10-15 11:01:15,B,buylead_created,6.4,1
C00000591,G0000518,2026-10-15 19:48:13,A,requirement_unconfirmed,1.7,1
C00000592,G0000519,2026-10-15 18:49:21,A,buylead_created,5.3,1
C00000593,G0000520,2026-10-15 18:21:14,A,no_requirement,61.1,1
C00000594,G0000521,2026-10-15 08:46:33,A,no_requirement,26.1,1
C00000595,G0000522,2026-10-15 11:50:09,A,particular_seller_only,176.4,1
C00000596,G0000522,2026-10-16 07:50:09,A,other,1.7,1
C00000597,G0000523,2026-10-15 16:46:37,A,no_requirement,65.1,1
C00000598,G0000524,2026-10-15 18:50:41,A,requirement_unconfirmed,1.1,1
C00000599,G0000525,2026-10-15 16:30:12,B,buylead_created,78.0,1
C00000600,G0000526,2026-10-15 19:19:39,A,requirement_unconfirmed,0.9,1
C00000601,G0000527,2026-10-15 10:52:41,A,requirement_unconfirmed,175.5,1
C00000602,G0000528,2026-10-15 19:18:06,A,requirement_unconfirmed,41.5,1
C00000603,G0000529,2026-10-15 19:54:08,A,other,147.5,1
C00000604,G0000530,2026-10-15 18:32:02,B,requirement_unconfirmed,168.8,1
C00000605,G0000531,2026-10-15 15:11:46,A,particular_seller_only,108.9,1
C00000606,G0000532,2026-10-15 19:47:48,B,other,126.7,1
C00000607,G0000533,2026-10-15 18:13:42,B,buylead_created,84.8,1
C00000608,G0000534,2026-10-15 19:20:11,A,buylead_created,49.5,1
C00000609,G0000535,2026-10-15 16:03:17,B,buylead_created,161.4,1
C00000610,G0000536,2026-10-15 08:53:14,A,buylead_created,69.0,1
C00000611,G0000537,2026-10-15 16:12:40,B,no_requirement,25.7,1
C00000612,G0000538,2026-10-15 08:56:31,A,requirement_unconfirmed,81.5,1
C00000613,G0000539,2026-10-15 11:05:10,A,no_requirement,134.9,1
C00000614,G0000539,2026-10-16 12:05:10,A,other,4.2,1
C00000615,G0000540,2026-10-15 16:01:47,B,buylead_created,135.1,1
C00000616,G0000541,2026-10-15 08:14:28,A,no_connect,116.7,0
C00000617,G0000542,2026-10-15 14:58:14,A,buylead_created,3.1,1
C00000618,G0000543,2026-10-15 08:14:40,A,no_connect,57.4,0
C00000619,G0000544,2026-10-15 09:00:15,A,buylead_created,100.2,1
C00000620,G0000545,2026-10-15 10:29:41,B,buylead_created,79.3,1
C00000621,G0000546,2026-10-15 13:54:52,A,buylead_created,3.2,1
C00000622,G0000547,2026-10-15 15:13:10,B,buylead_created,60.9,1
C00000623,G0000548,2026-10-15 14:25:16,A,no_requirement,30.8,1
C00000624,G0000549,2026-10-15 09:42:21,A,buylead_created,53.9,1
C00000625,G0000550,2026-10-15 08:57:53,A,requirement_unconfirmed,114.4,1
C00000626,G0000550,2026-10-16 12:57:53,A,other,1.3,1
C00000627,G0000551,2026-10-15 11:36:37,A,buylead_created,32.5,1
C00000628,G0000551,2026-10-16 00:36:37,A,other,232.6,1
C00000629,G0000552,2026-10-15 09:29:23,B,particular_seller_only,130.8,1
C00000630,G0000553,2026-10-15 16:06:27,B,other,92.9,1
C00000631,G0000554,2026-10-15 08:55:12,B,buylead_created,21.5,1
C00000632,G0000555,2026-10-15 12:24:17,A,buylead_created,158.0,1
C00000633,G0000556,2026-10-15 10:21:29,A,other,68.4,1
C00000634,G0000557,2026-10-15 17:37:29,A,buylead_created,14.5,1
C00000635,G0000558,2026-10-15 11:47:45,A,buylead_created,188.4,1
C00000636,G0000559,2026-10-15 19:48:55,A,particular_seller_only,82.2,1
C00000637,G0000560,2026-10-15 14:29:27,B,no_requirement,16.8,1
C00000638,G0000561,2026-10-15 14:07:53,A,buylead_created,156.6,1
C00000639,G0000562,2026-10-15 18:22:46,B,requirement_unconfirmed,109.5,1
C00000640,G0000563,2026-10-15 18:41:05,A,buylead_created,110.7,1
C00000641,G0000564,2026-10-15 08:37:48,A,particular_seller_only,83.5,1
C00000642,G0000565,2026-10-15 11:31:03,A,buylead_created,65.2,1
C00000643,G0000566,2026-10-15 13:18:24,A,particular_seller_only,34.3,1
C00000644,G0000567,2026-10-15 19:37:23,B,requirement_unconfirmed,51.5,1
C00000645,G0000568,2026-10-15 19:32:55,A,buylead_created,3.1,1
C00000646,G0000569,2026-10-15 14:17:47,A,no_requirement,14.5,1
C00000647,G0000570,2026-10-15 08:47:09,B,no_requirement,93.0,1
C00000648,G0000571,2026-10-15 12:14:09,B,other,2.0,1
C00000649,G0000572,2026-10-15 10:25:49,A,particular_seller_only,195.9,1
C00000650,G0000573,2026-10-15 11:53:44,A,other,53.8,1
C00000651,G0000574,2026-10-15 10:23:00,A,buylead_created,4.9,1
C00000652,G0000575,2026-10-15 19:51:17,A,requirement_unconfirmed,59.3,1
C00000653,G0000576,2026-10-15 16:53:19,A,no_connect,29.7,0
C00000654,G0000577,2026-10-15 16:54:06,A,buylead_created,51.9,1
C00000655,G0000577,2026-10-15 18:54:06,A,other,10.9,1
C00000656,G0000578,2026-10-15 19:48:04,B,buylead_created,273.4,1
C00000657,G0000579,2026-10-15 14:00:39,B,buylead_created,111.1,1
C00000658,G0000580,2026-10-15 18:09:44,B,no_requirement,91.9,1
C00000659,G0000581,2026-10-15 17:34:49,A,buylead_created,55.6,1
C00000660,G0000582,2026-10-15 08:06:16,A,buylead_created,33.0,1
C00000661,G0000583,2026-10-15 12:09:03,B,buylead_created,7.2,1
C00000662,G0000584,2026-10-15 10:47:24,B,buylead_created,149.5,1
C00000663,G0000585,2026-10-15 13:01:49,A,buylead_created,7.5,1
C00000664,G0000586,2026-10-15 12:30:19,A,buylead_created,72.4,1
C00000665,G0000587,2026-10-15 16:31:36,B,no_requirement,104.8,1
C00000666,G0000588,2026-10-15 13:12:13,A,buylead_created,109.0,1
C00000667,G0000589,2026-10-15 11:24:45,A,requirement_unconfirmed,5.3,1
C00000668,G0000590,2026-10-15 09:54:55,A,particular_seller_only,88.1,1
C00000669,G0000591,2026-10-15 12:55:24,A,buylead_created,0.6,1
C00000670,G0000592,2026-10-15 16:43:12,B,buylead_created,99.2,1
C00000671,G0000592,2026-10-16 10:43:12,B,other,35.1,1
C00000672,G0000593,2026-10-15 17:59:11,A,no_requirement,1.2,1
C00000673,G0000593,2026-10-16 17:59:11,A,other,63.2,1
C00000674,G0000594,2026-10-15 15:25:26,A,requirement_unconfirmed,78.1,1
C00000675,G0000594,2026-10-16 12:25:26,A,other,108.4,1
C00000676,G0000595,2026-10-15 11:19:43,A,buylead_created,57.4,1
C00000677,G0000596,2026-10-15 09:55:34,A,buylead_created,62.5,1
C00000678,G0000596,2026-10-16 09:55:34,A,other,3.2,1
C00000679,G0000597,2026-10-15 08:08:28,A,buylead_created,0.3,1
C00000680,G0000597,2026-10-15 17:08:28,A,other,53.9,1
C00000681,G0000598,2026-10-15 15:43:29,A,particular_seller_only,16.7,1
C00000682,G0000599,2026-10-15 16:13:10,B,buylead_created,94.2,1
C00000683,G0000600,2026-10-16 08:00:05,A,buylead_created,4.3,1
C00000684,G0000601,2026-10-16 13:06:36,A,buylead_created,66.8,1
C00000685,G0000602,2026-10-16 17:57:01,A,requirement_unconfirmed,60.6,1
C00000686,G0000603,2026-10-16 12:37:53,B,no_requirement,151.5,1
C00000687,G0000604,2026-10-16 13:51:06,A,no_requirement,85.5,1
C00000688,G0000605,2026-10-16 12:03:40,A,buylead_created,81.5,1
C00000689,G0000606,2026-10-16 11:39:42,A,other,103.7,1
C00000690,G0000607,2026-10-16 16:42:30,A,buylead_created,92.5,1
C00000691,G0000608,2026-10-16 17:24:53,A,buylead_created,85.5,1
C00000692,G0000609,2026-10-16 09:56:42,A,requirement_unconfirmed,46.4,1
C00000693,G0000610,2026-10-16 09:27:36,A,requirement_unconfirmed,7.7,1
C00000694,G0000610,2026-10-16 23:27:36,A,other,86.4,1
C00000695,G0000611,2026-10-16 12:17:38,B,buylead_created,56.6,1
C00000696,G0000612,2026-10-16 09:43:43,A,particular_seller_only,105.4,1
C00000697,G0000613,2026-10-16 19:29:07,A,particular_seller_only,142.8,1
C00000698,G0000614,2026-10-16 12:31:08,A,buylead_created,1.7,1
C00000699,G0000615,2026-10-16 11:50:14,A,buylead_created,32.5,1
C00000700,G0000616,2026-10-16 11:51:34,B,buylead_created,63.2,1
C00000701,G0000617,2026-10-16 19:40:28,A,buylead_created,60.6,1
C00000702,G0000618,2026-10-16 17:36:01,B,no_connect,67.9,0
C00000703,G0000619,2026-10-16 11:10:10,A,no_requirement,76.6,1
C00000704,G0000620,2026-10-16 12:53:25,A,requirement_unconfirmed,79.6,1
C00000705,G0000620,2026-10-17 06:53:25,A,other,56.6,1
C00000706,G0000621,2026-10-16 18:53:57,B,buylead_created,92.5,1
C00000707,G0000622,2026-10-16 12:03:26,A,particular_seller_only,84.0,1
C00000708,G0000622,2026-10-17 09:03:26,A,other,89.1,1
C00000709,G0000623,2026-10-16 17:28:38,B,buylead_created,80.0,1
C00000710,G0000624,2026-10-16 13:23:27,A,buylead_created,51.9,1
C00000711,G0000625,2026-10-16 10:41:12,A,particular_seller_only,25.5,1
C00000712,G0000626,2026-10-16 11:02:03,A,requirement_unconfirmed,46.5,1
C00000713,G0000627,2026-10-16 12:24:03,A,no_requirement,84.0,1
C00000714,G0000628,2026-10-16 18:16:19,B,buylead_created,79.3,1
C00000715,G0000629,2026-10-16 10:38:26,A,requirement_unconfirmed,60.1,1
C00000716,G0000630,2026-10-16 13:22:55,B,buylead_created,57.4,1
C00000717,G0000631,2026-10-16 15:40:43,B,requirement_unconfirmed,82.3,1
C00000718,G0000632,2026-10-16 18:44:08,B,other,195.5,1
C00000719,G0000633,2026-10-16 08:40:19,B,requirement_unconfirmed,65.0,1
C00000720,G0000634,2026-10-16 15:57:20,A,requirement_unconfirmed,82.3,1
C00000721,G0000635,2026-10-16 11:47:24,A,other,35.8,1
C00000722,G0000636,2026-10-16 08:26:09,B,buylead_created,16.8,1
C00000723,G0000637,2026-10-16 17:46:15,A,particular_seller_only,114.4,1
C00000724,G0000638,2026-10-16 16:01:03,B,buylead_created,238.0,1
C00000725,G0000639,2026-10-16 08:50:08,A,requirement_unconfirmed,11.8,1
C00000726,G0000640,2026-10-16 13:37:17,A,other,41.4,1
C00000727,G0000641,2026-10-16 11:03:06,A,buylead_created,54.1,1
C00000728,G0000642,2026-10-16 11:44:59,A,no_requirement,231.0,1
C00000729,G0000643,2026-10-16 17:08:20,A,buylead_created,110.7,1
C00000730,G0000644,2026-10-16 09:02:41,A,particular_seller_only,88.7,1
C00000731,G0000645,2026-10-16 09:29:41,A,requirement_unconfirmed,54.7,1
C00000732,G0000645,2026-10-17 09:29:41,A,other,97.3,1
C00000733,G0000646,2026-10-16 13:47:43,A,buylead_created,49.4,1
C00000734,G0000647,2026-10-16 13:12:37,A,no_connect,109.7,0
C00000735,G0000648,2026-10-16 10:38:50,A,buylead_created,119.4,1
C00000736,G0000649,2026-10-16 14:19:17,B,buylead_created,157.9,1
C00000737,G0000650,2026-10-16 15:54:39,B,buylead_created,1.1,1
C00000738,G0000651,2026-10-16 16:51:16,A,no_requirement,114.4,1
C00000739,G0000652,2026-10-16 16:01:59,A,buylead_created,35.9,1
C00000740,G0000652,2026-10-17 03:01:59,A,other,19.4,1
C00000741,G0000653,2026-10-16 14:01:19,A,buylead_created,120.6,1
C00000742,G0000654,2026-10-16 18:55:43,A,particular_seller_only,111.3,1
C00000743,G0000655,2026-10-16 12:38:43,A,other,58.4,1
C00000744,G0000656,2026-10-16 18:43:47,B,requirement_unconfirmed,120.3,1
C00000745,G0000657,2026-10-16 15:35:27,B,no_requirement,56.3,1
C00000746,G0000658,2026-10-16 18:41:48,A,no_requirement,61.1,1
C00000747,G0000659,2026-10-16 09:46:31,B,buylead_created,15.9,1
C00000748,G0000659,2026-10-17 02:46:31,B,other,34.3,1
C00000749,G0000660,2026-10-16 13:10:34,B,buylead_created,75.9,1
C00000750,G0000661,2026-10-16 16:08:11,B,buylead_created,144.3,1
C00000751,G0000662,2026-10-16 16:03:14,A,particular_seller_only,93.4,1
C00000752,G0000663,2026-10-16 16:01:26,A,buylead_created,46.7,1
C00000753,G0000664,2026-10-16 18:39:44,A,other,27.3,1
C00000754,G0000664,2026-10-17 03:39:44,A,other,54.3,1
C00000755,G0000665,2026-10-16 13:30:57,A,requirement_unconfirmed,102.2,1
C00000756,G0000666,2026-10-16 08:38:44,B,no_requirement,106.8,1
C00000757,G0000667,2026-10-16 17:20:24,A,buylead_created,62.7,1
C00000758,G0000667,2026-10-17 12:20:24,A,other,60.6,1
C00000759,G0000668,2026-10-16 11:14:00,B,buylead_created,64.7,1
C00000760,G0000668,2026-10-17 15:14:00,B,other,81.5,1
C00000761,G0000669,2026-10-16 13:05:37,A,buylead_created,105.6,1
C00000762,G0000669,2026-10-17 10:05:37,A,other,4.8,1
C00000763,G0000670,2026-10-16 18:18:15,A,particular_seller_only,85.5,1
C00000764,G0000671,2026-10-16 17:44:31,A,buylead_created,14.0,1
C00000765,G0000672,2026-10-16 08:32:17,A,requirement_unconfirmed,15.8,1
C00000766,G0000673,2026-10-16 12:17:34,A,buylead_created,199.4,1
C00000767,G0000674,2026-10-16 16:12:32,A,particular_seller_only,145.2,1
C00000768,G0000675,2026-10-16 10:31:44,B,buylead_created,4.8,1
C00000769,G0000676,2026-10-16 18:30:01,B,buylead_created,135.8,1
C00000770,G0000677,2026-10-16 17:16:37,A,particular_seller_only,60.6,1
C00000771,G0000678,2026-10-16 19:17:53,A,buylead_created,109.7,1
C00000772,G0000679,2026-10-16 14:28:55,B,buylead_created,106.6,1
C00000773,G0000679,2026-10-16 19:28:55,B,other,60.8,1
C00000774,G0000680,2026-10-16 15:04:18,A,particular_seller_only,50.0,1
C00000775,G0000681,2026-10-16 12:38:54,A,buylead_created,69.1,1
C00000776,G0000682,2026-10-16 08:05:00,A,buylead_created,8.6,1
C00000777,G0000683,2026-10-16 08:47:42,B,other,91.1,1
C00000778,G0000684,2026-10-16 14:27:47,A,no_requirement,61.9,1
C00000779,G0000685,2026-10-16 14:41:17,A,particular_seller_only,23.7,1
C00000780,G0000686,2026-10-16 09:39:40,A,particular_seller_only,87.2,1
C00000781,G0000687,2026-10-16 18:11:34,A,buylead_created,71.8,1
C00000782,G0000688,2026-10-16 14:59:34,A,buylead_created,79.1,1
C00000783,G0000688,2026-10-17 07:59:34,A,other,171.9,1
C00000784,G0000689,2026-10-16 17:20:45,B,requirement_unconfirmed,25.6,1
C00000785,G0000690,2026-10-16 13:12:44,A,buylead_created,185.0,1
C00000786,G0000691,2026-10-16 15:31:57,A,requirement_unconfirmed,84.0,1
C00000787,G0000692,2026-10-16 18:31:16,A,buylead_created,12.7,1
C00000788,G0000692,2026-10-17 16:31:16,A,other,62.7,1
C00000789,G0000693,2026-10-16 19:37:56,A,no_requirement,1.7,1
C00000790,G0000694,2026-10-16 14:19:39,A,no_connect,3.1,0
C00000791,G0000695,2026-10-16 12:08:06,A,requirement_unconfirmed,0.6,1
C00000792,G0000696,2026-10-16 11:17:58,B,buylead_created,70.6,1
C00000793,G0000697,2026-10-16 17:33:36,A,buylead_created,84.2,1
C00000794,G0000698,2026-10-16 16:32:33,A,requirement_unconfirmed,68.6,1
C00000795,G0000699,2026-10-16 18:47:01,A,buylead_created,109.7,1
C00000796,G0000700,2026-10-16 17:52:36,A,no_requirement,1.6,1
C00000797,G0000701,2026-10-16 13:25:48,B,buylead_created,39.6,1
C00000798,G0000702,2026-10-16 09:59:49,B,buylead_created,95.1,1
C00000799,G0000703,2026-10-16 14:11:35,B,buylead_created,97.7,1
C00000800,G0000704,2026-10-16 19:08:11,A,buylead_created,28.3,1
C00000801,G0000705,2026-10-16 18:29:35,A,buylead_created,97.3,1
C00000802,G0000706,2026-10-16 14:00:19,B,requirement_unconfirmed,132.9,1
C00000803,G0000707,2026-10-16 15:56:17,A,buylead_created,66.0,1
C00000804,G0000708,2026-10-16 14:28:54,A,buylead_created,59.5,1
C00000805,G0000709,2026-10-16 15:28:32,A,requirement_unconfirmed,67.1,1
C00000806,G0000710,2026-10-16 09:24:51,B,buylead_created,10.4,1
C00000807,G0000710,2026-10-17 05:24:51,B,other,156.2,1
C00000808,G0000711,2026-10-16 16:15:24,B,buylead_created,190.5,1
C00000809,G0000712,2026-10-16 19:27:25,B,buylead_created,41.1,1
C00000810,G0000713,2026-10-16 08:04:07,B,particular_seller_only,82.9,1
C00000811,G0000714,2026-10-16 11:51:39,A,buylead_created,49.9,1
C00000812,G0000714,2026-10-16 16:51:39,A,other,24.3,1
C00000813,G0000715,2026-10-16 14:44:52,B,buylead_created,68.9,1
C00000814,G0000716,2026-10-16 16:42:52,A,buylead_created,0.6,1
C00000815,G0000716,2026-10-17 20:42:52,A,other,78.2,1
C00000816,G0000717,2026-10-16 12:43:59,B,no_requirement,199.4,1
C00000817,G0000718,2026-10-16 11:25:41,A,buylead_created,5.3,1
C00000818,G0000718,2026-10-16 21:25:41,A,other,73.9,1
C00000819,G0000719,2026-10-16 12:08:36,A,buylead_created,18.6,1
C00000820,G0000720,2026-10-16 12:09:38,B,buylead_created,3.9,1
C00000821,G0000720,2026-10-17 08:09:38,B,other,74.1,1
C00000822,G0000721,2026-10-16 15:01:07,A,buylead_created,35.3,1
C00000823,G0000722,2026-10-16 15:36:26,A,no_requirement,10.6,1
C00000824,G0000722,2026-10-17 13:36:26,A,other,81.4,1
C00000825,G0000723,2026-10-16 08:16:19,B,buylead_created,207.0,1
C00000826,G0000724,2026-10-16 15:31:59,B,buylead_created,142.8,1
C00000827,G0000725,2026-10-16 09:20:08,A,particular_seller_only,54.9,1
C00000828,G0000726,2026-10-16 11:25:46,A,particular_seller_only,24.8,1
C00000829,G0000727,2026-10-16 14:21:36,A,no_connect,48.2,0
C00000830,G0000728,2026-10-16 12:03:35,A,no_requirement,77.0,1
C00000831,G0000729,2026-10-16 10:42:17,A,no_requirement,54.7,1
C00000832,G0000730,2026-10-16 12:47:46,A,no_requirement,28.7,1
C00000833,G0000730,2026-10-16 21:47:46,A,other,13.8,1
C00000834,G0000731,2026-10-16 15:53:34,A,requirement_unconfirmed,4.2,1
C00000835,G0000732,2026-10-16 14:46:32,A,buylead_created,5.7,1
C00000836,G0000733,2026-10-16 12:21:19,A,no_requirement,67.1,1
C00000837,G0000734,2026-10-16 10:20:21,B,no_requirement,84.1,1
C00000838,G0000735,2026-10-16 19:32:57,B,buylead_created,239.8,1
C00000839,G0000736,2026-10-16 12:06:47,A,buylead_created,117.2,1
C00000840,G0000737,2026-10-16 19:18:04,A,buylead_created,50.8,1
C00000841,G0000738,2026-10-16 10:43:26,A,requirement_unconfirmed,61.0,1
C00000842,G0000739,2026-10-16 17:52:34,A,buylead_created,188.6,1
C00000843,G0000740,2026-10-16 14:46:57,A,buylead_created,50.3,1
C00000844,G0000741,2026-10-16 10:46:09,B,requirement_unconfirmed,31.4,1
C00000845,G0000742,2026-10-16 12:54:54,B,requirement_unconfirmed,92.6,1
C00000846,G0000743,2026-10-16 11:32:05,A,no_connect,1.4,0
C00000847,G0000744,2026-10-16 09:54:06,B,other,113.5,1
C00000848,G0000745,2026-10-16 14:07:44,B,no_requirement,189.9,1
C00000849,G0000746,2026-10-16 16:25:54,A,no_requirement,82.2,1
C00000850,G0000747,2026-10-16 15:19:19,A,no_connect,46.7,0
C00000851,G0000747,2026-10-17 20:19:19,A,other,114.9,1
C00000852,G0000748,2026-10-16 15:55:39,A,no_requirement,119.7,1
C00000853,G0000749,2026-10-16 18:33:11,A,buylead_created,124.4,1
C00000854,G0000750,2026-10-17 16:36:39,A,buylead_created,76.3,1
C00000855,G0000751,2026-10-17 09:33:51,B,no_connect,108.3,0
C00000856,G0000752,2026-10-17 18:41:16,A,buylead_created,148.2,1
C00000857,G0000753,2026-10-17 18:19:49,A,buylead_created,61.9,1
C00000858,G0000754,2026-10-17 09:34:13,B,buylead_created,1.0,1
C00000859,G0000754,2026-10-18 09:34:13,B,other,108.9,1
C00000860,G0000755,2026-10-17 08:56:57,A,buylead_created,74.1,1
C00000861,G0000756,2026-10-17 09:08:11,B,no_requirement,84.1,1
C00000862,G0000757,2026-10-17 10:18:12,A,no_connect,136.3,0
C00000863,G0000758,2026-10-17 15:50:01,B,buylead_created,79.8,1
C00000864,G0000759,2026-10-17 09:15:41,B,buylead_created,49.2,1
C00000865,G0000759,2026-10-18 07:15:41,B,other,1.4,1
C00000866,G0000760,2026-10-17 12:04:51,A,buylead_created,103.7,1
C00000867,G0000760,2026-10-18 16:04:51,A,other,41.0,1
C00000868,G0000761,2026-10-17 12:38:22,B,requirement_unconfirmed,62.3,1
C00000869,G0000762,2026-10-17 13:24:26,B,buylead_created,12.0,1
C00000870,G0000763,2026-10-17 14:17:37,A,buylead_created,46.5,1
C00000871,G0000763,2026-10-18 18:17:37,A,other,60.2,1
C00000872,G0000764,2026-10-17 13:28:49,A,requirement_unconfirmed,188.4,1
C00000873,G0000765,2026-10-17 09:25:30,A,no_requirement,62.7,1
C00000874,G0000766,2026-10-17 17:56:39,A,other,76.6,1
C00000875,G0000767,2026-10-17 17:55:31,A,particular_seller_only,182.2,1
C00000876,G0000768,2026-10-17 16:57:43,A,requirement_unconfirmed,79.1,1
C00000877,G0000769,2026-10-17 16:51:27,A,requirement_unconfirmed,70.3,1
C00000878,G0000770,2026-10-17 16:29:38,A,other,60.0,1
C00000879,G0000770,2026-10-17 23:29:38,A,other,24.9,1
C00000880,G0000771,2026-10-17 12:53:25,A,buylead_created,21.4,1
C00000881,G0000771,2026-10-17 15:53:25,A,other,78.1,1
C00000882,G0000772,2026-10-17 13:25:57,B,requirement_unconfirmed,121.4,1
C00000883,G0000772,2026-10-18 02:25:57,B,other,57.5,1
C00000884,G0000773,2026-10-17 17:45:34,B,buylead_created,55.8,1
C00000885,G0000774,2026-10-17 12:18:47,B,no_connect,92.6,0
C00000886,G0000774,2026-10-17 19:18:47,B,other,17.5,1
C00000887,G0000775,2026-10-17 19:19:30,A,buylead_created,22.0,1
C00000888,G0000776,2026-10-17 17:27:56,A,buylead_created,103.7,1
C00000889,G0000777,2026-10-17 15:01:59,A,particular_seller_only,46.7,1
C00000890,G0000777,2026-10-18 04:01:59,A,other,54.9,1
C00000891,G0000778,2026-10-17 18:21:36,B,buylead_created,9.2,1
C00000892,G0000779,2026-10-17 19:54:50,B,buylead_created,68.3,1
C00000893,G0000780,2026-10-17 09:08:42,A,buylead_created,50.0,1
C00000894,G0000781,2026-10-17 08:14:25,B,particular_seller_only,52.9,1
C00000895,G0000782,2026-10-17 11:26:46,A,buylead_created,54.1,1
C00000896,G0000783,2026-10-17 14:26:51,A,no_requirement,13.8,1
C00000897,G0000784,2026-10-17 17:44:31,B,buylead_created,87.4,1
C00000898,G0000785,2026-10-17 09:25:39,A,no_connect,5.2,0
C00000899,G0000786,2026-10-17 18:38:27,A,buylead_created,91.3,1
C00000900,G0000787,2026-10-17 09:03:55,A,buylead_created,70.1,1
C00000901,G0000788,2026-10-17 08:12:30,A,no_requirement,166.2,1
C00000902,G0000789,2026-10-17 18:05:05,A,buylead_created,44.4,1
C00000903,G0000789,2026-10-18 04:05:05,A,other,92.5,1
C00000904,G0000790,2026-10-17 09:27:38,A,particular_seller_only,68.5,1
C00000905,G0000791,2026-10-17 14:22:54,B,requirement_unconfirmed,5.9,1
C00000906,G0000791,2026-10-18 06:22:54,B,other,89.9,1
C00000907,G0000792,2026-10-17 17:42:53,A,requirement_unconfirmed,114.9,1
C00000908,G0000792,2026-10-17 22:42:53,A,other,92.7,1
C00000909,G0000793,2026-10-17 13:48:51,B,buylead_created,91.8,1
C00000910,G0000794,2026-10-17 17:43:39,A,requirement_unconfirmed,67.1,1
C00000911,G0000795,2026-10-17 08:52:02,B,requirement_unconfirmed,122.6,1
C00000912,G0000796,2026-10-17 13:56:25,A,buylead_created,92.5,1
C00000913,G0000797,2026-10-17 14:20:38,B,requirement_unconfirmed,48.3,1
C00000914,G0000798,2026-10-17 15:44:49,A,requirement_unconfirmed,15.9,1
C00000915,G0000799,2026-10-17 18:56:42,A,buylead_created,88.8,1
C00000916,G0000799,2026-10-18 18:56:42,A,other,133.7,1
C00000917,G0000800,2026-10-17 17:32:46,B,particular_seller_only,76.6,1
C00000918,G0000801,2026-10-17 08:41:12,A,no_requirement,79.0,1
C00000919,G0000801,2026-10-17 19:41:12,A,other,62.7,1
C00000920,G0000802,2026-10-17 15:26:43,A,buylead_created,3.0,1
C00000921,G0000803,2026-10-17 18:40:17,A,buylead_created,309.2,1
C00000922,G0000804,2026-10-17 17:24:14,B,buylead_created,239.8,1
C00000923,G0000805,2026-10-17 19:03:44,A,requirement_unconfirmed,24.8,1
C00000924,G0000806,2026-10-17 19:15:27,A,particular_seller_only,71.8,1
C00000925,G0000806,2026-10-18 02:15:27,A,other,14.5,1
C00000926,G0000807,2026-10-17 14:15:49,A,buylead_created,85.5,1
C00000927,G0000808,2026-10-17 16:27:11,A,particular_seller_only,33.0,1
C00000928,G0000809,2026-10-17 12:08:42,A,buylead_created,0.5,1
C00000929,G0000809,2026-10-18 10:08:42,A,other,54.8,1
C00000930,G0000810,2026-10-17 09:58:33,A,buylead_created,80.9,1
C00000931,G0000811,2026-10-17 14:31:03,A,buylead_created,24.3,1
C00000932,G0000812,2026-10-17 17:18:19,B,requirement_unconfirmed,69.6,1
C00000933,G0000813,2026-10-17 18:09:22,A,buylead_created,40.8,1
C00000934,G0000814,2026-10-17 17:11:35,B,buylead_created,111.5,1
C00000935,G0000815,2026-10-17 09:26:35,A,particular_seller_only,53.9,1
C00000936,G0000816,2026-10-17 16:41:04,A,no_connect,52.1,0
C00000937,G0000817,2026-10-17 16:04:13,A,requirement_unconfirmed,148.2,1
C00000938,G0000818,2026-10-17 14:30:05,A,requirement_unconfirmed,0.5,1
C00000939,G0000819,2026-10-17 19:42:11,A,buylead_created,25.6,1
C00000940,G0000820,2026-10-17 09:05:27,B,other,79.8,1
C00000941,G0000821,2026-10-17 16:17:56,A,no_requirement,40.6,1
C00000942,G0000822,2026-10-17 17:59:54,A,no_connect,91.4,0
C00000943,G0000823,2026-10-17 18:52:15,A,requirement_unconfirmed,113.3,1
C00000944,G0000824,2026-10-17 08:07:15,B,no_connect,73.4,0
C00000945,G0000825,2026-10-17 18:46:20,B,requirement_unconfirmed,94.4,1
C00000946,G0000826,2026-10-17 18:40:19,A,buylead_created,61.6,1
C00000947,G0000827,2026-10-17 17:43:13,A,particular_seller_only,161.5,1
C00000948,G0000828,2026-10-17 10:55:56,B,buylead_created,31.4,1
C00000949,G0000829,2026-10-17 13:36:40,A,other,38.0,1
C00000950,G0000830,2026-10-17 16:46:40,B,buylead_created,56.6,1
C00000951,G0000831,2026-10-17 09:25:51,A,no_requirement,26.1,1
C00000952,G0000832,2026-10-17 11:41:38,A,buylead_created,53.6,1
C00000953,G0000832,2026-10-18 03:41:38,A,other,105.3,1
C00000954,G0000833,2026-10-17 16:13:20,A,no_connect,25.5,0
C00000955,G0000834,2026-10-17 13:27:43,B,particular_seller_only,72.2,1
C00000956,G0000835,2026-10-17 14:12:40,A,buylead_created,2.6,1
C00000957,G0000836,2026-10-17 12:59:52,B,buylead_created,245.6,1
C00000958,G0000836,2026-10-17 22:59:52,B,other,0.7,1
C00000959,G0000837,2026-10-17 13:34:34,A,requirement_unconfirmed,77.4,1
C00000960,G0000838,2026-10-17 17:29:58,A,buylead_created,15.8,1
C00000961,G0000838,2026-10-17 19:29:58,A,other,82.3,1
C00000962,G0000839,2026-10-17 10:10:45,B,buylead_created,67.9,1
C00000963,G0000840,2026-10-17 12:13:03,B,requirement_unconfirmed,230.5,1
C00000964,G0000841,2026-10-17 10:30:07,A,no_requirement,159.0,1
C00000965,G0000842,2026-10-17 16:17:56,A,no_requirement,69.0,1
C00000966,G0000843,2026-10-17 16:42:18,A,buylead_created,80.9,1
C00000967,G0000844,2026-10-17 15:05:08,B,buylead_created,62.0,1
C00000968,G0000845,2026-10-17 08:21:00,A,no_requirement,23.4,1
C00000969,G0000846,2026-10-17 11:57:43,A,buylead_created,100.6,1
C00000970,G0000847,2026-10-17 10:55:11,A,no_requirement,18.1,1
C00000971,G0000847,2026-10-17 22:55:11,A,other,87.3,1
C00000972,G0000848,2026-10-17 12:03:30,A,no_requirement,22.3,1
C00000973,G0000849,2026-10-17 13:25:54,A,requirement_unconfirmed,76.5,1
C00000974,G0000850,2026-10-17 19:18:18,A,particular_seller_only,46.5,1
C00000975,G0000851,2026-10-17 08:32:16,A,buylead_created,52.4,1
C00000976,G0000852,2026-10-17 18:13:47,A,buylead_created,84.2,1
C00000977,G0000853,2026-10-17 09:26:38,A,buylead_created,78.4,1
C00000978,G0000853,2026-10-18 14:26:38,A,other,192.7,1
C00000979,G0000854,2026-10-17 18:45:24,A,requirement_unconfirmed,74.1,1
C00000980,G0000855,2026-10-17 13:42:47,B,no_requirement,2.8,1
C00000981,G0000856,2026-10-17 13:20:17,A,particular_seller_only,78.6,1
C00000982,G0000857,2026-10-17 17:49:03,B,buylead_created,108.3,1
C00000983,G0000858,2026-10-17 18:03:29,B,no_requirement,47.5,1
C00000984,G0000859,2026-10-17 16:36:31,A,buylead_created,77.4,1
C00000985,G0000860,2026-10-17 17:26:45,B,buylead_created,80.4,1
C00000986,G0000861,2026-10-17 14:58:49,A,other,82.7,1
C00000987,G0000862,2026-10-17 12:44:55,A,buylead_created,93.3,1
C00000988,G0000863,2026-10-17 17:02:04,A,buylead_created,20.6,1
C00000989,G0000864,2026-10-17 15:56:38,A,no_connect,33.0,0
C00000990,G0000865,2026-10-17 15:27:49,A,no_requirement,24.8,1
C00000991,G0000866,2026-10-17 14:27:16,A,requirement_unconfirmed,14.0,1
C00000992,G0000867,2026-10-17 08:52:15,B,no_requirement,94.2,1
C00000993,G0000868,2026-10-17 14:25:19,A,buylead_created,26.2,1
C00000994,G0000869,2026-10-17 13:44:23,A,no_requirement,3.7,1
C00000995,G0000870,2026-10-17 17:48:50,B,other,98.8,1
C00000996,G0000871,2026-10-17 14:19:25,B,buylead_created,2.3,1
C00000997,G0000872,2026-10-17 17:54:17,A,particular_seller_only,56.0,1
C00000998,G0000873,2026-10-17 13:24:58,B,requirement_unconfirmed,98.2,1
C00000999,G0000873,2026-10-18 07:24:58,B,other,65.2,1
C00001000,G0000874,2026-10-17 10:29:22,A,no_requirement,70.1,1
C00001001,G0000875,2026-10-17 16:47:23,A,particular_seller_only,92.2,1
C00001002,G0000875,2026-10-18 08:47:23,A,other,30.2,1
C00001003,G0000876,2026-10-17 18:52:38,A,buylead_created,0.3,1
C00001004,G0000877,2026-10-17 09:20:43,B,requirement_unconfirmed,114.4,1
C00001005,G0000878,2026-10-17 09:50:13,B,no_requirement,6.4,1
C00001006,G0000879,2026-10-17 14:21:34,A,no_connect,68.6,0
C00001007,G0000880,2026-10-17 09:38:48,A,buylead_created,70.7,1
C00001008,G0000881,2026-10-17 09:13:20,A,requirement_unconfirmed,41.2,1
C00001009,G0000882,2026-10-17 09:58:22,B,no_requirement,95.8,1
C00001010,G0000883,2026-10-17 13:01:58,A,requirement_unconfirmed,100.4,1
C00001011,G0000884,2026-10-17 12:08:31,A,requirement_unconfirmed,73.2,1
C00001012,G0000885,2026-10-17 19:53:41,A,buylead_created,78.5,1
C00001013,G0000885,2026-10-18 11:53:41,A,other,27.3,1
C00001014,G0000886,2026-10-17 15:43:02,B,buylead_created,67.2,1
C00001015,G0000886,2026-10-18 16:43:02,B,other,17.5,1
C00001016,G0000887,2026-10-17 17:50:11,A,requirement_unconfirmed,12.7,1
C00001017,G0000888,2026-10-17 09:42:21,A,buylead_created,145.9,1
C00001018,G0000889,2026-10-17 10:24:14,A,buylead_created,4.2,1
C00001019,G0000890,2026-10-17 08:06:32,B,no_connect,81.0,0
C00001020,G0000891,2026-10-17 18:47:55,A,other,57.5,1
C00001021,G0000892,2026-10-17 18:27:05,A,requirement_unconfirmed,91.9,1
C00001022,G0000893,2026-10-17 18:55:13,A,buylead_created,8.2,1
C00001023,G0000894,2026-10-17 15:52:44,B,buylead_created,6.8,1
C00001024,G0000895,2026-10-17 17:18:00,B,requirement_unconfirmed,31.3,1
C00001025,G0000895,2026-10-18 04:18:00,B,other,94.6,1
C00001026,G0000896,2026-10-17 10:44:35,B,particular_seller_only,27.6,1
C00001027,G0000897,2026-10-17 14:11:10,A,particular_seller_only,8.6,1
C00001028,G0000898,2026-10-17 08:01:10,A,no_requirement,121.2,1
C00001029,G0000899,2026-10-17 12:33:49,B,no_connect,171.4,0
C00001030,G0000900,2026-10-18 16:18:56,A,buylead_created,8.3,1
C00001031,G0000901,2026-10-18 15:20:38,A,no_requirement,16.8,1
C00001032,G0000902,2026-10-18 16:44:58,A,buylead_created,55.2,1
C00001033,G0000903,2026-10-18 18:07:46,B,particular_seller_only,121.4,1
C00001034,G0000904,2026-10-18 19:18:12,A,buylead_created,88.8,1
C00001035,G0000905,2026-10-18 13:15:47,B,buylead_created,151.5,1
C00001036,G0000906,2026-10-18 11:28:08,A,requirement_unconfirmed,1.4,1
C00001037,G0000907,2026-10-18 16:37:02,A,particular_seller_only,137.3,1
C00001038,G0000908,2026-10-18 10:31:12,B,buylead_created,106.5,1
C00001039,G0000909,2026-10-18 12:19:29,A,other,62.9,1
C00001040,G0000910,2026-10-18 17:43:30,B,no_requirement,26.7,1
C00001041,G0000911,2026-10-18 13:43:59,B,particular_seller_only,161.4,1
C00001042,G0000911,2026-10-19 07:43:59,B,other,84.0,1
C00001043,G0000912,2026-10-18 09:49:24,B,no_requirement,5.1,1
C00001044,G0000912,2026-10-19 12:49:24,B,other,105.3,1
C00001045,G0000913,2026-10-18 08:36:49,A,buylead_created,4.8,1
C00001046,G0000914,2026-10-18 18:52:05,A,buylead_created,74.7,1
C00001047,G0000915,2026-10-18 15:01:48,A,requirement_unconfirmed,28.4,1
C00001048,G0000916,2026-10-18 14:40:02,A,requirement_unconfirmed,92.0,1
C00001049,G0000917,2026-10-18 15:43:04,A,buylead_created,8.3,1
C00001050,G0000918,2026-10-18 10:38:46,A,requirement_unconfirmed,134.9,1
C00001051,G0000919,2026-10-18 13:40:32,A,no_requirement,12.8,1
C00001052,G0000920,2026-10-18 16:30:32,A,requirement_unconfirmed,204.7,1
C00001053,G0000921,2026-10-18 11:00:15,A,buylead_created,41.0,1
C00001054,G0000922,2026-10-18 16:45:56,B,no_connect,10.5,0
C00001055,G0000923,2026-10-18 09:26:38,A,buylead_created,114.3,1
C00001056,G0000924,2026-10-18 17:29:16,A,requirement_unconfirmed,68.0,1
C00001057,G0000925,2026-10-18 17:07:05,A,buylead_created,112.2,1
C00001058,G0000926,2026-10-18 19:49:48,A,buylead_created,51.9,1
C00001059,G0000927,2026-10-18 10:14:04,A,no_connect,57.4,0
C00001060,G0000928,2026-10-18 17:26:16,A,buylead_created,13.8,1
C00001061,G0000929,2026-10-18 16:23:50,B,no_requirement,66.9,1
C00001062,G0000930,2026-10-18 17:31:52,A,buylead_created,64.0,1
C00001063,G0000931,2026-10-18 15:33:11,A,buylead_created,105.4,1
C00001064,G0000932,2026-10-18 09:54:26,A,particular_seller_only,136.3,1
C00001065,G0000932,2026-10-18 23:54:26,A,other,68.3,1
C00001066,G0000933,2026-10-18 08:31:23,A,buylead_created,134.9,1
C00001067,G0000934,2026-10-18 16:23:40,B,buylead_created,75.3,1
C00001068,G0000935,2026-10-18 09:15:11,B,buylead_created,95.8,1
C00001069,G0000936,2026-10-18 14:19:24,A,buylead_created,76.3,1
C00001070,G0000937,2026-10-18 08:50:53,B,buylead_created,73.2,1
C00001071,G0000938,2026-10-18 08:21:46,B,particular_seller_only,19.9,1
C00001072,G0000939,2026-10-18 13:48:49,B,buylead_created,92.5,1
C00001073,G0000940,2026-10-18 17:26:53,A,buylead_created,24.6,1
C00001074,G0000941,2026-10-18 17:08:49,A,no_requirement,160.1,1
C00001075,G0000942,2026-10-18 08:39:20,A,buylead_created,54.1,1
C00001076,G0000943,2026-10-18 10:53:58,A,buylead_created,74.1,1
C00001077,G0000944,2026-10-18 10:50:09,A,particular_seller_only,176.4,1
C00001078,G0000945,2026-10-18 09:25:15,B,buylead_created,16.8,1
C00001079,G0000946,2026-10-18 18:13:17,B,buylead_created,8.7,1
C00001080,G0000947,2026-10-18 08:50:15,A,particular_seller_only,97.3,1
C00001081,G0000948,2026-10-18 10:59:04,B,buylead_created,5.1,1
C00001082,G0000949,2026-10-18 08:07:15,A,particular_seller_only,12.2,1
C00001083,G0000950,2026-10-18 13:31:20,A,buylead_created,95.3,1
C00001084,G0000951,2026-10-18 12:40:42,A,buylead_created,10.2,1
C00001085,G0000952,2026-10-18 17:22:13,A,buylead_created,62.2,1
C00001086,G0000952,2026-10-19 12:22:13,A,other,82.8,1
C00001087,G0000953,2026-10-18 17:29:46,A,buylead_created,61.1,1
C00001088,G0000954,2026-10-18 18:24:46,A,buylead_created,53.2,1
C00001089,G0000954,2026-10-19 20:24:46,A,other,8.8,1
C00001090,G0000955,2026-10-18 17:00:47,A,no_requirement,161.5,1
C00001091,G0000956,2026-10-18 08:28:38,B,requirement_unconfirmed,42.9,1
C00001092,G0000957,2026-10-18 14:38:04,A,particular_seller_only,144.4,1
C00001093,G0000958,2026-10-18 15:52:59,A,no_requirement,60.0,1
C00001094,G0000959,2026-10-18 12:00:33,A,requirement_unconfirmed,114.9,1
C00001095,G0000960,2026-10-18 19:28:51,A,no_requirement,47.2,1
C00001096,G0000960,2026-10-19 08:28:51,A,other,67.0,1
C00001097,G0000961,2026-10-18 13:47:53,B,particular_seller_only,139.4,1
C00001098,G0000962,2026-10-18 15:13:01,A,buylead_created,82.5,1
C00001099,G0000963,2026-10-18 10:36:55,A,particular_seller_only,53.9,1
C00001100,G0000963,2026-10-19 11:36:55,A,other,254.5,1
C00001101,G0000964,2026-10-18 16:23:44,A,no_requirement,12.8,1
C00001102,G0000965,2026-10-18 08:05:22,B,requirement_unconfirmed,98.7,1
C00001103,G0000966,2026-10-18 13:54:17,A,requirement_unconfirmed,77.1,1
C00001104,G0000967,2026-10-18 08:20:22,B,buylead_created,33.7,1
C00001105,G0000968,2026-10-18 11:57:43,B,buylead_created,157.9,1
C00001106,G0000969,2026-10-18 16:15:22,B,buylead_created,80.5,1
C00001107,G0000970,2026-10-18 19:08:01,A,particular_seller_only,78.4,1
C00001108,G0000971,2026-10-18 08:58:00,B,buylead_created,190.5,1
C00001109,G0000972,2026-10-18 16:27:21,A,requirement_unconfirmed,0.6,1
C00001110,G0000973,2026-10-18 11:50:51,B,buylead_created,104.6,1
C00001111,G0000974,2026-10-18 14:30:49,A,requirement_unconfirmed,62.5,1
C00001112,G0000975,2026-10-18 10:09:58,B,particular_seller_only,20.0,1
C00001113,G0000975,2026-10-18 21:09:58,B,other,80.6,1
C00001114,G0000976,2026-10-18 10:14:53,B,other,103.7,1
C00001115,G0000977,2026-10-18 16:35:37,B,buylead_created,131.7,1
C00001116,G0000978,2026-10-18 13:54:41,A,no_requirement,46.8,1
C00001117,G0000979,2026-10-18 16:36:41,A,buylead_created,70.1,1
C00001118,G0000980,2026-10-18 09:03:26,A,no_requirement,57.5,1
C00001119,G0000980,2026-10-19 10:03:26,A,other,57.5,1
C00001120,G0000981,2026-10-18 17:04:41,A,requirement_unconfirmed,70.1,1
C00001121,G0000981,2026-10-19 03:04:41,A,other,81.5,1
C00001122,G0000982,2026-10-18 14:38:42,A,buylead_created,23.7,1
C00001123,G0000983,2026-10-18 12:08:03,B,requirement_unconfirmed,272.9,1
C00001124,G0000984,2026-10-18 12:29:10,A,no_requirement,95.2,1
C00001125,G0000985,2026-10-18 17:32:50,A,buylead_created,119.0,1
C00001126,G0000985,2026-10-18 22:32:50,A,other,68.3,1
C00001127,G0000986,2026-10-18 19:50:29,A,buylead_created,53.9,1
C00001128,G0000987,2026-10-18 10:40:27,A,buylead_created,24.9,1
C00001129,G0000988,2026-10-18 12:07:54,A,no_requirement,34.8,1
C00001130,G0000988,2026-10-18 21:07:54,A,other,112.0,1
C00001131,G0000989,2026-10-18 09:06:51,B,requirement_unconfirmed,187.5,1
C00001132,G0000990,2026-10-18 18:56:04,B,requirement_unconfirmed,16.3,1
C00001133,G0000991,2026-10-18 19:36:31,A,buylead_created,88.8,1
C00001134,G0000992,2026-10-18 09:19:17,A,no_requirement,41.5,1
C00001135,G0000993,2026-10-18 11:07:50,B,buylead_created,124.4,1
C00001136,G0000993,2026-10-19 04:07:50,B,other,41.5,1
C00001137,G0000994,2026-10-18 16:39:05,B,no_requirement,69.2,1
C00001138,G0000995,2026-10-18 16:53:34,A,buylead_created,162.9,1
C00001139,G0000996,2026-10-18 13:11:24,A,particular_seller_only,94.6,1
C00001140,G0000997,2026-10-18 12:47:56,A,particular_seller_only,91.9,1
C00001141,G0000998,2026-10-18 13:28:47,A,requirement_unconfirmed,23.0,1
C00001142,G0000998,2026-10-19 12:28:47,A,other,12.7,1
C00001143,G0000999,2026-10-18 12:16:00,A,requirement_unconfirmed,89.1,1
C00001144,G0001000,2026-10-18 15:50:11,A,requirement_unconfirmed,23.9,1
C00001145,G0001000,2026-10-19 08:50:11,A,other,28.2,1
C00001146,G0001001,2026-10-18 15:33:38,A,no_requirement,64.0,1
C00001147,G0001002,2026-10-18 18:29:43,A,buylead_created,35.1,1
C00001148,G0001003,2026-10-18 10:52:21,A,buylead_created,60.8,1
C00001149,G0001004,2026-10-18 10:34:48,A,buylead_created,88.8,1
C00001150,G0001005,2026-10-18 18:38:20,B,no_requirement,2.0,1
C00001151,G0001006,2026-10-18 12:08:50,A,requirement_unconfirmed,81.9,1
C00001152,G0001007,2026-10-18 15:03:56,A,no_connect,24.8,0
C00001153,G0001007,2026-10-19 20:03:56,A,other,50.8,1
C00001154,G0001008,2026-10-18 13:58:30,A,no_requirement,22.3,1
C00001155,G0001009,2026-10-18 19:56:57,B,buylead_created,7.6,1
C00001156,G0001010,2026-10-18 17:39:11,A,particular_seller_only,54.3,1
C00001157,G0001011,2026-10-18 09:17:12,B,buylead_created,96.2,1
C00001158,G0001012,2026-10-18 09:42:23,A,no_requirement,145.9,1
C00001159,G0001013,2026-10-18 16:57:57,A,no_requirement,57.5,1
C00001160,G0001014,2026-10-18 14:18:52,A,no_requirement,74.1,1
C00001161,G0001015,2026-10-18 11:10:13,B,buylead_created,5.9,1
C00001162,G0001016,2026-10-18 19:49:46,A,requirement_unconfirmed,145.2,1
C00001163,G0001017,2026-10-18 17:45:49,A,no_requirement,2.6,1
C00001164,G0001018,2026-10-18 14:20:55,A,buylead_created,43.8,1
C00001165,G0001018,2026-10-19 15:20:55,A,other,114.8,1
C00001166,G0001019,2026-10-18 10:44:06,A,buylead_created,57.7,1
C00001167,G0001020,2026-10-18 13:58:43,B,buylead_created,146.7,1
C00001168,G0001021,2026-10-18 11:51:29,A,particular_seller_only,140.7,1
C00001169,G0001022,2026-10-18 15:40:19,A,requirement_unconfirmed,66.7,1
C00001170,G0001022,2026-10-18 17:40:19,A,other,83.3,1
C00001171,G0001023,2026-10-18 11:00:44,A,no_requirement,3.0,1
C00001172,G0001024,2026-10-18 15:46:55,A,buylead_created,58.8,1
C00001173,G0001025,2026-10-18 08:10:36,A,buylead_created,160.1,1
C00001174,G0001026,2026-10-18 13:01:10,A,particular_seller_only,71.0,1
C00001175,G0001027,2026-10-18 19:44:24,A,no_requirement,64.4,1
C00001176,G0001028,2026-10-18 13:29:48,A,no_connect,97.2,0
C00001177,G0001029,2026-10-18 13:20:29,A,no_requirement,62.2,1
C00001178,G0001030,2026-10-18 18:18:45,B,buylead_created,207.0,1
C00001179,G0001031,2026-10-18 10:42:58,A,buylead_created,79.8,1
C00001180,G0001032,2026-10-18 18:04:06,A,no_requirement,19.9,1
C00001181,G0001033,2026-10-18 15:51:22,B,buylead_created,122.6,1
C00001182,G0001034,2026-10-18 15:02:18,A,no_requirement,23.9,1
C00001183,G0001035,2026-10-18 12:31:00,A,requirement_unconfirmed,2.4,1
C00001184,G0001036,2026-10-18 14:20:02,A,buylead_created,1.2,1
C00001185,G0001037,2026-10-18 19:38:55,A,buylead_created,56.6,1
C00001186,G0001038,2026-10-18 10:55:23,A,buylead_created,107.9,1
C00001187,G0001039,2026-10-18 16:06:46,A,no_requirement,140.5,1
C00001188,G0001040,2026-10-18 17:45:45,B,particular_seller_only,79.2,1
C00001189,G0001041,2026-10-18 17:10:29,A,no_requirement,309.2,1
C00001190,G0001042,2026-10-18 11:17:29,A,buylead_created,82.8,1
C00001191,G0001042,2026-10-19 09:17:29,A,other,97.2,1
C00001192,G0001043,2026-10-18 11:07:41,B,no_requirement,45.7,1
C00001193,G0001044,2026-10-18 12:55:53,A,buylead_created,46.4,1
C00001194,G0001045,2026-10-18 14:38:12,A,other,33.0,1
C00001195,G0001046,2026-10-18 11:10:51,A,particular_seller_only,28.3,1
C00001196,G0001047,2026-10-18 11:12:04,A,requirement_unconfirmed,39.5,1
C00001197,G0001048,2026-10-18 09:09:08,A,requirement_unconfirmed,63.7,1
C00001198,G0001049,2026-10-18 18:37:17,A,buylead_created,150.1,1
C00001199,G0001049,2026-10-19 20:37:17,A,other,66.1,1
C00001200,G0001050,2026-10-19 19:14:22,B,requirement_unconfirmed,115.0,1
C00001201,G0001051,2026-10-19 13:13:03,A,particular_seller_only,22.0,1
C00001202,G0001052,2026-10-19 18:48:14,A,buylead_created,62.5,1
C00001203,G0001053,2026-10-19 13:10:57,B,requirement_unconfirmed,82.1,1
C00001204,G0001054,2026-10-19 10:21:54,A,requirement_unconfirmed,114.4,1
C00001205,G0001055,2026-10-19 08:44:51,A,buylead_created,62.9,1
C00001206,G0001056,2026-10-19 15:25:39,A,requirement_unconfirmed,66.7,1
C00001207,G0001057,2026-10-19 17:27:36,A,no_requirement,85.0,1
C00001208,G0001058,2026-10-19 16:28:38,B,other,34.0,1
C00001209,G0001059,2026-10-19 19:14:29,A,buylead_created,67.5,1
C00001210,G0001060,2026-10-19 19:08:46,B,buylead_created,73.3,1
C00001211,G0001061,2026-10-19 17:12:10,A,requirement_unconfirmed,82.2,1
C00001212,G0001062,2026-10-19 12:32:26,A,buylead_created,95.3,1
C00001213,G0001063,2026-10-19 18:10:17,A,buylead_created,76.5,1
C00001214,G0001063,2026-10-20 02:10:17,A,other,43.5,1
C00001215,G0001064,2026-10-19 17:57:51,A,no_requirement,34.3,1
C00001216,G0001065,2026-10-19 08:12:00,A,no_requirement,156.6,1
C00001217,G0001066,2026-10-19 13:51:09,B,buylead_created,39.1,1
C00001218,G0001067,2026-10-19 12:14:36,B,no_requirement,50.5,1
C00001219,G0001068,2026-10-19 08:40:30,A,buylead_created,57.0,1
C00001220,G0001068,2026-10-19 16:40:30,A,other,137.3,1
C00001221,G0001069,2026-10-19 19:28:49,A,particular_seller_only,144.4,1
C00001222,G0001070,2026-10-19 13:58:44,A,requirement_unconfirmed,45.6,1
C00001223,G0001071,2026-10-19 16:09:10,B,buylead_created,50.9,1
C00001224,G0001072,2026-10-19 11:43:50,A,buylead_created,3.0,1
C00001225,G0001073,2026-10-19 18:08:42,A,buylead_created,26.6,1
C00001226,G0001074,2026-10-19 17:09:52,B,no_requirement,7.6,1
C00001227,G0001075,2026-10-19 12:22:13,B,buylead_created,40.8,1
C00001228,G0001076,2026-10-19 08:05:29,A,no_requirement,70.3,1
C00001229,G0001077,2026-10-19 13:13:39,A,buylead_created,16.6,1
C00001230,G0001078,2026-10-19 13:32:27,A,buylead_created,75.3,1
C00001231,G0001079,2026-10-19 19:18:48,A,no_connect,95.5,0
C00001232,G0001080,2026-10-19 17:14:28,A,no_requirement,227.8,1
C00001233,G0001081,2026-10-19 13:22:58,B,buylead_created,59.9,1
C00001234,G0001081,2026-10-20 13:22:58,B,other,73.9,1
C00001235,G0001082,2026-10-19 13:20:08,A,other,106.3,1
C00001236,G0001083,2026-10-19 13:47:46,B,requirement_unconfirmed,101.0,1
C00001237,G0001084,2026-10-19 14:48:09,A,buylead_created,77.0,1
C00001238,G0001085,2026-10-19 12:52:01,A,buylead_created,99.9,1
C00001239,G0001086,2026-10-19 13:53:58,A,no_requirement,0.6,1
C00001240,G0001087,2026-10-19 12:21:52,A,buylead_created,65.0,1
C00001241,G0001088,2026-10-19 12:51:34,A,buylead_created,91.9,1
C00001242,G0001089,2026-10-19 19:53:26,A,no_connect,57.7,0
C00001243,G0001090,2026-10-19 09:52:04,B,no_requirement,47.3,1
C00001244,G0001091,2026-10-19 16:40:00,A,requirement_unconfirmed,18.7,1
C00001245,G0001092,2026-10-19 18:28:04,B,buylead_created,212.2,1
C00001246,G0001093,2026-10-19 11:50:31,B,buylead_created,28.7,1
C00001247,G0001093,2026-10-20 14:50:31,B,other,46.9,1
C00001248,G0001094,2026-10-19 12:17:10,A,buylead_created,25.5,1
C00001249,G0001095,2026-10-19 09:32:48,A,no_requirement,78.9,1
C00001250,G0001096,2026-10-19 10:34:13,A,buylead_created,13.4,1
C00001251,G0001097,2026-10-19 09:33:05,A,particular_seller_only,84.7,1
C00001252,G0001098,2026-10-19 15:21:40,A,requirement_unconfirmed,14.0,1
C00001253,G0001099,2026-10-19 08:35:55,A,particular_seller_only,158.3,1
C00001254,G0001100,2026-10-19 17:57:55,A,no_requirement,79.3,1
C00001255,G0001101,2026-10-19 13:39:17,A,no_connect,14.8,0
C00001256,G0001102,2026-10-19 12:49:00,A,particular_seller_only,79.5,1
C00001257,G0001103,2026-10-19 11:32:47,A,requirement_unconfirmed,59.3,1
C00001258,G0001104,2026-10-19 18:38:07,A,no_requirement,82.9,1
C00001259,G0001105,2026-10-19 10:43:03,A,buylead_created,4.3,1
C00001260,G0001106,2026-10-19 11:54:46,A,particular_seller_only,43.5,1
C00001261,G0001107,2026-10-19 17:19:52,A,requirement_unconfirmed,102.2,1
C00001262,G0001107,2026-10-19 19:19:52,A,other,143.0,1
C00001263,G0001108,2026-10-19 18:25:10,A,buylead_created,164.8,1
C00001264,G0001109,2026-10-19 19:29:11,B,buylead_created,53.3,1
C00001265,G0001110,2026-10-19 08:45:39,A,buylead_created,19.4,1
C00001266,G0001111,2026-10-19 10:22:54,A,requirement_unconfirmed,232.6,1
C00001267,G0001112,2026-10-19 18:28:25,A,buylead_created,40.8,1
C00001268,G0001113,2026-10-19 18:45:50,B,particular_seller_only,85.0,1
C00001269,G0001114,2026-10-19 17:32:53,A,particular_seller_only,130.0,1
C00001270,G0001115,2026-10-19 11:44:32,A,requirement_unconfirmed,74.1,1
C00001271,G0001116,2026-10-19 19:13:53,A,requirement_unconfirmed,20.6,1
C00001272,G0001117,2026-10-19 11:06:51,B,no_connect,144.7,0
C00001273,G0001117,2026-10-19 20:06:51,B,other,25.6,1
C00001274,G0001118,2026-10-19 13:57:38,A,no_requirement,119.7,1
C00001275,G0001119,2026-10-19 13:12:41,A,particular_seller_only,91.2,1
C00001276,G0001120,2026-10-19 19:47:00,A,buylead_created,120.6,1
C00001277,G0001121,2026-10-19 09:27:37,B,buylead_created,95.5,1
C00001278,G0001122,2026-10-19 13:11:04,A,no_requirement,59.3,1
C00001279,G0001123,2026-10-19 12:25:48,A,no_requirement,114.9,1
C00001280,G0001124,2026-10-19 12:38:10,A,requirement_unconfirmed,59.5,1
C00001281,G0001125,2026-10-19 10:54:59,A,requirement_unconfirmed,78.2,1
C00001282,G0001126,2026-10-19 12:06:58,A,buylead_created,57.5,1
C00001283,G0001126,2026-10-19 21:06:58,A,other,100.9,1
C00001284,G0001127,2026-10-19 17:50:23,A,no_requirement,58.0,1
C00001285,G0001127,2026-10-20 11:50:23,A,other,32.5,1
C00001286,G0001128,2026-10-19 12:37:07,A,particular_seller_only,145.9,1
C00001287,G0001128,2026-10-19 20:37:07,A,other,50.6,1
C00001288,G0001129,2026-10-19 08:14:45,A,buylead_created,59.3,1
C00001289,G0001130,2026-10-19 08:38:05,A,no_requirement,85.6,1
C00001290,G0001131,2026-10-19 09:10:16,A,buylead_created,61.2,1
C00001291,G0001132,2026-10-19 09:37:58,A,no_requirement,14.1,1
C00001292,G0001133,2026-10-19 11:34:40,A,other,62.2,1
C00001293,G0001134,2026-10-19 08:32:06,A,buylead_created,105.4,1
C00001294,G0001134,2026-10-20 11:32:06,A,other,134.9,1
C00001295,G0001135,2026-10-19 18:15:50,B,buylead_created,22.5,1
C00001296,G0001136,2026-10-19 15:12:48,B,buylead_created,187.5,1
C00001297,G0001136,2026-10-19 19:12:48,B,other,27.3,1
C00001298,G0001137,2026-10-19 14:10:38,A,buylead_created,0.6,1
C00001299,G0001138,2026-10-19 09:00:25,A,buylead_created,231.0,1
C00001300,G0001139,2026-10-19 10:20:14,A,buylead_created,67.1,1
C00001301,G0001140,2026-10-19 13:28:56,A,buylead_created,49.4,1
C00001302,G0001141,2026-10-19 16:47:55,A,particular_seller_only,114.0,1
C00001303,G0001142,2026-10-19 19:45:17,A,requirement_unconfirmed,100.2,1
C00001304,G0001143,2026-10-19 12:06:18,A,no_connect,198.4,0
C00001305,G0001144,2026-10-19 09:37:16,A,particular_seller_only,0.9,1
C00001306,G0001145,2026-10-19 11:13:08,A,buylead_created,3.0,1
C00001307,G0001146,2026-10-19 14:13:09,A,requirement_unconfirmed,26.3,1
C00001308,G0001146,2026-10-20 07:13:09,A,other,118.9,1
C00001309,G0001147,2026-10-19 16:50:25,B,requirement_unconfirmed,71.2,1
C00001310,G0001148,2026-10-19 18:01:16,B,no_connect,30.0,0
C00001311,G0001148,2026-10-19 22:01:16,B,other,124.6,1
C00001312,G0001149,2026-10-19 14:56:30,B,buylead_created,42.0,1
C00001313,G0001150,2026-10-19 09:01:36,A,buylead_created,19.3,1
C00001314,G0001151,2026-10-19 16:11:23,B,requirement_unconfirmed,47.3,1
C00001315,G0001152,2026-10-19 12:26:43,A,requirement_unconfirmed,105.3,1
C00001316,G0001153,2026-10-19 10:15:56,B,particular_seller_only,62.9,1
C00001317,G0001154,2026-10-19 17:04:00,B,buylead_created,88.5,1
C00001318,G0001155,2026-10-19 12:56:38,A,no_requirement,166.2,1
C00001319,G0001156,2026-10-19 15:05:49,A,buylead_created,24.5,1
C00001320,G0001157,2026-10-19 16:52:02,A,requirement_unconfirmed,81.5,1
C00001321,G0001158,2026-10-19 10:31:03,A,no_connect,103.7,0
C00001322,G0001159,2026-10-19 14:05:09,A,requirement_unconfirmed,56.7,1
C00001323,G0001160,2026-10-19 18:40:57,A,buylead_created,24.8,1
C00001324,G0001161,2026-10-19 19:58:53,A,no_connect,87.3,0
C00001325,G0001162,2026-10-19 12:55:06,B,buylead_created,74.9,1
C00001326,G0001163,2026-10-19 16:22:51,A,no_requirement,89.1,1
C00001327,G0001164,2026-10-19 18:36:30,A,buylead_created,227.4,1
C00001328,G0001165,2026-10-19 12:44:51,A,buylead_created,78.4,1
C00001329,G0001166,2026-10-19 13:54:56,B,other,74.4,1
C00001330,G0001167,2026-10-19 17:33:30,B,no_requirement,71.2,1
C00001331,G0001168,2026-10-19 18:02:54,A,buylead_created,60.8,1
C00001332,G0001169,2026-10-19 09:28:24,B,buylead_created,92.9,1
C00001333,G0001170,2026-10-19 13:35:22,A,requirement_unconfirmed,38.8,1
C00001334,G0001170,2026-10-20 17:35:22,A,other,4.2,1
C00001335,G0001171,2026-10-19 10:57:19,A,no_connect,3.1,0
C00001336,G0001172,2026-10-19 18:51:18,B,buylead_created,137.9,1
C00001337,G0001172,2026-10-20 10:51:18,B,other,90.3,1
C00001338,G0001173,2026-10-19 08:18:25,A,buylead_created,66.1,1
C00001339,G0001174,2026-10-19 19:00:01,A,buylead_created,122.3,1
C00001340,G0001175,2026-10-19 09:56:56,B,buylead_created,63.8,1
C00001341,G0001176,2026-10-19 19:00:00,A,buylead_created,62.2,1
C00001342,G0001177,2026-10-19 08:48:43,A,particular_seller_only,134.2,1
C00001343,G0001178,2026-10-19 15:26:34,B,buylead_created,51.5,1
C00001344,G0001179,2026-10-19 12:45:59,B,buylead_created,96.8,1
C00001345,G0001180,2026-10-19 11:22:15,A,buylead_created,4.9,1
C00001346,G0001180,2026-10-20 08:22:15,A,other,55.0,1
C00001347,G0001181,2026-10-19 10:37:28,A,no_requirement,161.5,1
C00001348,G0001182,2026-10-19 17:27:16,B,buylead_created,239.2,1
C00001349,G0001183,2026-10-19 09:44:17,A,buylead_created,112.0,1
C00001350,G0001184,2026-10-19 17:57:13,A,buylead_created,62.0,1
C00001351,G0001185,2026-10-19 19:34:30,B,buylead_created,74.7,1
C00001352,G0001186,2026-10-19 11:08:57,A,particular_seller_only,19.4,1
C00001353,G0001187,2026-10-19 09:51:59,A,particular_seller_only,58.4,1
C00001354,G0001188,2026-10-19 14:54:08,B,buylead_created,3.5,1
C00001355,G0001189,2026-10-19 18:20:33,A,buylead_created,44.9,1
C00001356,G0001189,2026-10-20 21:20:33,A,other,66.1,1
C00001357,G0001190,2026-10-19 08:07:44,A,buylead_created,8.4,1
C00001358,G0001191,2026-10-19 10:13:37,B,buylead_created,107.7,1
C00001359,G0001192,2026-10-19 09:04:21,A,other,95.3,1
C00001360,G0001193,2026-10-19 19:04:27,A,buylead_created,136.3,1
C00001361,G0001194,2026-10-19 12:41:57,A,particular_seller_only,27.1,1
C00001362,G0001195,2026-10-19 13:42:34,A,buylead_created,11.8,1
C00001363,G0001196,2026-10-19 16:15:03,A,particular_seller_only,102.0,1
C00001364,G0001196,2026-10-20 16:15:03,A,other,79.3,1
C00001365,G0001197,2026-10-19 17:28:55,B,no_requirement,99.2,1
C00001366,G0001198,2026-10-19 13:18:38,A,particular_seller_only,13.6,1
C00001367,G0001199,2026-10-19 13:33:16,A,particular_seller_only,49.5,1
C00001368,G0001200,2026-10-20 11:05:47,A,buylead_created,81.4,1
C00001369,G0001201,2026-10-20 11:22:00,A,no_requirement,169.9,1
C00001370,G0001202,2026-10-20 16:58:02,A,requirement_unconfirmed,4.3,1
C00001371,G0001203,2026-10-20 08:25:30,A,buylead_created,68.0,1
C00001372,G0001204,2026-10-20 10:24:18,B,buylead_created,16.6,1
C00001373,G0001205,2026-10-20 15:43:55,A,requirement_unconfirmed,35.3,1
C00001374,G0001205,2026-10-21 20:43:55,A,other,17.5,1
C00001375,G0001206,2026-10-20 10:39:35,B,requirement_unconfirmed,9.8,1
C00001376,G0001207,2026-10-20 12:12:41,A,no_connect,54.1,0
C00001377,G0001208,2026-10-20 13:02:11,B,particular_seller_only,114.7,1
C00001378,G0001209,2026-10-20 09:20:54,B,requirement_unconfirmed,2.0,1
C00001379,G0001210,2026-10-20 16:14:00,A,buylead_created,21.4,1
C00001380,G0001211,2026-10-20 15:29:02,A,particular_seller_only,67.1,1
C00001381,G0001212,2026-10-20 12:33:54,A,buylead_created,60.6,1
C00001382,G0001213,2026-10-20 10:03:41,B,no_requirement,73.3,1
C00001383,G0001214,2026-10-20 12:32:12,A,buylead_created,19.9,1
C00001384,G0001214,2026-10-20 23:32:12,A,other,0.9,1
C00001385,G0001215,2026-10-20 14:37:18,A,buylead_created,21.5,1
C00001386,G0001216,2026-10-20 08:07:17,A,requirement_unconfirmed,58.4,1
C00001387,G0001217,2026-10-20 16:39:26,A,buylead_created,19.3,1
C00001388,G0001217,2026-10-20 18:39:26,A,other,62.7,1
C00001389,G0001218,2026-10-20 19:24:21,A,particular_seller_only,1.2,1
C00001390,G0001219,2026-10-20 12:16:10,A,no_connect,101.2,0
C00001391,G0001220,2026-10-20 12:41:09,A,buylead_created,68.0,1
C00001392,G0001221,2026-10-20 08:30:23,A,other,55.6,1
C00001393,G0001222,2026-10-20 09:09:03,A,buylead_created,128.4,1
C00001394,G0001223,2026-10-20 17:40:34,A,particular_seller_only,99.9,1
C00001395,G0001224,2026-10-20 11:57:57,A,buylead_created,67.1,1
C00001396,G0001225,2026-10-20 17:13:35,A,requirement_unconfirmed,111.3,1
C00001397,G0001226,2026-10-20 16:17:41,B,particular_seller_only,184.1,1
C00001398,G0001227,2026-10-20 13:03:16,A,buylead_created,55.6,1
C00001399,G0001228,2026-10-20 08:20:40,B,buylead_created,130.6,1
C00001400,G0001229,2026-10-20 10:39:39,A,requirement_unconfirmed,54.6,1
C00001401,G0001230,2026-10-20 13:28:34,A,no_requirement,164.8,1
C00001402,G0001231,2026-10-20 13:13:42,A,buylead_created,53.6,1
C00001403,G0001232,2026-10-20 14:24:47,A,buylead_created,79.1,1
C00001404,G0001233,2026-10-20 19:13:27,A,no_requirement,50.3,1
C00001405,G0001233,2026-10-20 23:13:27,A,other,15.9,1
C00001406,G0001234,2026-10-20 17:08:58,B,requirement_unconfirmed,49.2,1
C00001407,G0001235,2026-10-20 08:26:41,B,requirement_unconfirmed,193.8,1
C00001408,G0001236,2026-10-20 10:26:37,A,buylead_created,133.7,1
C00001409,G0001237,2026-10-20 09:29:01,A,requirement_unconfirmed,104.1,1
C00001410,G0001238,2026-10-20 16:35:03,B,buylead_created,112.4,1
C00001411,G0001239,2026-10-20 14:37:01,A,buylead_created,14.0,1
C00001412,G0001240,2026-10-20 18:24:44,A,buylead_created,34.8,1
C00001413,G0001241,2026-10-20 10:38:50,A,no_requirement,107.1,1
C00001414,G0001242,2026-10-20 17:33:33,A,no_requirement,140.5,1
C00001415,G0001243,2026-10-20 17:07:02,A,requirement_unconfirmed,23.0,1
C00001416,G0001244,2026-10-20 10:25:58,B,buylead_created,84.0,1
C00001417,G0001245,2026-10-20 10:33:03,B,requirement_unconfirmed,52.2,1
C00001418,G0001246,2026-10-20 08:25:40,B,buylead_created,73.0,1
C00001419,G0001247,2026-10-20 08:22:22,A,no_requirement,131.5,1
C00001420,G0001248,2026-10-20 10:48:22,A,no_requirement,227.8,1
C00001421,G0001249,2026-10-20 15:26:13,B,buylead_created,155.9,1
C00001422,G0001250,2026-10-20 19:55:24,A,particular_seller_only,4.2,1
C00001423,G0001251,2026-10-20 16:43:55,A,buylead_created,134.9,1
C00001424,G0001252,2026-10-20 10:34:36,B,no_requirement,102.6,1
C00001425,G0001253,2026-10-20 15:58:51,A,particular_seller_only,145.9,1
C00001426,G0001254,2026-10-20 19:13:54,A,other,119.7,1
C00001427,G0001255,2026-10-20 13:41:51,A,buylead_created,12.8,1
C00001428,G0001256,2026-10-20 19:49:40,B,no_requirement,65.1,1
C00001429,G0001257,2026-10-20 17:46:09,A,requirement_unconfirmed,70.1,1
C00001430,G0001258,2026-10-20 15:15:22,A,particular_seller_only,25.5,1
C00001431,G0001258,2026-10-21 01:15:22,A,other,176.8,1
C00001432,G0001259,2026-10-20 18:37:27,A,requirement_unconfirmed,93.0,1
C00001433,G0001260,2026-10-20 10:31:09,A,buylead_created,309.2,1
C00001434,G0001261,2026-10-20 10:30:56,B,no_connect,1.6,0
C00001435,G0001262,2026-10-20 10:11:08,A,no_requirement,128.4,1
C00001436,G0001263,2026-10-20 12:32:04,B,requirement_unconfirmed,45.6,1
C00001437,G0001264,2026-10-20 10:49:15,B,no_requirement,168.6,1
C00001438,G0001265,2026-10-20 18:06:25,A,no_connect,91.5,0
C00001439,G0001266,2026-10-20 11:03:11,A,buylead_created,62.0,1
C00001440,G0001267,2026-10-20 17:48:18,A,no_requirement,0.5,1
C00001441,G0001267,2026-10-21 22:48:18,A,other,70.6,1
C00001442,G0001268,2026-10-20 11:42:49,A,no_requirement,90.9,1
C00001443,G0001269,2026-10-20 11:21:50,B,buylead_created,78.1,1
C00001444,G0001270,2026-10-20 12:34:26,A,no_connect,77.8,0
C00001445,G0001271,2026-10-20 11:25:19,B,buylead_created,100.3,1
C00001446,G0001272,2026-10-20 12:23:54,B,buylead_created,80.0,1
C00001447,G0001273,2026-10-20 09:33:56,A,requirement_unconfirmed,5.6,1
C00001448,G0001274,2026-10-20 09:14:16,B,buylead_created,84.8,1
C00001449,G0001274,2026-10-20 13:14:16,B,other,15.8,1
C00001450,G0001275,2026-10-20 16:49:06,A,buylead_created,79.0,1
C00001451,G0001275,2026-10-21 07:49:06,A,other,158.3,1
C00001452,G0001276,2026-10-20 13:41:00,A,buylead_created,8.2,1
C00001453,G0001277,2026-10-20 08:54:50,A,no_requirement,13.4,1
C00001454,G0001278,2026-10-20 11:44:04,A,requirement_unconfirmed,3.0,1
C00001455,G0001279,2026-10-20 15:01:19,B,buylead_created,109.6,1
C00001456,G0001280,2026-10-20 17:29:55,A,buylead_created,15.8,1
C00001457,G0001281,2026-10-20 10:18:09,B,buylead_created,17.9,1
C00001458,G0001282,2026-10-20 10:28:43,A,no_requirement,105.3,1
C00001459,G0001283,2026-10-20 10:51:56,B,no_requirement,62.3,1
C00001460,G0001284,2026-10-20 14:46:56,A,requirement_unconfirmed,185.0,1
C00001461,G0001285,2026-10-20 18:10:31,A,buylead_created,17.9,1
C00001462,G0001285,2026-10-21 02:10:31,A,other,79.5,1
C00001463,G0001286,2026-10-20 11:06:21,B,buylead_created,116.8,1
C00001464,G0001287,2026-10-20 15:52:21,A,requirement_unconfirmed,25.8,1
C00001465,G0001288,2026-10-20 17:34:55,A,no_requirement,10.5,1
C00001466,G0001289,2026-10-20 12:08:43,A,buylead_created,68.5,1
C00001467,G0001290,2026-10-20 12:31:21,A,buylead_created,4.2,1
C00001468,G0001291,2026-10-20 13:20:17,A,no_requirement,97.3,1
C00001469,G0001292,2026-10-20 08:02:26,B,buylead_created,40.8,1
C00001470,G0001293,2026-10-20 14:31:24,B,particular_seller_only,88.9,1
C00001471,G0001294,2026-10-20 08:55:02,A,buylead_created,29.4,1
C00001472,G0001294,2026-10-21 07:55:02,A,other,64.8,1
C00001473,G0001295,2026-10-20 14:05:45,B,requirement_unconfirmed,132.0,1
C00001474,G0001296,2026-10-20 12:38:24,A,buylead_created,114.9,1
C00001475,G0001297,2026-10-20 09:06:56,A,requirement_unconfirmed,0.6,1
C00001476,G0001298,2026-10-20 12:48:58,B,buylead_created,11.3,1
C00001477,G0001299,2026-10-20 17:10:39,A,no_requirement,70.3,1
C00001478,G0001300,2026-10-20 08:17:45,A,buylead_created,159.0,1
C00001479,G0001301,2026-10-20 18:59:27,A,buylead_created,35.0,1
C00001480,G0001302,2026-10-20 13:01:48,B,buylead_created,100.1,1
C00001481,G0001303,2026-10-20 10:10:11,A,buylead_created,184.4,1
C00001482,G0001304,2026-10-20 18:36:49,A,buylead_created,182.6,1
C00001483,G0001305,2026-10-20 14:08:55,A,particular_seller_only,231.0,1
C00001484,G0001305,2026-10-21 05:08:55,A,other,65.1,1
C00001485,G0001306,2026-10-20 17:46:44,A,no_requirement,26.3,1
C00001486,G0001307,2026-10-20 15:42:09,A,requirement_unconfirmed,5.6,1
C00001487,G0001308,2026-10-20 15:16:47,A,no_connect,13.4,0
C00001488,G0001309,2026-10-20 11:45:23,B,buylead_created,20.5,1
C00001489,G0001310,2026-10-20 17:19:00,B,no_requirement,32.5,1
C00001490,G0001311,2026-10-20 13:24:07,B,requirement_unconfirmed,22.3,1
C00001491,G0001311,2026-10-21 10:24:07,B,other,116.7,1
C00001492,G0001312,2026-10-20 14:05:13,A,buylead_created,111.9,1
C00001493,G0001313,2026-10-20 08:16:16,A,no_connect,91.3,0
C00001494,G0001314,2026-10-20 15:40:51,A,requirement_unconfirmed,44.1,1
C00001495,G0001315,2026-10-20 08:58:58,A,requirement_unconfirmed,58.8,1
C00001496,G0001316,2026-10-20 19:45:43,A,particular_seller_only,119.7,1
C00001497,G0001317,2026-10-20 18:26:29,A,buylead_created,103.7,1
C00001498,G0001318,2026-10-20 18:49:27,B,particular_seller_only,76.8,1
C00001499,G0001319,2026-10-20 15:55:16,A,buylead_created,92.7,1
C00001500,G0001319,2026-10-21 11:55:16,A,other,40.2,1
C00001501,G0001320,2026-10-20 12:11:49,B,no_requirement,187.5,1
C00001502,G0001321,2026-10-20 15:52:34,A,no_connect,41.0,0
C00001503,G0001322,2026-10-20 19:27:00,A,no_requirement,59.5,1
C00001504,G0001323,2026-10-20 12:03:55,B,buylead_created,82.3,1
C00001505,G0001324,2026-10-20 19:41:37,A,buylead_created,60.3,1
C00001506,G0001325,2026-10-20 13:01:10,B,requirement_unconfirmed,26.7,1
C00001507,G0001325,2026-10-20 22:01:10,B,other,62.2,1
C00001508,G0001326,2026-10-20 14:47:07,A,buylead_created,63.8,1
C00001509,G0001327,2026-10-20 10:35:45,A,buylead_created,89.1,1
C00001510,G0001328,2026-10-20 18:17:27,A,buylead_created,78.4,1
C00001511,G0001329,2026-10-20 19:03:15,B,no_requirement,99.1,1
C00001512,G0001330,2026-10-20 09:09:32,B,no_requirement,39.2,1
C00001513,G0001331,2026-10-20 12:50:39,A,requirement_unconfirmed,119.4,1
C00001514,G0001332,2026-10-20 14:41:16,A,buylead_created,90.9,1
C00001515,G0001333,2026-10-20 08:07:02,A,buylead_created,42.8,1
C00001516,G0001334,2026-10-20 08:14:23,B,buylead_created,42.9,1
C00001517,G0001334,2026-10-21 09:14:23,B,other,95.8,1
C00001518,G0001335,2026-10-20 17:44:22,B,no_requirement,56.2,1
C00001519,G0001335,2026-10-21 17:44:22,B,other,53.5,1
C00001520,G0001336,2026-10-20 12:12:18,B,particular_seller_only,131.7,1
C00001521,G0001337,2026-10-20 15:16:56,B,buylead_created,113.1,1
C00001522,G0001338,2026-10-20 18:21:18,B,no_connect,187.5,0
C00001523,G0001339,2026-10-20 14:56:19,B,buylead_created,41.8,1
C00001524,G0001339,2026-10-21 19:56:19,B,other,169.9,1
C00001525,G0001340,2026-10-20 19:52:09,A,buylead_created,54.0,1
C00001526,G0001341,2026-10-20 09:14:05,B,no_connect,112.1,0
C00001527,G0001342,2026-10-20 16:41:51,A,buylead_created,58.4,1
C00001528,G0001343,2026-10-20 17:51:24,A,buylead_created,79.1,1
C00001529,G0001344,2026-10-20 08:26:11,A,buylead_created,18.1,1
C00001530,G0001345,2026-10-20 08:33:50,A,particular_seller_only,46.7,1
C00001531,G0001346,2026-10-20 12:50:44,B,no_requirement,98.6,1
C00001532,G0001347,2026-10-20 13:48:38,A,buylead_created,7.5,1
C00001533,G0001348,2026-10-20 19:39:10,B,particular_seller_only,70.1,1
C00001534,G0001349,2026-10-20 12:22:42,A,buylead_created,134.5,1
C00001535,G0001350,2026-10-21 15:33:47,A,buylead_created,89.6,1
C00001536,G0001351,2026-10-21 13:55:10,A,no_requirement,0.5,1
C00001537,G0001352,2026-10-21 16:17:48,A,particular_seller_only,1.7,1
C00001538,G0001353,2026-10-21 12:07:13,B,buylead_created,106.5,1
C00001539,G0001353,2026-10-22 01:07:13,B,other,64.0,1
C00001540,G0001354,2026-10-21 19:55:31,B,buylead_created,94.5,1
C00001541,G0001355,2026-10-21 10:08:07,A,no_connect,65.1,0
C00001542,G0001356,2026-10-21 16:45:07,A,buylead_created,59.3,1
C00001543,G0001357,2026-10-21 10:54:04,A,particular_seller_only,77.0,1
C00001544,G0001358,2026-10-21 19:36:04,A,no_connect,2.6,0
C00001545,G0001359,2026-10-21 15:37:23,B,buylead_created,38.5,1
C00001546,G0001360,2026-10-21 13:34:23,A,buylead_created,81.4,1
C00001547,G0001361,2026-10-21 17:06:43,A,no_requirement,112.6,1
C00001548,G0001362,2026-10-21 19:06:36,A,buylead_created,192.7,1
C00001549,G0001363,2026-10-21 16:55:54,A,buylead_created,92.0,1
C00001550,G0001364,2026-10-21 08:44:53,B,no_requirement,80.5,1
C00001551,G0001365,2026-10-21 11:06:51,A,no_requirement,54.7,1
C00001552,G0001366,2026-10-21 12:26:21,A,particular_seller_only,105.4,1
C00001553,G0001367,2026-10-21 19:48:24,A,requirement_unconfirmed,100.9,1
C00001554,G0001367,2026-10-22 14:48:24,A,other,114.8,1
C00001555,G0001368,2026-10-21 09:46:45,B,particular_seller_only,414.5,1
C00001556,G0001369,2026-10-21 09:36:30,A,requirement_unconfirmed,109.7,1
C00001557,G0001369,2026-10-22 03:36:30,A,other,44.9,1
C00001558,G0001370,2026-10-21 16:19:52,A,requirement_unconfirmed,91.7,1
C00001559,G0001371,2026-10-21 15:38:49,B,buylead_created,55.8,1
C00001560,G0001372,2026-10-21 17:54:26,A,particular_seller_only,77.1,1
C00001561,G0001373,2026-10-21 09:01:22,A,no_requirement,14.5,1
C00001562,G0001373,2026-10-22 11:01:22,A,other,79.6,1
C00001563,G0001374,2026-10-21 09:23:26,A,particular_seller_only,78.6,1
C00001564,G0001375,2026-10-21 19:51:54,B,buylead_created,140.1,1
C00001565,G0001376,2026-10-21 17:10:42,A,no_requirement,4.0,1
C00001566,G0001377,2026-10-21 11:46:19,A,buylead_created,57.7,1
C00001567,G0001378,2026-10-21 11:50:24,A,buylead_created,117.2,1
C00001568,G0001379,2026-10-21 08:05:48,B,buylead_created,112.0,1
C00001569,G0001380,2026-10-21 10:04:40,B,requirement_unconfirmed,62.6,1
C00001570,G0001381,2026-10-21 10:41:08,A,buylead_created,53.6,1
C00001571,G0001382,2026-10-21 15:57:03,B,other,41.8,1
C00001572,G0001383,2026-10-21 11:24:14,B,buylead_created,7.2,1
C00001573,G0001384,2026-10-21 19:06:31,A,particular_seller_only,41.4,1
C00001574,G0001385,2026-10-21 14:29:28,A,particular_seller_only,68.0,1
C00001575,G0001385,2026-10-22 14:29:28,A,other,75.3,1
C00001576,G0001386,2026-10-21 17:51:21,A,buylead_created,56.0,1
C00001577,G0001387,2026-10-21 14:25:18,A,no_connect,7.6,0
C00001578,G0001387,2026-10-22 11:25:18,A,other,79.5,1
C00001579,G0001388,2026-10-21 14:37:16,A,requirement_unconfirmed,62.3,1
C00001580,G0001389,2026-10-21 08:28:43,A,particular_seller_only,34.3,1
C00001581,G0001390,2026-10-21 10:30:30,A,no_requirement,56.7,1
C00001582,G0001391,2026-10-21 14:58:22,A,buylead_created,17.5,1
C00001583,G0001392,2026-10-21 08:43:51,A,buylead_created,18.1,1
C00001584,G0001393,2026-10-21 18:06:10,A,buylead_created,63.6,1
C00001585,G0001394,2026-10-21 18:56:24,A,particular_seller_only,42.8,1
C00001586,G0001394,2026-10-22 07:56:24,A,other,139.2,1
C00001587,G0001395,2026-10-21 11:04:57,A,no_requirement,92.0,1
C00001588,G0001396,2026-10-21 12:19:49,A,requirement_unconfirmed,26.6,1
C00001589,G0001397,2026-10-21 08:33:30,A,buylead_created,309.2,1
C00001590,G0001398,2026-10-21 09:59:35,B,no_connect,135.8,0
C00001591,G0001399,2026-10-21 11:48:13,B,buylead_created,145.5,1
C00001592,G0001400,2026-10-21 18:13:27,B,particular_seller_only,3.5,1
C00001593,G0001400,2026-10-22 21:13:27,B,other,44.9,1
C00001594,G0001401,2026-10-21 19:29:30,B,requirement_unconfirmed,0.5,1
C00001595,G0001402,2026-10-21 17:12:14,A,buylead_created,62.7,1
C00001596,G0001403,2026-10-21 09:22:33,B,buylead_created,82.3,1
C00001597,G0001404,2026-10-21 10:07:46,A,requirement_unconfirmed,92.5,1
C00001598,G0001405,2026-10-21 11:31:12,A,buylead_created,64.0,1
C00001599,G0001406,2026-10-21 16:36:19,A,requirement_unconfirmed,70.1,1
C00001600,G0001407,2026-10-21 16:00:54,B,no_requirement,41.8,1
C00001601,G0001408,2026-10-21 15:07:34,A,buylead_created,73.4,1
C00001602,G0001408,2026-10-22 19:07:34,A,other,105.4,1
C00001603,G0001409,2026-10-21 19:18:01,A,no_connect,82.2,0
C00001604,G0001410,2026-10-21 09:28:12,B,no_requirement,91.9,1
C00001605,G0001411,2026-10-21 13:22:23,A,particular_seller_only,61.3,1
C00001606,G0001412,2026-10-21 13:41:31,A,buylead_created,1.2,1
C00001607,G0001413,2026-10-21 16:00:02,B,no_requirement,145.8,1
C00001608,G0001414,2026-10-21 09:12:18,A,particular_seller_only,14.8,1
C00001609,G0001415,2026-10-21 09:34:10,A,no_connect,77.5,0
C00001610,G0001416,2026-10-21 19:36:52,A,no_requirement,83.2,1
C00001611,G0001417,2026-10-21 11:43:20,A,buylead_created,47.6,1
C00001612,G0001417,2026-10-22 13:43:20,A,other,159.0,1
C00001613,G0001418,2026-10-21 08:24:54,A,buylead_created,184.4,1
C00001614,G0001419,2026-10-21 12:22:25,A,requirement_unconfirmed,117.8,1
C00001615,G0001420,2026-10-21 12:26:15,B,no_connect,13.7,0
C00001616,G0001420,2026-10-22 17:26:15,B,other,8.8,1
C00001617,G0001421,2026-10-21 08:00:13,A,buylead_created,21.3,1
C00001618,G0001421,2026-10-21 23:00:13,A,other,183.9,1
C00001619,G0001422,2026-10-21 10:49:33,A,no_requirement,153.4,1
C00001620,G0001423,2026-10-21 09:45:45,A,no_requirement,40.2,1
C00001621,G0001423,2026-10-21 18:45:45,A,other,21.4,1
C00001622,G0001424,2026-10-21 11:23:25,A,buylead_created,87.5,1
C00001623,G0001424,2026-10-21 15:23:25,A,other,63.7,1
C00001624,G0001425,2026-10-21 14:35:39,A,buylead_created,48.7,1
C00001625,G0001426,2026-10-21 19:57:22,A,no_requirement,81.4,1
C00001626,G0001427,2026-10-21 08:14:39,A,buylead_created,6.2,1
C00001627,G0001428,2026-10-21 14:26:58,B,no_connect,112.1,0
C00001628,G0001429,2026-10-21 14:23:31,B,buylead_created,52.2,1
C00001629,G0001430,2026-10-21 08:29:41,B,requirement_unconfirmed,203.9,1
C00001630,G0001430,2026-10-21 22:29:41,B,other,93.0,1
C00001631,G0001431,2026-10-21 13:39:57,A,requirement_unconfirmed,51.6,1
C00001632,G0001432,2026-10-21 14:07:59,A,buylead_created,19.2,1
C00001633,G0001433,2026-10-21 12:46:54,A,particular_seller_only,43.8,1
C00001634,G0001433,2026-10-22 17:46:54,A,other,98.8,1
C00001635,G0001434,2026-10-21 10:37:18,A,buylead_created,10.6,1
C00001636,G0001434,2026-10-22 08:37:18,A,other,169.9,1
C00001637,G0001435,2026-10-21 10:33:55,B,buylead_created,92.4,1
C00001638,G0001436,2026-10-21 08:54:24,A,no_requirement,184.4,1
C00001639,G0001437,2026-10-21 15:41:37,A,buylead_created,10.0,1
C00001640,G0001438,2026-10-21 15:30:57,B,no_requirement,190.5,1
C00001641,G0001439,2026-10-21 17:37:45,B,buylead_created,95.4,1
C00001642,G0001440,2026-10-21 17:40:45,B,buylead_created,28.4,1
C00001643,G0001441,2026-10-21 09:01:47,A,particular_seller_only,56.1,1
C00001644,G0001442,2026-10-21 14:10:49,A,requirement_unconfirmed,46.5,1
C00001645,G0001443,2026-10-21 15:08:02,B,particular_seller_only,67.2,1
C00001646,G0001444,2026-10-21 15:19:06,B,no_requirement,91.8,1
C00001647,G0001445,2026-10-21 14:44:13,A,buylead_created,192.7,1
C00001648,G0001446,2026-10-21 13:45:26,A,other,108.9,1
C00001649,G0001447,2026-10-21 15:46:49,B,buylead_created,113.1,1
C00001650,G0001448,2026-10-21 12:13:33,B,no_requirement,184.1,1
C00001651,G0001449,2026-10-21 14:39:15,A,buylead_created,91.2,1
C00001652,G0001450,2026-10-21 15:53:25,A,requirement_unconfirmed,63.9,1
C00001653,G0001451,2026-10-21 10:19:31,A,buylead_created,89.6,1
C00001654,G0001452,2026-10-21 19:28:02,A,buylead_created,91.3,1
C00001655,G0001452,2026-10-22 23:28:02,A,other,61.1,1
C00001656,G0001453,2026-10-21 16:25:01,A,particular_seller_only,47.8,1
C00001657,G0001454,2026-10-21 18:33:37,B,buylead_created,93.7,1
C00001658,G0001455,2026-10-21 17:31:18,A,particular_seller_only,113.3,1
C00001659,G0001455,2026-10-22 08:31:18,A,other,85.5,1
C00001660,G0001456,2026-10-21 18:15:01,A,requirement_unconfirmed,76.5,1
C00001661,G0001457,2026-10-21 10:52:30,B,buylead_created,134.7,1
C00001662,G0001458,2026-10-21 16:41:16,A,no_connect,68.4,0
C00001663,G0001459,2026-10-21 17:02:17,A,no_requirement,0.6,1
C00001664,G0001459,2026-10-22 03:02:17,A,other,120.6,1
C00001665,G0001460,2026-10-21 17:55:10,A,requirement_unconfirmed,33.2,1
C00001666,G0001461,2026-10-21 08:09:49,B,buylead_created,49.0,1
C00001667,G0001462,2026-10-21 15:21:59,A,buylead_created,23.4,1
C00001668,G0001463,2026-10-21 10:08:59,A,no_requirement,36.6,1
C00001669,G0001463,2026-10-22 00:08:59,A,other,23.7,1
C00001670,G0001464,2026-10-21 14:52:22,B,buylead_created,4.1,1
C00001671,G0001465,2026-10-21 18:42:12,B,buylead_created,207.0,1
C00001672,G0001466,2026-10-21 16:32:33,A,no_requirement,59.5,1
C00001673,G0001467,2026-10-21 14:04:39,A,particular_seller_only,3.2,1
C00001674,G0001468,2026-10-21 11:41:40,A,requirement_unconfirmed,90.8,1
C00001675,G0001469,2026-10-21 18:05:22,B,buylead_created,16.6,1
C00001676,G0001470,2026-10-21 13:22:33,A,buylead_created,59.3,1
C00001677,G0001471,2026-10-21 10:50:22,B,buylead_created,65.0,1
C00001678,G0001472,2026-10-21 13:11:29,A,no_requirement,69.0,1
C00001679,G0001473,2026-10-21 18:08:40,A,no_requirement,80.6,1
C00001680,G0001473,2026-10-22 14:08:40,A,other,107.9,1
C00001681,G0001474,2026-10-21 12:55:01,A,buylead_created,12.6,1
C00001682,G0001475,2026-10-21 13:48:15,B,no_requirement,74.7,1
C00001683,G0001476,2026-10-21 09:37:10,A,requirement_unconfirmed,7.6,1
C00001684,G0001477,2026-10-21 15:32:07,B,buylead_created,81.0,1
C00001685,G0001478,2026-10-21 08:14:13,A,buylead_created,12.2,1
C00001686,G0001479,2026-10-21 16:01:59,B,other,113.1,1
C00001687,G0001479,2026-10-21 18:01:59,B,other,137.3,1
C00001688,G0001480,2026-10-21 14:02:47,A,buylead_created,3.0,1
C00001689,G0001481,2026-10-21 19:05:48,B,buylead_created,94.8,1
C00001690,G0001482,2026-10-21 10:31:18,A,particular_seller_only,62.4,1
C00001691,G0001483,2026-10-21 16:02:03,B,buylead_created,3.1,1
C00001692,G0001484,2026-10-21 17:37:37,A,no_requirement,79.0,1
C00001693,G0001485,2026-10-21 13:18:16,A,no_connect,97.3,0
C00001694,G0001486,2026-10-21 17:25:40,A,buylead_created,199.8,1
C00001695,G0001487,2026-10-21 15:19:40,B,buylead_created,57.8,1
C00001696,G0001488,2026-10-21 14:01:16,A,requirement_unconfirmed,19.4,1
C00001697,G0001489,2026-10-21 15:52:40,A,no_connect,82.9,0
C00001698,G0001490,2026-10-21 08:58:14,A,buylead_created,175.5,1
C00001699,G0001491,2026-10-21 11:35:07,A,no_requirement,142.8,1
C00001700,G0001491,2026-10-22 01:35:07,A,other,68.6,1
C00001701,G0001492,2026-10-21 08:16:04,A,buylead_created,115.9,1
C00001702,G0001493,2026-10-21 13:10:56,A,requirement_unconfirmed,54.9,1
C00001703,G0001494,2026-10-21 09:52:27,A,requirement_unconfirmed,85.6,1
C00001704,G0001495,2026-10-21 18:14:52,A,no_requirement,70.3,1
C00001705,G0001496,2026-10-21 08:13:36,B,buylead_created,135.2,1
C00001706,G0001497,2026-10-21 10:18:13,A,requirement_unconfirmed,28.3,1
C00001707,G0001498,2026-10-21 10:54:03,A,requirement_unconfirmed,96.9,1
C00001708,G0001498,2026-10-21 17:54:03,A,other,1.7,1
C00001709,G0001499,2026-10-21 16:59:15,A,particular_seller_only,32.1,1
C00001710,G0001500,2026-10-22 11:20:58,A,no_connect,108.9,0
C00001711,G0001501,2026-10-22 17:57:54,A,no_requirement,108.9,1
C00001712,G0001502,2026-10-22 18:24:08,A,no_connect,45.6,0
C00001713,G0001503,2026-10-22 12:45:47,A,requirement_unconfirmed,122.3,1
C00001714,G0001504,2026-10-22 11:41:27,A,buylead_created,77.1,1
C00001715,G0001505,2026-10-22 11:21:35,B,buylead_created,111.5,1
C00001716,G0001506,2026-10-22 18:04:26,A,requirement_unconfirmed,100.2,1
C00001717,G0001507,2026-10-22 09:01:46,B,buylead_created,88.7,1
C00001718,G0001508,2026-10-22 15:34:50,A,requirement_unconfirmed,145.2,1
C00001719,G0001508,2026-10-23 15:34:50,A,other,75.9,1
C00001720,G0001509,2026-10-22 12:34:13,A,buylead_created,45.6,1
C00001721,G0001510,2026-10-22 08:27:49,A,no_requirement,122.3,1
C00001722,G0001511,2026-10-22 15:34:07,A,no_requirement,120.6,1
C00001723,G0001512,2026-10-22 09:44:19,A,buylead_created,84.0,1
C00001724,G0001513,2026-10-22 16:29:20,B,buylead_created,72.0,1
C00001725,G0001514,2026-10-22 08:17:35,A,buylead_created,2.4,1
C00001726,G0001515,2026-10-22 09:40:18,B,buylead_created,31.4,1
C00001727,G0001516,2026-10-22 17:28:16,A,other,94.2,1
C00001728,G0001517,2026-10-22 09:25:16,B,buylead_created,21.5,1
C00001729,G0001518,2026-10-22 11:18:25,A,requirement_unconfirmed,30.8,1
C00001730,G0001519,2026-10-22 19:16:39,A,buylead_created,66.0,1
C00001731,G0001520,2026-10-22 13:27:41,A,no_requirement,61.0,1
C00001732,G0001521,2026-10-22 09:31:50,A,requirement_unconfirmed,40.8,1
C00001733,G0001522,2026-10-22 15:18:44,A,buylead_created,40.2,1
C00001734,G0001523,2026-10-22 18:40:03,A,buylead_created,79.8,1
C00001735,G0001523,2026-10-23 09:40:03,A,other,8.8,1
C00001736,G0001524,2026-10-22 14:36:40,A,buylead_created,61.2,1
C00001737,G0001525,2026-10-22 09:15:26,A,other,52.1,1
C00001738,G0001526,2026-10-22 14:30:08,B,no_connect,148.4,0
C00001739,G0001526,2026-10-23 12:30:08,B,other,85.6,1
C00001740,G0001527,2026-10-22 08:46:04,B,no_requirement,93.1,1
C00001741,G0001527,2026-10-23 02:46:04,B,other,70.1,1
C00001742,G0001528,2026-10-22 10:49:20,A,particular_seller_only,123.7,1
C00001743,G0001529,2026-10-22 13:46:16,B,particular_seller_only,98.8,1
C00001744,G0001530,2026-10-22 16:36:54,A,buylead_created,57.5,1
C00001745,G0001531,2026-10-22 17:04:50,B,buylead_created,221.3,1
C00001746,G0001532,2026-10-22 09:54:10,A,buylead_created,64.2,1
C00001747,G0001533,2026-10-22 08:13:16,A,requirement_unconfirmed,12.2,1
C00001748,G0001534,2026-10-22 16:59:24,A,no_requirement,4.8,1
C00001749,G0001535,2026-10-22 13:07:47,B,particular_seller_only,17.5,1
C00001750,G0001536,2026-10-22 17:39:16,A,no_requirement,77.5,1
C00001751,G0001537,2026-10-22 08:08:45,B,buylead_created,130.1,1
C00001752,G0001538,2026-10-22 10:25:32,A,buylead_created,10.9,1
C00001753,G0001539,2026-10-22 19:19:39,A,no_requirement,98.8,1
C00001754,G0001540,2026-10-22 19:55:44,B,buylead_created,145.8,1
C00001755,G0001541,2026-10-22 19:11:52,A,buylead_created,89.9,1
C00001756,G0001541,2026-10-23 04:11:52,A,other,10.0,1
C00001757,G0001542,2026-10-22 14:30:43,A,buylead_created,76.5,1
C00001758,G0001543,2026-10-22 11:00:54,A,buylead_created,87.3,1
C00001759,G0001544,2026-10-22 18:02:33,A,buylead_created,54.3,1
C00001760,G0001545,2026-10-22 13:01:55,B,buylead_created,126.7,1
C00001761,G0001546,2026-10-22 12:28:12,B,particular_seller_only,64.4,1
C00001762,G0001547,2026-10-22 12:26:17,B,buylead_created,92.4,1
C00001763,G0001548,2026-10-22 17:10:52,B,no_requirement,71.5,1
C00001764,G0001549,2026-10-22 15:20:33,A,no_connect,95.0,0
C00001765,G0001550,2026-10-22 12:36:41,A,buylead_created,21.3,1
C00001766,G0001550,2026-10-23 04:36:41,A,other,176.4,1
C00001767,G0001551,2026-10-22 17:22:45,A,particular_seller_only,147.5,1
C00001768,G0001552,2026-10-22 15:13:36,A,other,12.6,1
C00001769,G0001553,2026-10-22 09:25:59,B,buylead_created,85.2,1
C00001770,G0001554,2026-10-22 18:59:49,A,no_requirement,107.1,1
C00001771,G0001554,2026-10-22 20:59:49,A,other,1.3,1
C00001772,G0001555,2026-10-22 16:42:30,A,requirement_unconfirmed,14.9,1
C00001773,G0001556,2026-10-22 17:54:49,A,buylead_created,129.7,1
C00001774,G0001556,2026-10-23 04:54:49,A,other,124.6,1
C00001775,G0001557,2026-10-22 10:37:39,A,requirement_unconfirmed,17.9,1
C00001776,G0001558,2026-10-22 18:53:59,A,buylead_created,91.5,1
C00001777,G0001559,2026-10-22 16:59:41,B,requirement_unconfirmed,34.0,1
C00001778,G0001560,2026-10-22 17:40:12,A,other,8.6,1
C00001779,G0001561,2026-10-22 18:56:38,A,buylead_created,54.1,1
C00001780,G0001562,2026-10-22 13:59:24,A,no_requirement,1.7,1
C00001781,G0001563,2026-10-22 19:42:26,A,no_requirement,4.2,1
C00001782,G0001563,2026-10-23 01:42:26,A,other,82.2,1
C00001783,G0001564,2026-10-22 15:45:43,A,buylead_created,79.5,1
C00001784,G0001564,2026-10-22 17:45:43,A,other,56.6,1
C00001785,G0001565,2026-10-22 09:55:57,B,particular_seller_only,19.0,1
C00001786,G0001566,2026-10-22 16:44:37,A,buylead_created,53.5,1
C00001787,G0001566,2026-10-23 12:44:37,A,other,121.5,1
C00001788,G0001567,2026-10-22 18:57:09,A,requirement_unconfirmed,100.4,1
C00001789,G0001568,2026-10-22 09:45:16,A,requirement_unconfirmed,105.6,1
C00001790,G0001569,2026-10-22 15:28:28,A,buylead_created,72.3,1
C00001791,G0001570,2026-10-22 19:03:16,B,buylead_created,33.7,1
C00001792,G0001571,2026-10-22 10:55:40,B,other,60.4,1
C00001793,G0001572,2026-10-22 10:29:44,A,requirement_unconfirmed,51.1,1
C00001794,G0001573,2026-10-22 15:21:34,A,no_requirement,130.2,1
C00001795,G0001574,2026-10-22 10:01:47,A,no_requirement,7.6,1
C00001796,G0001575,2026-10-22 08:51:04,A,requirement_unconfirmed,66.0,1
C00001797,G0001576,2026-10-22 15:16:49,B,buylead_created,50.5,1
C00001798,G0001576,2026-10-22 17:16:49,B,other,76.6,1
C00001799,G0001577,2026-10-22 19:47:07,A,requirement_unconfirmed,103.7,1
C00001800,G0001578,2026-10-22 18:13:22,A,requirement_unconfirmed,54.1,1
C00001801,G0001579,2026-10-22 16:26:38,A,buylead_created,47.5,1
C00001802,G0001580,2026-10-22 15:00:15,A,no_requirement,80.2,1
C00001803,G0001580,2026-10-23 16:00:15,A,other,79.3,1
C00001804,G0001581,2026-10-22 15:35:26,A,buylead_created,3.0,1
C00001805,G0001582,2026-10-22 12:19:43,A,buylead_created,42.0,1
C00001806,G0001583,2026-10-22 09:47:47,A,no_connect,57.0,0
C00001807,G0001584,2026-10-22 08:48:22,A,buylead_created,36.6,1
C00001808,G0001585,2026-10-22 12:36:52,B,particular_seller_only,76.7,1
C00001809,G0001586,2026-10-22 13:44:06,A,no_connect,56.1,0
C00001810,G0001587,2026-10-22 19:30:07,B,no_connect,14.6,0
C00001811,G0001588,2026-10-22 13:14:04,A,requirement_unconfirmed,130.2,1
C00001812,G0001589,2026-10-22 11:36:23,B,buylead_created,110.3,1
C00001813,G0001590,2026-10-22 15:07:54,A,buylead_created,49.4,1
C00001814,G0001591,2026-10-22 16:27:02,A,no_requirement,17.9,1
C00001815,G0001591,2026-10-22 20:27:02,A,other,10.6,1
C00001816,G0001592,2026-10-22 09:30:40,B,buylead_created,238.0,1
C00001817,G0001593,2026-10-22 15:43:30,A,no_requirement,130.0,1
C00001818,G0001594,2026-10-22 18:36:50,A,particular_seller_only,33.0,1
C00001819,G0001595,2026-10-22 13:57:37,A,other,81.5,1
C00001820,G0001596,2026-10-22 16:08:29,B,particular_seller_only,15.1,1
C00001821,G0001597,2026-10-22 10:52:09,B,particular_seller_only,210.6,1
C00001822,G0001598,2026-10-22 19:14:19,A,no_connect,56.6,0
C00001823,G0001599,2026-10-22 13:41:02,B,buylead_created,2.0,1
C00001824,G0001599,2026-10-22 19:41:02,B,other,65.2,1
C00001825,G0001600,2026-10-22 18:42:28,A,buylead_created,18.1,1
C00001826,G0001601,2026-10-22 09:50:26,A,buylead_created,14.0,1
C00001827,G0001602,2026-10-22 12:37:19,B,buylead_created,108.3,1
C00001828,G0001603,2026-10-22 18:07:12,A,no_requirement,0.6,1
C00001829,G0001604,2026-10-22 09:37:19,A,buylead_created,5.0,1
C00001830,G0001604,2026-10-23 00:37:19,A,other,94.2,1
C00001831,G0001605,2026-10-22 10:11:30,A,no_requirement,27.1,1
C00001832,G0001606,2026-10-22 11:09:18,A,other,33.3,1
C00001833,G0001607,2026-10-22 15:51:05,A,buylead_created,11.4,1
C00001834,G0001608,2026-10-22 14:57:45,A,buylead_created,28.2,1
C00001835,G0001609,2026-10-22 13:29:43,B,buylead_created,207.0,1
C00001836,G0001610,2026-10-22 10:32:29,B,buylead_created,190.9,1
C00001837,G0001611,2026-10-22 13:15:59,A,requirement_unconfirmed,70.1,1
C00001838,G0001612,2026-10-22 14:44:27,A,buylead_created,59.3,1
C00001839,G0001612,2026-10-22 16:44:27,A,other,309.2,1
C00001840,G0001613,2026-10-22 10:32:01,A,requirement_unconfirmed,52.1,1
C00001841,G0001614,2026-10-22 19:15:37,A,no_requirement,11.8,1
C00001842,G0001615,2026-10-22 17:50:55,A,requirement_unconfirmed,41.5,1
C00001843,G0001616,2026-10-22 14:21:00,B,no_connect,23.1,0
C00001844,G0001617,2026-10-22 17:32:54,A,buylead_created,72.4,1
C00001845,G0001618,2026-10-22 15:37:07,B,buylead_created,107.7,1
C00001846,G0001619,2026-10-22 13:47:16,B,particular_seller_only,19.1,1
C00001847,G0001619,2026-10-23 00:47:16,B,other,14.5,1
C00001848,G0001620,2026-10-22 14:38:02,A,buylead_created,78.6,1
C00001849,G0001621,2026-10-22 13:38:26,A,particular_seller_only,94.2,1
C00001850,G0001622,2026-10-22 15:10:43,A,buylead_created,53.9,1
C00001851,G0001623,2026-10-22 12:31:44,A,buylead_created,51.9,1
C00001852,G0001624,2026-10-22 19:52:41,A,buylead_created,62.7,1
C00001853,G0001624,2026-10-23 08:52:41,A,other,122.3,1
C00001854,G0001625,2026-10-22 13:17:07,B,particular_seller_only,114.4,1
C00001855,G0001626,2026-10-22 17:35:14,A,no_requirement,91.9,1
C00001856,G0001627,2026-10-22 12:49:32,B,buylead_created,173.3,1
C00001857,G0001628,2026-10-22 18:48:36,A,no_connect,43.9,0
C00001858,G0001629,2026-10-22 08:52:11,B,buylead_created,92.4,1
C00001859,G0001630,2026-10-22 19:22:41,B,particular_seller_only,94.8,1
C00001860,G0001631,2026-10-22 10:16:59,A,no_requirement,4.2,1
C00001861,G0001632,2026-10-22 11:46:52,A,buylead_created,75.2,1
C00001862,G0001633,2026-10-22 12:01:13,B,requirement_unconfirmed,112.4,1
C00001863,G0001634,2026-10-22 16:36:32,A,requirement_unconfirmed,68.0,1
C00001864,G0001635,2026-10-22 10:47:12,A,no_connect,76.5,0
C00001865,G0001636,2026-10-22 11:55:40,A,no_connect,76.5,0
C00001866,G0001636,2026-10-22 21:55:40,A,other,19.3,1
C00001867,G0001637,2026-10-22 10:40:38,B,buylead_created,72.0,1
C00001868,G0001638,2026-10-22 16:44:49,A,buylead_created,56.1,1
C00001869,G0001639,2026-10-22 15:21:23,A,buylead_created,35.0,1
C00001870,G0001640,2026-10-22 19:41:28,A,other,18.1,1
C00001871,G0001640,2026-10-23 01:41:28,A,other,5.2,1
C00001872,G0001641,2026-10-22 19:27:09,A,buylead_created,114.3,1
C00001873,G0001642,2026-10-22 08:45:45,A,buylead_created,43.2,1
C00001874,G0001643,2026-10-22 14:40:27,A,requirement_unconfirmed,23.0,1
C00001875,G0001644,2026-10-22 11:23:32,A,no_requirement,113.6,1
C00001876,G0001645,2026-10-22 14:18:22,A,particular_seller_only,85.0,1
C00001877,G0001646,2026-10-22 12:29:35,A,buylead_created,19.9,1
C00001878,G0001647,2026-10-22 17:49:05,A,buylead_created,7.7,1
C00001879,G0001648,2026-10-22 16:58:46,B,no_requirement,65.7,1
C00001880,G0001648,2026-10-22 19:58:46,B,other,56.1,1
C00001881,G0001649,2026-10-22 17:27:05,B,buylead_created,28.4,1
C00001882,G0001650,2026-10-23 19:34:09,B,buylead_created,79.2,1
C00001883,G0001651,2026-10-23 19:09:24,A,particular_seller_only,23.7,1
C00001884,G0001652,2026-10-23 15:25:04,A,no_requirement,73.9,1
C00001885,G0001652,2026-10-24 16:25:04,A,other,51.7,1
C00001886,G0001653,2026-10-23 09:32:54,B,no_requirement,22.3,1
C00001887,G0001654,2026-10-23 13:09:27,A,buylead_created,84.0,1
C00001888,G0001655,2026-10-23 19:58:50,B,buylead_created,2.0,1
C00001889,G0001656,2026-10-23 08:32:03,A,no_requirement,55.6,1
C00001890,G0001657,2026-10-23 14:37:47,A,particular_seller_only,77.0,1
C00001891,G0001658,2026-10-23 17:43:28,A,no_requirement,121.5,1
C00001892,G0001659,2026-10-23 13:37:29,A,buylead_created,57.5,1
C00001893,G0001659,2026-10-24 17:37:29,A,other,41.0,1
C00001894,G0001660,2026-10-23 16:30:32,A,buylead_created,78.7,1
C00001895,G0001661,2026-10-23 17:25:39,A,requirement_unconfirmed,3.1,1
C00001896,G0001662,2026-10-23 15:53:21,A,requirement_unconfirmed,78.2,1
C00001897,G0001663,2026-10-23 08:29:10,B,buylead_created,107.7,1
C00001898,G0001664,2026-10-23 10:11:08,A,buylead_created,23.7,1
C00001899,G0001665,2026-10-23 12:41:08,A,buylead_created,108.4,1
C00001900,G0001665,2026-10-24 15:41:08,A,other,90.8,1
C00001901,G0001666,2026-10-23 18:38:32,B,requirement_unconfirmed,222.0,1
C00001902,G0001667,2026-10-23 12:00:42,A,buylead_created,129.9,1
C00001903,G0001667,2026-10-24 07:00:42,A,other,89.1,1
C00001904,G0001668,2026-10-23 14:27:38,A,no_requirement,91.5,1
C00001905,G0001669,2026-10-23 08:29:46,A,buylead_created,24.3,1
C00001906,G0001670,2026-10-23 08:12:27,A,no_requirement,69.1,1
C00001907,G0001671,2026-10-23 09:57:40,A,no_connect,92.7,0
C00001908,G0001672,2026-10-23 14:13:58,A,buylead_created,33.3,1
C00001909,G0001673,2026-10-23 19:35:38,B,buylead_created,121.0,1
C00001910,G0001674,2026-10-23 12:41:50,A,requirement_unconfirmed,22.0,1
C00001911,G0001675,2026-10-23 15:38:31,B,buylead_created,72.1,1
C00001912,G0001676,2026-10-23 12:23:57,A,buylead_created,13.8,1
C00001913,G0001677,2026-10-23 16:03:20,A,buylead_created,64.4,1
C00001914,G0001677,2026-10-24 03:03:20,A,other,12.7,1
C00001915,G0001678,2026-10-23 19:04:33,A,requirement_unconfirmed,109.7,1
C00001916,G0001679,2026-10-23 14:27:31,A,requirement_unconfirmed,82.8,1
C00001917,G0001680,2026-10-23 08:15:56,A,buylead_created,106.6,1
C00001918,G0001681,2026-10-23 13:23:30,A,particular_seller_only,121.5,1
C00001919,G0001682,2026-10-23 17:44:48,A,requirement_unconfirmed,89.0,1
C00001920,G0001682,2026-10-24 03:44:48,A,other,93.3,1
C00001921,G0001683,2026-10-23 13:56:01,B,buylead_created,2.0,1
C00001922,G0001684,2026-10-23 11:41:47,A,no_requirement,164.6,1
C00001923,G0001685,2026-10-23 08:25:06,B,buylead_created,211.7,1
C00001924,G0001686,2026-10-23 13:32:16,B,no_connect,99.8,0
C00001925,G0001687,2026-10-23 09:40:22,A,buylead_created,114.9,1
C00001926,G0001688,2026-10-23 19:33:03,A,particular_seller_only,109.7,1
C00001927,G0001688,2026-10-24 10:33:03,A,other,77.5,1
C00001928,G0001689,2026-10-23 08:45:49,A,buylead_created,87.3,1
C00001929,G0001690,2026-10-23 09:19:08,A,requirement_unconfirmed,75.2,1
C00001930,G0001691,2026-10-23 16:30:48,B,buylead_created,106.5,1
C00001931,G0001692,2026-10-23 17:07:21,A,no_requirement,62.3,1
C00001932,G0001693,2026-10-23 18:35:09,A,no_requirement,75.2,1
C00001933,G0001693,2026-10-24 12:35:09,A,other,41.5,1
C00001934,G0001694,2026-10-23 13:46:07,A,buylead_created,61.1,1
C00001935,G0001695,2026-10-23 14:06:12,B,no_requirement,141.4,1
C00001936,G0001695,2026-10-24 14:06:12,B,other,120.2,1
C00001937,G0001696,2026-10-23 10:25:06,B,buylead_created,218.7,1
C00001938,G0001697,2026-10-23 12:21:04,A,no_requirement,47.2,1
C00001939,G0001697,2026-10-24 03:21:04,A,other,44.1,1
C00001940,G0001698,2026-10-23 08:52:17,A,buylead_created,18.6,1
C00001941,G0001699,2026-10-23 15:40:38,B,buylead_created,86.8,1
C00001942,G0001700,2026-10-23 12:54:57,B,no_connect,133.4,0
C00001943,G0001701,2026-10-23 18:48:47,A,requirement_unconfirmed,65.0,1
C00001944,G0001702,2026-10-23 15:03:15,B,buylead_created,17.9,1
C00001945,G0001703,2026-10-23 09:45:18,A,buylead_created,108.4,1
C00001946,G0001704,2026-10-23 17:41:25,B,requirement_unconfirmed,143.3,1
C00001947,G0001705,2026-10-23 11:36:25,A,particular_seller_only,54.7,1
C00001948,G0001706,2026-10-23 10:28:10,B,buylead_created,72.1,1
C00001949,G0001707,2026-10-23 13:37:21,A,no_connect,116.2,0
C00001950,G0001708,2026-10-23 18:46:18,A,requirement_unconfirmed,51.9,1
C00001951,G0001709,2026-10-23 08:52:20,A,other,48.0,1
C00001952,G0001710,2026-10-23 09:38:36,A,particular_seller_only,172.5,1
C00001953,G0001711,2026-10-23 08:14:18,A,no_requirement,71.8,1
C00001954,G0001712,2026-10-23 13:47:39,A,requirement_unconfirmed,9.7,1
C00001955,G0001713,2026-10-23 19:30:31,A,buylead_created,1.4,1
C00001956,G0001713,2026-10-24 05:30:31,A,other,60.8,1
C00001957,G0001714,2026-10-23 19:42:48,B,buylead_created,59.3,1
C00001958,G0001715,2026-10-23 19:37:59,A,no_connect,60.9,0
C00001959,G0001716,2026-10-23 13:33:57,B,buylead_created,142.6,1
C00001960,G0001717,2026-10-23 10:55:39,B,buylead_created,82.1,1
C00001961,G0001718,2026-10-23 18:12:24,A,buylead_created,54.1,1
C00001962,G0001719,2026-10-23 18:00:47,A,buylead_created,29.7,1
C00001963,G0001720,2026-10-23 11:09:42,A,no_requirement,78.6,1
C00001964,G0001721,2026-10-23 13:24:46,A,requirement_unconfirmed,112.7,1
C00001965,G0001722,2026-10-23 15:46:33,A,no_requirement,3.1,1
C00001966,G0001723,2026-10-23 17:52:38,B,buylead_created,53.3,1
C00001967,G0001724,2026-10-23 08:21:35,A,buylead_created,34.3,1
C00001968,G0001725,2026-10-23 16:24:00,B,no_requirement,197.5,1
C00001969,G0001726,2026-10-23 11:22:53,A,requirement_unconfirmed,72.4,1
C00001970,G0001727,2026-10-23 13:25:38,A,buylead_created,54.3,1
C00001971,G0001728,2026-10-23 18:07:48,A,buylead_created,95.3,1
C00001972,G0001729,2026-10-23 17:18:40,A,particular_seller_only,55.6,1
C00001973,G0001730,2026-10-23 16:14:50,B,buylead_created,114.0,1
C00001974,G0001731,2026-10-23 13:37:57,A,no_requirement,111.3,1
C00001975,G0001732,2026-10-23 14:47:56,A,no_requirement,95.5,1
C00001976,G0001733,2026-10-23 11:13:51,A,requirement_unconfirmed,232.6,1
C00001977,G0001734,2026-10-23 13:28:00,A,buylead_created,0.9,1
C00001978,G0001735,2026-10-23 19:59:58,A,other,79.3,1
C00001979,G0001736,2026-10-23 17:32:55,A,particular_seller_only,22.0,1
C00001980,G0001736,2026-10-24 18:32:55,A,other,58.8,1
C00001981,G0001737,2026-10-23 08:09:37,A,buylead_created,83.6,1
C00001982,G0001737,2026-10-24 12:09:37,A,other,0.9,1
C00001983,G0001738,2026-10-23 16:52:10,B,requirement_unconfirmed,95.8,1
C00001984,G0001739,2026-10-23 13:45:29,A,buylead_created,65.1,1
C00001985,G0001740,2026-10-23 08:33:40,A,buylead_created,109.7,1
C00001986,G0001741,2026-10-23 19:39:10,A,no_connect,14.9,0
C00001987,G0001742,2026-10-23 14:02:59,A,buylead_created,31.6,1
C00001988,G0001743,2026-10-23 14:09:43,B,buylead_created,0.8,1
C00001989,G0001744,2026-10-23 08:40:40,A,buylead_created,13.8,1
C00001990,G0001744,2026-10-23 13:40:40,A,other,21.4,1
C00001991,G0001745,2026-10-23 17:22:39,A,buylead_created,33.0,1
C00001992,G0001746,2026-10-23 14:39:00,A,buylead_created,38.0,1
C00001993,G0001747,2026-10-23 18:32:05,A,no_connect,82.7,0
C00001994,G0001748,2026-10-23 18:28:58,A,no_requirement,82.3,1
C00001995,G0001749,2026-10-23 13:02:52,A,buylead_created,73.4,1
C00001996,G0001750,2026-10-23 11:24:05,A,no_requirement,40.8,1
C00001997,G0001751,2026-10-23 16:36:54,A,particular_seller_only,88.5,1
C00001998,G0001752,2026-10-23 09:33:54,B,no_connect,127.6,0
C00001999,G0001753,2026-10-23 13:02:24,B,particular_seller_only,99.5,1
C00002000,G0001754,2026-10-23 17:03:15,B,other,110.3,1
C00002001,G0001755,2026-10-23 10:27:28,A,buylead_created,69.3,1
C00002002,G0001756,2026-10-23 08:31:35,A,buylead_created,89.5,1
C00002003,G0001757,2026-10-23 13:17:02,A,buylead_created,96.9,1
C00002004,G0001758,2026-10-23 16:59:12,A,no_requirement,63.2,1
C00002005,G0001759,2026-10-23 10:10:11,B,buylead_created,131.3,1
C00002006,G0001760,2026-10-23 08:17:16,B,other,50.9,1
C00002007,G0001761,2026-10-23 13:38:13,A,requirement_unconfirmed,47.5,1
C00002008,G0001762,2026-10-23 18:18:04,B,buylead_created,87.4,1
C00002009,G0001763,2026-10-23 14:27:39,A,requirement_unconfirmed,60.8,1
C00002010,G0001763,2026-10-23 17:27:39,A,other,111.3,1
C00002011,G0001764,2026-10-23 19:34:22,A,buylead_created,118.2,1
C00002012,G0001765,2026-10-23 09:46:00,A,other,9.7,1
C00002013,G0001766,2026-10-23 15:51:59,B,buylead_created,111.3,1
C00002014,G0001767,2026-10-23 10:37:50,A,particular_seller_only,64.7,1
C00002015,G0001768,2026-10-23 15:02:03,A,requirement_unconfirmed,22.2,1
C00002016,G0001769,2026-10-23 18:54:41,A,buylead_created,88.8,1
C00002017,G0001770,2026-10-23 08:55:58,B,buylead_created,39.8,1
C00002018,G0001771,2026-10-23 18:19:34,A,requirement_unconfirmed,130.2,1
C00002019,G0001772,2026-10-23 19:07:45,A,buylead_created,8.8,1
C00002020,G0001773,2026-10-23 09:26:01,A,buylead_created,52.4,1
C00002021,G0001774,2026-10-23 11:18:38,A,other,62.6,1
C00002022,G0001775,2026-10-23 14:25:39,B,buylead_created,140.7,1
C00002023,G0001776,2026-10-23 14:34:09,B,no_requirement,1.6,1
C00002024,G0001777,2026-10-23 19:08:45,B,no_requirement,82.3,1
C00002025,G0001778,2026-10-23 18:16:36,B,no_connect,73.2,0
C00002026,G0001779,2026-10-23 10:39:34,A,buylead_created,175.2,1
C00002027,G0001779,2026-10-24 14:39:34,A,other,175.5,1
C00002028,G0001780,2026-10-23 17:43:30,A,requirement_unconfirmed,35.8,1
C00002029,G0001781,2026-10-23 19:13:23,A,buylead_created,26.3,1
C00002030,G0001782,2026-10-23 19:03:48,B,buylead_created,75.3,1
C00002031,G0001783,2026-10-23 17:33:44,A,buylead_created,20.6,1
C00002032,G0001784,2026-10-23 08:14:18,A,other,62.9,1
C00002033,G0001785,2026-10-23 13:10:02,A,buylead_created,0.4,1
C00002034,G0001786,2026-10-23 17:28:37,A,buylead_created,112.6,1
C00002035,G0001787,2026-10-23 08:41:30,A,no_requirement,55.6,1
C00002036,G0001788,2026-10-23 18:37:05,A,no_requirement,83.2,1
C00002037,G0001789,2026-10-23 15:42:41,B,buylead_created,42.9,1
C00002038,G0001790,2026-10-23 10:44:26,B,requirement_unconfirmed,150.1,1
C00002039,G0001791,2026-10-23 11:51:20,B,no_requirement,104.3,1
C00002040,G0001792,2026-10-23 14:58:35,B,buylead_created,16.8,1
C00002041,G0001793,2026-10-23 11:06:02,B,particular_seller_only,112.1,1
C00002042,G0001794,2026-10-23 11:58:35,A,buylead_created,188.6,1
C00002043,G0001795,2026-10-23 14:27:14,A,no_requirement,34.8,1
C00002044,G0001796,2026-10-23 08:42:06,B,particular_seller_only,149.3,1
C00002045,G0001797,2026-10-23 10:42:42,A,particular_seller_only,73.7,1
C00002046,G0001798,2026-10-23 08:25:26,B,buylead_created,100.7,1
C00002047,G0001799,2026-10-23 10:01:58,A,no_connect,144.4,0
C00002048,G0001800,2026-10-24 12:46:22,A,no_requirement,23.7,1
C00002049,G0001801,2026-10-24 15:08:59,A,buylead_created,46.4,1
C00002050,G0001802,2026-10-24 18:44:26,A,other,82.2,1
C00002051,G0001803,2026-10-24 14:53:12,A,buylead_created,60.8,1
C00002052,G0001804,2026-10-24 11:00:44,B,buylead_created,33.4,1
C00002053,G0001804,2026-10-25 09:00:44,B,other,60.0,1
C00002054,G0001805,2026-10-24 09:36:40,B,buylead_created,56.2,1
C00002055,G0001806,2026-10-24 16:59:51,A,buylead_created,112.6,1
C00002056,G0001807,2026-10-24 09:23:39,A,no_requirement,109.7,1
C00002057,G0001808,2026-10-24 12:10:42,A,no_requirement,14.0,1
C00002058,G0001809,2026-10-24 11:40:40,A,requirement_unconfirmed,66.0,1
C00002059,G0001810,2026-10-24 12:25:07,A,no_requirement,128.4,1
C00002060,G0001811,2026-10-24 15:09:23,A,buylead_created,101.2,1
C00002061,G0001812,2026-10-24 11:07:15,A,no_connect,108.9,0
C00002062,G0001812,2026-10-25 03:07:15,A,other,78.7,1
C00002063,G0001813,2026-10-24 08:45:16,A,buylead_created,70.8,1
C00002064,G0001813,2026-10-24 11:45:16,A,other,105.3,1
C00002065,G0001814,2026-10-24 19:36:55,A,no_requirement,55.6,1
C00002066,G0001815,2026-10-24 12:13:44,A,no_connect,158.3,0
C00002067,G0001816,2026-10-24 16:12:49,B,other,195.9,1
C00002068,G0001817,2026-10-24 16:23:56,A,buylead_created,82.6,1
C00002069,G0001818,2026-10-24 19:33:35,A,buylead_created,45.6,1
C00002070,G0001819,2026-10-24 08:11:50,A,particular_seller_only,62.9,1
C00002071,G0001820,2026-10-24 16:59:30,A,buylead_created,91.5,1
C00002072,G0001821,2026-10-24 14:26:37,A,requirement_unconfirmed,75.2,1
C00002073,G0001822,2026-10-24 09:57:58,B,buylead_created,65.7,1
C00002074,G0001823,2026-10-24 10:29:16,B,no_requirement,99.2,1
C00002075,G0001824,2026-10-24 18:07:27,A,buylead_created,88.5,1
C00002076,G0001825,2026-10-24 10:09:58,A,buylead_created,75.3,1
C00002077,G0001826,2026-10-24 19:37:31,A,particular_seller_only,145.2,1
C00002078,G0001827,2026-10-24 17:17:23,A,no_requirement,231.0,1
C00002079,G0001828,2026-10-24 17:24:49,B,requirement_unconfirmed,230.5,1
C00002080,G0001829,2026-10-24 10:45:28,A,other,98.8,1
C00002081,G0001830,2026-10-24 08:58:44,A,buylead_created,117.2,1
C00002082,G0001831,2026-10-24 08:53:25,A,buylead_created,80.2,1
C00002083,G0001832,2026-10-24 15:30:46,A,no_requirement,27.1,1
C00002084,G0001833,2026-10-24 17:08:38,A,buylead_created,57.7,1
C00002085,G0001834,2026-10-24 17:14:42,A,buylead_created,61.3,1
C00002086,G0001835,2026-10-24 14:13:29,B,no_connect,76.5,0
C00002087,G0001836,2026-10-24 11:44:30,A,buylead_created,77.1,1
C00002088,G0001837,2026-10-24 19:08:25,A,no_requirement,60.3,1
C00002089,G0001838,2026-10-24 10:32:44,A,requirement_unconfirmed,28.1,1
C00002090,G0001839,2026-10-24 19:09:22,A,requirement_unconfirmed,128.4,1
C00002091,G0001839,2026-10-24 22:09:22,A,other,0.6,1
C00002092,G0001840,2026-10-24 19:19:43,A,buylead_created,14.5,1
C00002093,G0001841,2026-10-24 15:41:16,A,no_requirement,85.5,1
C00002094,G0001842,2026-10-24 14:44:45,B,buylead_created,130.6,1
C00002095,G0001843,2026-10-24 18:05:34,A,no_connect,100.2,0
C00002096,G0001843,2026-10-25 14:05:34,A,other,46.5,1
C00002097,G0001844,2026-10-24 13:23:29,A,buylead_created,65.1,1
C00002098,G0001845,2026-10-24 17:30:23,B,no_requirement,70.1,1
C00002099,G0001846,2026-10-24 09:30:34,A,buylead_created,106.6,1
C00002100,G0001847,2026-10-24 15:58:40,A,particular_seller_only,56.6,1
C00002101,G0001848,2026-10-24 15:35:52,A,no_requirement,105.4,1
C00002102,G0001849,2026-10-24 13:00:11,B,buylead_created,2.0,1
C00002103,G0001849,2026-10-24 19:00:11,B,other,62.7,1
C00002104,G0001850,2026-10-24 18:07:00,A,buylead_created,114.8,1
C00002105,G0001851,2026-10-24 10:08:39,A,particular_seller_only,77.0,1
C00002106,G0001851,2026-10-24 16:08:39,A,other,6.0,1
C00002107,G0001852,2026-10-24 14:36:23,A,no_requirement,68.4,1
C00002108,G0001853,2026-10-24 09:05:04,B,requirement_unconfirmed,5.9,1
C00002109,G0001854,2026-10-24 12:35:35,A,buylead_created,32.4,1
C00002110,G0001855,2026-10-24 12:57:35,A,buylead_created,30.2,1
C00002111,G0001856,2026-10-24 09:49:52,B,requirement_unconfirmed,21.5,1
C00002112,G0001857,2026-10-24 08:36:16,B,no_connect,73.2,0
C00002113,G0001858,2026-10-24 08:07:53,B,buylead_created,97.7,1
C00002114,G0001859,2026-10-24 13:22:17,A,no_requirement,76.6,1
C00002115,G0001860,2026-10-24 09:05:54,A,no_requirement,32.5,1
C00002116,G0001860,2026-10-24 23:05:54,A,other,8.1,1
C00002117,G0001861,2026-10-24 19:38:23,B,no_requirement,5.9,1
C00002118,G0001862,2026-10-24 15:21:56,A,particular_seller_only,89.5,1
C00002119,G0001863,2026-10-24 09:22:35,A,no_connect,51.6,0
C00002120,G0001863,2026-10-24 22:22:35,A,other,79.6,1
C00002121,G0001864,2026-10-24 10:18:35,A,buylead_created,97.2,1
C00002122,G0001865,2026-10-24 14:24:28,B,other,92.4,1
C00002123,G0001866,2026-10-24 16:12:33,A,requirement_unconfirmed,57.0,1
C00002124,G0001866,2026-10-25 05:12:33,A,other,91.9,1
C00002125,G0001867,2026-10-24 16:39:27,A,requirement_unconfirmed,36.0,1
C00002126,G0001868,2026-10-24 11:10:52,A,requirement_unconfirmed,6.3,1
C00002127,G0001869,2026-10-24 11:16:51,B,buylead_created,103.7,1
C00002128,G0001869,2026-10-25 14:16:51,B,other,78.4,1
C00002129,G0001870,2026-10-24 16:37:04,A,buylead_created,79.8,1
C00002130,G0001871,2026-10-24 09:53:38,A,buylead_created,61.0,1
C00002131,G0001871,2026-10-24 17:53:38,A,other,68.0,1
C00002132,G0001872,2026-10-24 08:50:35,A,buylead_created,158.3,1
C00002133,G0001873,2026-10-24 13:21:08,B,buylead_created,35.6,1
C00002134,G0001874,2026-10-24 11:35:17,A,no_requirement,51.1,1
C00002135,G0001874,2026-10-24 17:35:17,A,other,131.6,1
C00002136,G0001875,2026-10-24 11:46:09,B,requirement_unconfirmed,49.9,1
C00002137,G0001876,2026-10-24 10:02:06,A,no_connect,19.9,0
C00002138,G0001877,2026-10-24 09:09:56,B,particular_seller_only,9.0,1
C00002139,G0001878,2026-10-24 08:39:26,A,requirement_unconfirmed,123.7,1
C00002140,G0001879,2026-10-24 14:31:25,A,no_connect,62.2,0
C00002141,G0001880,2026-10-24 09:43:39,A,buylead_created,101.6,1
C00002142,G0001881,2026-10-24 12:58:58,A,particular_seller_only,148.2,1
C00002143,G0001882,2026-10-24 08:42:16,B,buylead_created,100.3,1
C00002144,G0001882,2026-10-25 01:42:16,B,other,67.4,1
C00002145,G0001883,2026-10-24 18:58:46,A,buylead_created,92.5,1
C00002146,G0001884,2026-10-24 19:49:50,B,buylead_created,53.3,1
C00002147,G0001885,2026-10-24 09:29:47,A,buylead_created,66.7,1
C00002148,G0001886,2026-10-24 13:12:29,B,buylead_created,1.6,1
C00002149,G0001887,2026-10-24 14:45:02,A,no_connect,56.1,0
C00002150,G0001888,2026-10-24 19:05:17,A,buylead_created,54.3,1
C00002151,G0001888,2026-10-25 10:05:17,A,other,7.6,1
C00002152,G0001889,2026-10-24 17:11:19,B,buylead_created,12.3,1
C00002153,G0001890,2026-10-24 13:58:40,A,buylead_created,45.6,1
C00002154,G0001891,2026-10-24 16:46:17,B,requirement_unconfirmed,94.8,1
C00002155,G0001892,2026-10-24 10:18:05,B,buylead_created,67.3,1
C00002156,G0001893,2026-10-24 16:50:58,A,buylead_created,24.3,1
C00002157,G0001894,2026-10-24 14:52:32,A,buylead_created,68.0,1
C00002158,G0001895,2026-10-24 19:57:49,A,no_requirement,3.5,1
C00002159,G0001896,2026-10-24 12:10:55,A,buylead_created,41.4,1
C00002160,G0001897,2026-10-24 13:15:36,A,no_connect,63.6,0
C00002161,G0001898,2026-10-24 14:37:58,A,other,83.2,1
C00002162,G0001899,2026-10-24 18:54:19,A,buylead_created,6.0,1
C00002163,G0001900,2026-10-24 10:48:51,A,requirement_unconfirmed,83.6,1
C00002164,G0001901,2026-10-24 18:25:11,A,buylead_created,134.5,1
C00002165,G0001902,2026-10-24 11:02:45,A,requirement_unconfirmed,144.4,1
C00002166,G0001903,2026-10-24 12:36:41,B,buylead_created,190.5,1
C00002167,G0001904,2026-10-24 12:53:09,A,particular_seller_only,6.0,1
C00002168,G0001905,2026-10-24 19:44:14,A,buylead_created,13.2,1
C00002169,G0001905,2026-10-25 18:44:14,A,other,109.7,1
C00002170,G0001906,2026-10-24 08:01:32,A,buylead_created,38.8,1
C00002171,G0001907,2026-10-24 13:19:12,A,buylead_created,77.5,1
C00002172,G0001908,2026-10-24 16:53:57,A,no_requirement,82.3,1
C00002173,G0001909,2026-10-24 18:17:44,B,requirement_unconfirmed,137.0,1
C00002174,G0001910,2026-10-24 17:25:00,A,buylead_created,159.0,1
C00002175,G0001911,2026-10-24 08:51:22,A,buylead_created,61.0,1
C00002176,G0001912,2026-10-24 09:33:33,A,particular_seller_only,86.9,1
C00002177,G0001913,2026-10-24 11:01:22,A,no_requirement,57.7,1
C00002178,G0001914,2026-10-24 18:02:10,A,buylead_created,51.9,1
C00002179,G0001914,2026-10-25 22:02:10,A,other,20.6,1
C00002180,G0001915,2026-10-24 16:46:13,B,buylead_created,145.5,1
C00002181,G0001916,2026-10-24 08:29:11,B,no_requirement,72.3,1
C00002182,G0001917,2026-10-24 09:53:50,A,buylead_created,64.0,1
C00002183,G0001918,2026-10-24 14:33:04,A,particular_seller_only,123.7,1
C00002184,G0001919,2026-10-24 19:18:28,B,buylead_created,119.9,1
C00002185,G0001920,2026-10-24 17:02:03,A,buylead_created,77.6,1
C00002186,G0001921,2026-10-24 08:12:47,A,buylead_created,1.7,1
C00002187,G0001921,2026-10-24 22:12:47,A,other,76.5,1
C00002188,G0001922,2026-10-24 10:17:19,A,no_connect,386.6,0
C00002189,G0001923,2026-10-24 12:47:56,A,buylead_created,77.5,1
C00002190,G0001924,2026-10-24 10:41:30,A,buylead_created,93.3,1
C00002191,G0001924,2026-10-24 19:41:30,A,other,66.0,1
C00002192,G0001925,2026-10-24 10:15:52,A,buylead_created,46.5,1
C00002193,G0001926,2026-10-24 09:40:34,B,buylead_created,93.1,1
C00002194,G0001926,2026-10-24 11:40:34,B,other,57.4,1
C00002195,G0001927,2026-10-24 18:41:31,A,no_connect,90.9,0
C00002196,G0001927,2026-10-25 04:41:31,A,other,3.5,1
C00002197,G0001928,2026-10-24 10:25:03,B,requirement_unconfirmed,37.0,1
C00002198,G0001929,2026-10-24 09:44:50,A,buylead_created,89.3,1
C00002199,G0001930,2026-10-24 08:02:07,A,buylead_created,16.2,1
C00002200,G0001931,2026-10-24 10:32:30,B,no_requirement,67.9,1
C00002201,G0001932,2026-10-24 12:51:39,B,no_requirement,72.7,1
C00002202,G0001933,2026-10-24 19:21:43,A,buylead_created,47.5,1
C00002203,G0001934,2026-10-24 10:58:52,B,buylead_created,190.5,1
C00002204,G0001935,2026-10-24 15:09:40,A,no_requirement,87.3,1
C00002205,G0001936,2026-10-24 19:54:34,A,buylead_created,66.1,1
C00002206,G0001937,2026-10-24 17:34:48,A,no_requirement,227.8,1
C00002207,G0001938,2026-10-24 16:41:27,A,buylead_created,43.2,1
C00002208,G0001939,2026-10-24 15:04:34,A,no_requirement,345.4,1
C00002209,G0001940,2026-10-24 19:32:48,B,particular_seller_only,134.3,1
C00002210,G0001941,2026-10-24 17:28:34,A,requirement_unconfirmed,9.4,1
C00002211,G0001942,2026-10-24 11:06:33,B,no_requirement,73.3,1
C00002212,G0001943,2026-10-24 13:22:12,A,other,62.7,1
C00002213,G0001944,2026-10-24 19:49:44,A,buylead_created,90.3,1
C00002214,G0001945,2026-10-24 08:58:30,B,no_requirement,92.4,1
C00002215,G0001946,2026-10-24 19:19:23,B,buylead_created,31.3,1
C00002216,G0001947,2026-10-24 09:58:33,B,buylead_created,101.6,1
C00002217,G0001948,2026-10-24 13:38:03,B,buylead_created,80.0,1
C00002218,G0001949,2026-10-24 19:45:35,A,requirement_unconfirmed,90.8,1
C00002219,G0001950,2026-10-25 19:54:59,B,buylead_created,120.3,1
C00002220,G0001951,2026-10-25 19:12:08,A,buylead_created,27.1,1
C00002221,G0001952,2026-10-25 08:29:32,A,buylead_created,158.0,1
C00002222,G0001953,2026-10-25 18:07:34,B,no_connect,12.0,0
C00002223,G0001954,2026-10-25 17:29:05,A,buylead_created,4.2,1
C00002224,G0001954,2026-10-26 02:29:05,A,other,45.6,1
C00002225,G0001955,2026-10-25 09:08:00,B,buylead_created,37.0,1
C00002226,G0001956,2026-10-25 12:34:33,A,buylead_created,13.8,1
C00002227,G0001957,2026-10-25 16:31:25,A,no_requirement,109.7,1
C00002228,G0001958,2026-10-25 12:05:40,A,no_connect,11.8,0
C00002229,G0001959,2026-10-25 17:32:50,A,other,66.0,1
C00002230,G0001960,2026-10-25 10:46:24,A,buylead_created,92.5,1
C00002231,G0001961,2026-10-25 08:51:49,B,buylead_created,109.8,1
C00002232,G0001962,2026-10-25 12:04:29,A,buylead_created,62.9,1
C00002233,G0001963,2026-10-25 16:31:36,A,requirement_unconfirmed,87.3,1
C00002234,G0001963,2026-10-26 06:31:36,A,other,3.0,1
C00002235,G0001964,2026-10-25 19:14:30,A,requirement_unconfirmed,204.7,1
C00002236,G0001965,2026-10-25 15:59:20,B,buylead_created,272.9,1
C00002237,G0001966,2026-10-25 16:16:18,A,buylead_created,76.2,1
C00002238,G0001967,2026-10-25 08:17:30,A,no_connect,78.4,0
C00002239,G0001968,2026-10-25 16:16:16,B,requirement_unconfirmed,65.1,1
C00002240,G0001968,2026-10-26 02:16:16,B,other,5.2,1
C00002241,G0001969,2026-10-25 08:03:27,B,no_requirement,60.0,1
C00002242,G0001970,2026-10-25 19:34:05,B,requirement_unconfirmed,43.2,1
C00002243,G0001971,2026-10-25 16:28:46,A,buylead_created,95.5,1
C00002244,G0001972,2026-10-25 10:16:39,A,buylead_created,88.8,1
C00002245,G0001973,2026-10-25 13:46:01,A,requirement_unconfirmed,309.2,1
C00002246,G0001974,2026-10-25 11:35:36,A,buylead_created,81.9,1
C00002247,G0001974,2026-10-25 20:35:36,A,other,28.3,1
C00002248,G0001975,2026-10-25 08:01:53,A,requirement_unconfirmed,71.8,1
C00002249,G0001975,2026-10-25 17:01:53,A,other,79.8,1
C00002250,G0001976,2026-10-25 09:15:22,A,requirement_unconfirmed,28.3,1
C00002251,G0001976,2026-10-26 06:15:22,A,other,38.8,1
C00002252,G0001977,2026-10-25 16:06:43,A,buylead_created,54.7,1
C00002253,G0001978,2026-10-25 10:55:32,B,requirement_unconfirmed,84.7,1
C00002254,G0001978,2026-10-26 08:55:32,B,other,1.7,1
C00002255,G0001979,2026-10-25 16:27:27,A,buylead_created,79.5,1
C00002256,G0001980,2026-10-25 11:34:39,A,requirement_unconfirmed,0.5,1
C00002257,G0001981,2026-10-25 14:04:16,A,buylead_created,47.6,1
C00002258,G0001982,2026-10-25 11:23:25,A,buylead_created,1.3,1
C00002259,G0001983,2026-10-25 16:52:15,B,no_requirement,60.7,1
C00002260,G0001984,2026-10-25 09:11:23,A,requirement_unconfirmed,15.8,1
C00002261,G0001985,2026-10-25 12:48:53,A,no_connect,48.2,0
C00002262,G0001986,2026-10-25 14:58:40,A,requirement_unconfirmed,54.1,1
C00002263,G0001986,2026-10-26 14:58:40,A,other,54.1,1
C00002264,G0001987,2026-10-25 19:32:40,A,particular_seller_only,114.3,1
C00002265,G0001988,2026-10-25 13:20:50,B,particular_seller_only,35.3,1
C00002266,G0001989,2026-10-25 08:13:04,A,particular_seller_only,73.7,1
C00002267,G0001989,2026-10-25 14:13:04,A,other,160.1,1
C00002268,G0001990,2026-10-25 12:58:56,A,particular_seller_only,33.2,1
C00002269,G0001991,2026-10-25 17:54:12,A,requirement_unconfirmed,82.3,1
C00002270,G0001992,2026-10-25 16:07:45,A,requirement_unconfirmed,54.0,1
C00002271,G0001993,2026-10-25 10:44:35,A,buylead_created,50.3,1
C00002272,G0001994,2026-10-25 15:07:04,A,buylead_created,50.8,1
C00002273,G0001995,2026-10-25 13:35:54,A,buylead_created,85.5,1
C00002274,G0001995,2026-10-26 06:35:54,A,other,35.9,1
C00002275,G0001996,2026-10-25 11:30:21,A,no_requirement,70.7,1
C00002276,G0001997,2026-10-25 14:49:12,B,no_requirement,80.9,1
C00002277,G0001998,2026-10-25 15:05:59,A,requirement_unconfirmed,124.4,1
C00002278,G0001999,2026-10-25 18:57:40,B,buylead_created,100.3,1
C00002279,G0002000,2026-10-25 15:04:25,B,requirement_unconfirmed,61.3,1
C00002280,G0002001,2026-10-25 15:47:58,A,buylead_created,87.3,1
C00002281,G0002002,2026-10-25 19:39:13,A,other,80.9,1
C00002282,G0002003,2026-10-25 08:55:16,A,other,97.2,1
C00002283,G0002004,2026-10-25 13:20:54,A,no_requirement,55.6,1
C00002284,G0002005,2026-10-25 13:54:16,A,buylead_created,53.6,1
C00002285,G0002006,2026-10-25 10:06:29,B,other,56.3,1
C00002286,G0002007,2026-10-25 17:09:32,A,other,83.6,1
C00002287,G0002008,2026-10-25 18:26:15,A,buylead_created,34.3,1
C00002288,G0002009,2026-10-25 11:11:30,A,no_requirement,66.7,1
C00002289,G0002010,2026-10-25 13:09:44,A,requirement_unconfirmed,60.8,1
C00002290,G0002011,2026-10-25 16:35:43,A,other,70.8,1
C00002291,G0002012,2026-10-25 09:38:24,A,requirement_unconfirmed,73.4,1
C00002292,G0002013,2026-10-25 18:31:04,A,requirement_unconfirmed,1.7,1
C00002293,G0002013,2026-10-26 15:31:04,A,other,3.0,1
C00002294,G0002014,2026-10-25 11:57:48,A,buylead_created,82.8,1
C00002295,G0002015,2026-10-25 15:13:23,A,no_connect,17.9,0
C00002296,G0002015,2026-10-26 20:13:23,A,other,139.2,1
C00002297,G0002016,2026-10-25 11:35:14,A,buylead_created,112.0,1
C00002298,G0002017,2026-10-25 13:42:14,B,other,12.2,1
C00002299,G0002018,2026-10-25 13:25:33,A,buylead_created,92.6,1
C00002300,G0002019,2026-10-25 15:27:50,B,buylead_created,68.9,1
C00002301,G0002020,2026-10-25 16:34:05,A,other,47.8,1
C00002302,G0002021,2026-10-25 14:15:29,A,particular_seller_only,5.2,1
C00002303,G0002022,2026-10-25 08:41:48,A,no_requirement,97.2,1
C00002304,G0002023,2026-10-25 18:25:43,A,buylead_created,73.4,1
C00002305,G0002024,2026-10-25 18:25:51,B,buylead_created,70.1,1
C00002306,G0002025,2026-10-25 19:44:17,A,buylead_created,83.5,1
C00002307,G0002026,2026-10-25 15:19:35,A,buylead_created,92.6,1
C00002308,G0002027,2026-10-25 16:18:04,B,buylead_created,137.3,1
C00002309,G0002027,2026-10-26 19:18:04,B,other,65.0,1
C00002310,G0002028,2026-10-25 09:04:03,A,buylead_created,60.6,1
C00002311,G0002029,2026-10-25 09:14:51,A,no_requirement,63.6,1
C00002312,G0002030,2026-10-25 15:51:10,A,buylead_created,70.3,1
C00002313,G0002030,2026-10-26 03:51:10,A,other,102.2,1
C00002314,G0002031,2026-10-25 14:44:15,B,no_connect,110.6,0
C00002315,G0002032,2026-10-25 19:40:00,A,no_requirement,60.8,1
C00002316,G0002033,2026-10-25 18:03:45,A,buylead_created,62.9,1
C00002317,G0002034,2026-10-25 14:12:59,B,buylead_created,64.2,1
C00002318,G0002035,2026-10-25 10:25:51,A,no_requirement,114.3,1
C00002319,G0002035,2026-10-26 01:25:51,A,other,79.3,1
C00002320,G0002036,2026-10-25 17:15:45,A,requirement_unconfirmed,92.2,1
C00002321,G0002037,2026-10-25 15:21:21,A,requirement_unconfirmed,42.4,1
C00002322,G0002038,2026-10-25 11:10:54,A,no_connect,59.3,0
C00002323,G0002039,2026-10-25 19:33:42,A,buylead_created,14.9,1
C00002324,G0002040,2026-10-25 08:51:31,A,buylead_created,6.3,1
C00002325,G0002041,2026-10-25 09:50:23,A,particular_seller_only,140.7,1
C00002326,G0002042,2026-10-25 14:32:34,A,buylead_created,120.2,1
C00002327,G0002042,2026-10-26 05:32:34,A,other,89.5,1
C00002328,G0002043,2026-10-25 17:57:00,B,no_requirement,52.9,1
C00002329,G0002044,2026-10-25 18:57:35,A,requirement_unconfirmed,156.2,1
C00002330,G0002045,2026-10-25 11:36:18,B,buylead_created,17.9,1
C00002331,G0002046,2026-10-25 14:58:19,B,buylead_created,6.7,1
C00002332,G0002046,2026-10-25 20:58:19,B,other,122.3,1
C00002333,G0002047,2026-10-25 11:18:02,A,buylead_created,36.0,1
C00002334,G0002048,2026-10-25 10:11:54,A,particular_seller_only,78.4,1
C00002335,G0002048,2026-10-26 11:11:54,A,other,16.6,1
C00002336,G0002049,2026-10-25 16:17:48,B,buylead_created,14.6,1
C00002337,G0002050,2026-10-25 17:32:16,A,buylead_created,12.2,1
C00002338,G0002051,2026-10-25 08:08:55,B,requirement_unconfirmed,85.0,1
C00002339,G0002052,2026-10-25 14:34:42,A,particular_seller_only,84.0,1
C00002340,G0002053,2026-10-25 13:10:48,A,no_requirement,98.8,1
C00002341,G0002054,2026-10-25 11:33:32,A,buylead_created,70.3,1
C00002342,G0002054,2026-10-25 17:33:32,A,other,78.8,1
C00002343,G0002055,2026-10-25 08:48:13,A,buylead_created,175.5,1
C00002344,G0002055,2026-10-25 19:48:13,A,other,25.0,1
C00002345,G0002056,2026-10-25 18:29:40,B,other,86.8,1
C00002346,G0002057,2026-10-25 19:58:04,A,no_connect,53.5,0
C00002347,G0002058,2026-10-25 18:59:22,A,buylead_created,140.7,1
C00002348,G0002059,2026-10-25 08:26:53,A,particular_seller_only,4.2,1
C00002349,G0002060,2026-10-25 18:46:47,B,requirement_unconfirmed,65.0,1
C00002350,G0002061,2026-10-25 18:50:41,A,buylead_created,53.6,1
C00002351,G0002062,2026-10-25 08:34:16,A,no_connect,63.6,0
C00002352,G0002063,2026-10-25 18:23:46,B,no_requirement,6.4,1
C00002353,G0002064,2026-10-25 10:46:43,A,no_requirement,3.1,1
C00002354,G0002065,2026-10-25 08:27:40,A,requirement_unconfirmed,172.5,1
C00002355,G0002066,2026-10-25 15:42:26,A,no_requirement,75.3,1
C00002356,G0002067,2026-10-25 11:33:28,B,other,26.8,1
C00002357,G0002068,2026-10-25 09:25:47,A,particular_seller_only,0.9,1
C00002358,G0002069,2026-10-25 14:11:44,A,particular_seller_only,24.8,1
C00002359,G0002070,2026-10-25 11:36:40,B,buylead_created,94.5,1
C00002360,G0002070,2026-10-26 10:36:40,B,other,21.3,1
C00002361,G0002071,2026-10-25 08:54:31,A,particular_seller_only,85.5,1
C00002362,G0002071,2026-10-26 00:54:31,A,other,185.0,1
C00002363,G0002072,2026-10-25 17:13:18,B,buylead_created,58.8,1
C00002364,G0002073,2026-10-25 16:22:48,A,no_connect,90.8,0
C00002365,G0002074,2026-10-25 17:47:07,A,no_requirement,12.8,1
C00002366,G0002075,2026-10-25 19:14:58,A,particular_seller_only,88.8,1
C00002367,G0002076,2026-10-25 14:22:22,B,buylead_created,2.0,1
C00002368,G0002077,2026-10-25 09:55:17,B,buylead_created,36.2,1
C00002369,G0002078,2026-10-25 13:32:23,A,buylead_created,123.7,1
C00002370,G0002079,2026-10-25 12:50:13,B,buylead_created,81.6,1
C00002371,G0002080,2026-10-25 19:54:04,A,requirement_unconfirmed,106.3,1
C00002372,G0002081,2026-10-25 10:45:38,B,buylead_created,68.3,1
C00002373,G0002082,2026-10-25 14:55:25,B,no_requirement,143.3,1
C00002374,G0002083,2026-10-25 15:52:38,A,particular_seller_only,25.5,1
C00002375,G0002084,2026-10-25 10:47:16,A,no_requirement,74.1,1
C00002376,G0002085,2026-10-25 08:20:55,A,buylead_created,78.1,1
C00002377,G0002086,2026-10-25 19:47:06,B,requirement_unconfirmed,210.2,1
C00002378,G0002087,2026-10-25 19:40:20,A,no_requirement,144.4,1
C00002379,G0002087,2026-10-26 20:40:20,A,other,89.5,1
C00002380,G0002088,2026-10-25 17:26:16,A,no_requirement,158.0,1
C00002381,G0002089,2026-10-25 15:34:18,B,buylead_created,371.0,1
C00002382,G0002090,2026-10-25 10:41:31,B,buylead_created,97.7,1
C00002383,G0002091,2026-10-25 09:49:04,A,buylead_created,33.2,1
C00002384,G0002092,2026-10-25 12:04:27,A,no_requirement,22.2,1
C00002385,G0002092,2026-10-25 21:04:27,A,other,59.3,1
C00002386,G0002093,2026-10-25 18:25:03,B,buylead_created,69.2,1
C00002387,G0002094,2026-10-25 17:29:01,A,requirement_unconfirmed,29.4,1
C00002388,G0002095,2026-10-25 16:21:13,A,requirement_unconfirmed,89.0,1
C00002389,G0002096,2026-10-25 12:05:47,B,buylead_created,80.0,1
C00002390,G0002097,2026-10-25 16:24:07,B,buylead_created,109.6,1
C00002391,G0002097,2026-10-25 21:24:07,B,other,140.0,1
C00002392,G0002098,2026-10-25 19:32:58,A,buylead_created,92.5,1
C00002393,G0002099,2026-10-25 16:23:24,A,particular_seller_only,90.1,1
