call_id,lead_id,timestamp,variant,disposition,duration_s,connected
C00000001,G0000000,2026-10-12 14:34:56,control,buylead_created,89.9,1
C00000002,G0000001,2026-10-12 17:32:13,control,requirement_unconfirmed,58.6,1
C00000003,G0000002,2026-10-12 11:06:16,control,buylead_created,83.2,1
C00000004,G0000002,2026-10-13 16:06:16,control,other,1.9,1
C00000005,G0000003,2026-10-12 10:52:39,control,requirement_unconfirmed,12.8,1
C00000006,G0000004,2026-10-12 15:48:21,control,particular_seller_only,114.9,1
C00000007,G0000005,2026-10-12 14:01:30,control,buylead_created,69.0,1
C00000008,G0000006,2026-10-12 09:22:23,control,buylead_created,43.8,1
C00000009,G0000006,2026-10-13 11:22:23,control,other,97.3,1
C00000010,G0000007,2026-10-12 09:57:53,test,buylead_created,51.9,1
C00000011,G0000008,2026-10-12 08:45:30,control,buylead_created,50.6,1
C00000012,G0000009,2026-10-12 12:01:36,control,buylead_created,13.2,1
C00000013,G0000010,2026-10-12 12:44:14,control,requirement_unconfirmed,25.0,1
C00000014,G0000011,2026-10-12 12:06:57,control,no_requirement,3.1,1
C00000015,G0000012,2026-10-12 12:56:30,control,requirement_unconfirmed,65.0,1
C00000016,G0000013,2026-10-12 12:05:49,control,buylead_created,70.0,1
C00000017,G0000014,2026-10-12 19:16:30,test,requirement_unconfirmed,72.4,1
C00000018,G0000015,2026-10-12 17:31:24,test,buylead_created,84.0,1
C00000019,G0000016,2026-10-12 16:23:59,control,particular_seller_only,87.3,1
C00000020,G0000017,2026-10-12 08:42:38,control,particular_seller_only,195.9,1
C00000021,G0000018,2026-10-12 19:49:04,test,buylead_created,1.7,1
C00000022,G0000019,2026-10-12 13:21:43,control,other,100.2,1
C00000023,G0000020,2026-10-12 14:22:03,test,buylead_created,35.9,1
C00000024,G0000021,2026-10-12 10:34:19,control,particular_seller_only,0.6,1
C00000025,G0000022,2026-10-12 14:22:40,control,no_requirement,25.6,1
C00000026,G0000023,2026-10-12 10:10:22,control,requirement_unconfirmed,73.7,1
C00000027,G0000024,2026-10-12 17:13:39,test,buylead_created,69.1,1
C00000028,G0000025,2026-10-12 17:14:24,control,buylead_created,47.8,1
C00000029,G0000026,2026-10-12 12:55:06,control,,182.6,1
C00000030,G0000027,2026-10-12 10:15:19,control,buylead_created,85.0,1
C00000031,G0000028,2026-10-12 16:09:55,control,buylead_created,129.9,1
C00000032,G0000029,2026-10-12 17:35:15,test,particular_seller_only,117.2,1
C00000033,G0000030,2026-10-12 18:58:03,control,buylead_created,1.4,1
C00000034,G0000031,2026-10-12 18:58:32,test,buylead_created,166.2,1
C00000035,G0000032,2026-10-12 15:19:17,control,particular_seller_only,70.3,1
C00000036,G0000032,2026-10-12 18:19:17,control,other,176.8,1
C00000037,G0000033,2026-10-12 11:24:10,control,particular_seller_only,140.0,1
C00000038,G0000034,2026-10-12 14:38:59,test,other,112.6,1
C00000039,G0000035,2026-10-12 12:34:25,test,buylead_created,4.9,1
C00000040,G0000036,2026-10-12 14:23:11,test,no_requirement,85.0,1
C00000041,G0000037,2026-10-12 19:10:29,control,particular_seller_only,1.3,1
C00000042,G0000038,2026-10-12 18:07:51,test,requirement_unconfirmed,113.3,1
C00000043,G0000039,2026-10-12 11:38:06,test,buylead_created,60.8,1
C00000044,G0000040,2026-10-12 13:24:12,control,buylead_created,2.6,1
C00000045,G0000041,2026-10-12 12:35:48,test,buylead_created,73.9,1
C00000046,G0000042,2026-10-12 15:03:09,control,buylead_created,129.9,1
C00000047,G0000043,2026-10-12 14:53:37,test,buylead_created,79.5,1
C00000048,G0000044,2026-10-12 09:53:23,test,no_requirement,50.3,1
C00000049,G0000045,2026-10-12 13:43:14,control,particular_seller_only,107.1,1
C00000050,G0000046,2026-10-12 12:32:01,control,buylead_created,166.2,1
C00000051,G0000047,2026-10-12 18:47:39,control,buylead_created,58.0,1
C00000052,G0000048,2026-10-12 09:54:51,test,buylead_created,56.0,1
C00000053,G0000049,2026-10-12 12:00:08,control,buylead_created,33.6,1
C00000054,G0000050,2026-10-12 14:35:31,test,no_requirement,54.7,1
C00000055,G0000051,2026-10-12 12:25:30,control,requirement_unconfirmed,36.0,1
C00000056,G0000052,2026-10-12 14:17:26,control,no_requirement,2.6,1
C00000057,G0000053,2026-10-12 08:37:25,control,other,73.9,1
C00000058,G0000054,2026-10-12 19:41:16,control,requirement_unconfirmed,53.6,1
C00000059,G0000055,2026-10-12 16:31:03,control,particular_seller_only,47.1,1
C00000060,G0000056,2026-10-12 10:55:26,control,buylead_created,100.8,1
C00000061,G0000057,2026-10-12 11:55:46,control,requirement_unconfirmed,112.2,1
C00000062,G0000058,2026-10-12 17:27:48,control,requirement_unconfirmed,77.0,1
C00000063,G0000059,2026-10-12 08:52:27,control,other,0.5,1
C00000064,G0000060,2026-10-12 18:35:28,control,requirement_unconfirmed,43.2,1
C00000065,G0000061,2026-10-12 17:29:33,control,buylead_created,114.3,1
C00000066,G0000061,2026-10-13 09:29:33,control,other,26.6,1
C00000067,G0000062,2026-10-12 14:21:33,control,no_requirement,123.7,1
C00000068,G0000063,2026-10-12 15:13:35,control,no_requirement,17.1,1
C00000069,G0000064,2026-10-12 12:54:15,test,no_requirement,53.9,1
C00000070,G0000065,2026-10-12 16:39:41,test,buylead_created,8.1,1
C00000071,G0000066,2026-10-12 17:57:29,control,buylead_created,60.6,1
C00000072,G0000067,2026-10-12 16:15:00,control,buylead_created,92.5,1
C00000073,G0000067,2026-10-13 06:15:00,control,other,4.2,1
C00000074,G0000068,2026-10-12 08:23:21,control,particular_seller_only,82.7,1
C00000075,G0000069,2026-10-12 15:39:40,control,buylead_created,74.7,1
C00000076,G0000069,2026-10-13 18:39:40,control,other,40.6,1
C00000077,G0000070,2026-10-12 16:52:55,control,buylead_created,38.0,1
C00000078,G0000071,2026-10-12 16:17:25,control,no_requirement,147.5,1
C00000079,G0000072,2026-10-12 13:26:05,test,no_connect,85.5,0
C00000080,G0000073,2026-10-12 11:36:20,control,no_requirement,108.4,1
C00000081,G0000074,2026-10-12 09:54:45,control,no_requirement,25.8,1
C00000082,G0000075,2026-10-12 08:28:44,control,requirement_unconfirmed,0.6,1
C00000083,G0000076,2026-10-12 11:20:36,control,particular_seller_only,114.8,1
C00000084,G0000077,2026-10-12 09:05:56,control,buylead_created,76.5,1
C00000085,G0000077,2026-10-12 16:05:56,control,other,156.6,1
C00000086,G0000078,2026-10-12 12:01:43,test,buylead_created,124.4,1
C00000087,G0000079,2026-10-12 19:46:10,control,no_requirement,91.2,1
C00000088,G0000080,2026-10-12 10:59:49,test,no_requirement,62.7,1
C00000089,G0000081,2026-10-12 17:55:21,control,buylead_created,66.8,1
C00000090,G0000082,2026-10-12 18:58:53,control,buylead_created,13.4,1
C00000091,G0000083,2026-10-12 18:16:56,control,buylead_created,197.9,1
C00000092,G0000084,2026-10-12 11:08:37,control,particular_seller_only,54.1,1
C00000093,G0000085,2026-10-12 11:38:49,control,requirement_unconfirmed,14.1,1
C00000094,G0000086,2026-10-12 17:14:48,test,no_requirement,60.0,1
C00000095,G0000087,2026-10-12 12:08:46,control,buylead_created,10.2,1
C00000096,G0000088,2026-10-12 08:17:09,control,particular_seller_only,15.9,1
C00000097,G0000089,2026-10-12 14:31:14,control,requirement_unconfirmed,92.0,1
C00000098,G0000090,2026-10-12 10:59:44,control,particular_seller_only,99.9,1
C00000099,G0000091,2026-10-12 17:23:36,control,no_connect,70.3,0
C00000100,G0000092,2026-10-12 12:32:06,control,no_connect,0.7,0
C00000101,G0000093,2026-10-12 12:23:39,control,requirement_unconfirmed,95.5,1
C00000102,G0000094,2026-10-12 16:13:04,test,buylead_created,105.6,1
C00000103,G0000095,2026-10-12 11:09:00,control,buylead_created,60.2,1
C00000104,G0000096,2026-10-12 14:52:10,control,no_requirement,54.1,1
C00000105,G0000097,2026-10-12 12:16:48,test,buylead_created,66.7,1
C00000106,G0000097,2026-10-13 05:16:48,test,other,92.2,1
C00000107,G0000098,2026-10-12 14:36:18,control,buylead_created,88.8,1
C00000108,G0000099,2026-10-12 18:21:53,control,no_connect,21.4,0
C00000109,G0000100,2026-10-12 15:28:33,control,no_connect,108.9,0
C00000110,G0000101,2026-10-12 08:49:31,control,buylead_created,17.9,1
C00000111,G0000102,2026-10-12 13:38:24,control,other,62.3,1
C00000112,G0000103,2026-10-12 19:38:47,test,buylead_created,54.7,1
C00000113,G0000104,2026-10-12 10:56:46,control,requirement_unconfirmed,72.3,1
C00000114,G0000105,2026-10-12 17:50:39,control,no_requirement,85.5,1
C00000115,G0000106,2026-10-12 14:26:28,test,buylead_created,89.7,1
C00000116,G0000107,2026-10-12 11:36:09,control,no_requirement,61.9,1
C00000117,G0000108,2026-10-12 13:45:40,test,buylead_created,19.9,1
C00000118,G0000109,2026-10-12 14:37:30,test,particular_seller_only,18.7,1
C00000119,G0000110,2026-10-12 17:15:08,test,particular_seller_only,57.7,1
C00000120,G0000111,2026-10-12 08:09:29,control,buylead_created,74.7,1
C00000121,G0000112,2026-10-12 09:11:45,control,no_connect,53.8,0
C00000122,G0000113,2026-10-12 16:40:32,control,requirement_unconfirmed,54.8,1
C00000123,G0000114,2026-10-12 10:06:06,control,buylead_created,21.4,1
C00000124,G0000115,2026-10-12 18:46:25,test,buylead_created,56.0,1
C00000125,G0000115,2026-10-13 06:46:25,test,other,57.2,1
C00000126,G0000116,2026-10-12 12:41:39,control,buylead_created,192.1,1
C00000127,G0000117,2026-10-12 18:17:17,control,no_requirement,55.7,1
C00000128,G0000118,2026-10-12 10:38:22,control,buylead_created,70.3,1
C00000129,G0000119,2026-10-12 10:30:03,control,particular_seller_only,14.9,1
C00000130,G0000120,2026-10-12 14:30:32,control,other,110.0,1
C00000131,G0000121,2026-10-12 15:02:39,test,buylead_created,110.7,1
C00000132,G0000122,2026-10-12 18:40:24,test,,66.1,1
C00000133,G0000123,2026-10-12 11:42:54,test,no_requirement,52.4,1
C00000134,G0000124,2026-10-12 18:37:27,test,no_requirement,87.5,1
C00000135,G0000124,2026-10-13 01:37:27,test,other,9.7,1
C00000136,G0000125,2026-10-12 19:56:30,control,buylead_created,28.7,1
C00000137,G0000126,2026-10-12 17:00:04,control,particular_seller_only,60.8,1
C00000138,G0000127,2026-10-12 11:13:28,control,particular_seller_only,64.4,1
C00000139,G0000128,2026-10-12 12:05:26,control,buylead_created,87.7,1
C00000140,G0000129,2026-10-12 10:17:12,control,buylead_created,89.7,1
C00000141,G0000129,2026-10-12 16:17:12,control,other,18.1,1
C00000142,G0000130,2026-10-12 16:54:23,test,buylead_created,52.1,1
C00000143,G0000131,2026-10-12 14:25:39,control,no_connect,7.1,0
C00000144,G0000131,2026-10-12 21:25:39,control,other,85.5,1
C00000145,G0000132,2026-10-12 12:02:37,control,buylead_created,62.9,1
C00000146,G0000132,2026-10-12 15:02:37,control,other,118.9,1
C00000147,G0000133,2026-10-12 17:31:07,control,requirement_unconfirmed,130.2,1
C00000148,G0000134,2026-10-12 15:20:56,control,no_requirement,84.0,1
C00000149,G0000135,2026-10-12 10:31:38,control,buylead_created,78.1,1
C00000150,G0000136,2026-10-12 18:01:49,test,particular_seller_only,8.6,1
C00000151,G0000137,2026-10-12 19:57:51,test,buylead_created,145.9,1
C00000152,G0000138,2026-10-12 08:36:11,control,buylead_created,148.2,1
C00000153,G0000139,2026-10-12 19:50:52,test,no_requirement,386.6,1
C00000154,G0000140,2026-10-12 10:30:05,test,requirement_unconfirmed,25.8,1
C00000155,G0000141,2026-10-12 10:18:23,test,,47.8,1
C00000156,G0000142,2026-10-12 15:38:39,test,no_requirement,10.0,1
C00000157,G0000143,2026-10-12 12:26:22,control,no_connect,50.8,0
C00000158,G0000144,2026-10-12 09:18:29,test,no_requirement,70.3,1
C00000159,G0000144,2026-10-13 05:18:29,test,other,114.2,1
C00000160,G0000145,2026-10-12 11:50:50,control,buylead_created,56.1,1
C00000161,G0000146,2026-10-12 18:42:18,test,particular_seller_only,87.2,1
C00000162,G0000147,2026-10-12 17:43:40,test,other,66.5,1
C00000163,G0000148,2026-10-12 15:17:41,control,buylead_created,88.1,1
C00000164,G0000149,2026-10-12 12:08:08,test,buylead_created,84.2,1
C00000165,G0000150,2026-10-12 09:37:10,test,buylead_created,48.7,1
C00000166,G0000151,2026-10-12 19:35:24,control,particular_seller_only,1.4,1
C00000167,G0000152,2026-10-12 09:27:51,control,buylead_created,13.6,1
C00000168,G0000153,2026-10-12 09:59:04,control,buylead_created,59.5,1
C00000169,G0000154,2026-10-12 12:45:13,test,buylead_created,90.9,1
C00000170,G0000155,2026-10-12 09:44:44,control,buylead_created,103.7,1
C00000171,G0000156,2026-10-12 14:15:56,control,buylead_created,78.9,1
C00000172,G0000157,2026-10-12 13:25:49,control,buylead_created,54.6,1
C00000173,G0000158,2026-10-12 16:02:05,control,buylead_created,1.4,1
C00000174,G0000159,2026-10-12 11:30:45,control,no_requirement,4.2,1
C00000175,G0000160,2026-10-12 17:39:56,test,buylead_created,4.8,1
C00000176,G0000160,2026-10-13 12:39:56,test,other,54.7,1
C00000177,G0000161,2026-10-12 15:32:47,control,buylead_created,41.5,1
C00000178,G0000162,2026-10-12 11:24:39,control,requirement_unconfirmed,21.3,1
C00000179,G0000163,2026-10-12 14:15:59,test,buylead_created,35.0,1
C00000180,G0000164,2026-10-12 11:54:30,test,buylead_created,65.2,1
C00000181,G0000165,2026-10-12 12:31:28,control,no_requirement,61.3,1
C00000182,G0000166,2026-10-12 10:35:12,control,buylead_created,100.4,1
C00000183,G0000167,2026-10-12 12:21:11,test,requirement_unconfirmed,148.2,1
C00000184,G0000168,2026-10-12 11:25:11,control,buylead_created,70.6,1
C00000185,G0000169,2026-10-12 19:18:49,control,buylead_created,89.1,1
C00000186,G0000170,2026-10-12 18:56:10,control,other,8.6,1
C00000187,G0000171,2026-10-12 13:20:35,control,buylead_created,70.3,1
C00000188,G0000172,2026-10-12 15:44:54,control,buylead_created,7.6,1
C00000189,G0000173,2026-10-12 13:02:57,control,no_connect,227.4,0
C00000190,G0000174,2026-10-12 19:26:08,control,requirement_unconfirmed,85.5,1
C00000191,G0000175,2026-10-12 10:24:20,control,no_requirement,11.8,1
C00000192,G0000175,2026-10-13 15:24:20,control,other,386.6,1
C00000193,G0000176,2026-10-12 13:08:46,control,requirement_unconfirmed,22.3,1
C00000194,G0000177,2026-10-12 17:05:03,control,no_connect,1.7,0
C00000195,G0000178,2026-10-12 14:22:50,test,buylead_created,8.1,1
C00000196,G0000179,2026-10-12 08:18:02,control,requirement_unconfirmed,94.6,1
C00000197,G0000180,2026-10-12 12:15:08,control,other,52.1,1
C00000198,G0000181,2026-10-12 11:00:15,test,no_requirement,114.4,1
C00000199,G0000182,2026-10-12 11:32:10,control,other,70.3,1
C00000200,G0000183,2026-10-12 19:10:29,test,requirement_unconfirmed,89.9,1
C00000201,G0000184,2026-10-12 19:39:19,control,no_requirement,17.6,1
C00000202,G0000185,2026-10-12 19:16:46,control,buylead_created,158.3,1
C00000203,G0000186,2026-10-12 18:10:13,test,requirement_unconfirmed,91.9,1
C00000204,G0000187,2026-10-12 14:04:07,control,buylead_created,110.7,1
C00000205,G0000188,2026-10-12 12:29:56,control,other,9.4,1
C00000206,G0000189,2026-10-12 10:42:58,test,buylead_created,4.0,1
C00000207,G0000190,2026-10-12 19:00:23,control,no_connect,89.7,0
C00000208,G0000191,2026-10-12 16:44:39,control,particular_seller_only,34.0,1
C00000209,G0000192,2026-10-12 13:44:28,control,no_requirement,227.4,1
C00000210,G0000193,2026-10-12 18:50:25,control,no_requirement,65.1,1
C00000211,G0000194,2026-10-12 10:57:47,control,requirement_unconfirmed,89.8,1
C00000212,G0000195,2026-10-12 13:53:18,control,buylead_created,108.4,1
C00000213,G0000196,2026-10-12 11:09:44,control,particular_seller_only,41.0,1
C00000214,G0000197,2026-10-12 12:14:46,control,other,117.8,1
C00000215,G0000198,2026-10-12 18:17:19,control,buylead_created,52.1,1
C00000216,G0000199,2026-10-12 13:01:50,control,buylead_created,93.3,1
C00000217,G0000200,2026-10-12 14:19:16,control,no_requirement,82.2,1
C00000218,G0000201,2026-10-12 14:06:02,control,buylead_created,144.4,1
C00000219,G0000202,2026-10-12 19:18:37,test,buylead_created,56.0,1
C00000220,G0000202,2026-10-13 02:18:37,test,other,59.3,1
C00000221,G0000203,2026-10-12 14:02:15,control,buylead_created,40.6,1
C00000222,G0000204,2026-10-12 15:44:36,control,buylead_created,73.7,1
C00000223,G0000205,2026-10-12 18:08:44,control,buylead_created,2.1,1
C00000224,G0000205,2026-10-13 04:08:44,control,other,129.9,1
C00000225,G0000206,2026-10-12 15:17:53,test,no_requirement,47.6,1
C00000226,G0000207,2026-10-12 11:20:47,control,buylead_created,65.1,1
C00000227,G0000208,2026-10-12 11:47:59,control,buylead_created,47.2,1
C00000228,G0000209,2026-10-12 10:56:54,test,requirement_unconfirmed,4.2,1
C00000229,G0000209,2026-10-13 04:56:54,test,other,8.2,1
C00000230,G0000210,2026-10-12 10:36:09,control,buylead_created,61.5,1
C00000231,G0000211,2026-10-12 18:35:12,control,requirement_unconfirmed,85.5,1
C00000232,G0000212,2026-10-12 13:43:02,control,requirement_unconfirmed,60.9,1
C00000233,G0000213,2026-10-12 12:31:35,control,buylead_created,31.4,1
C00000234,G0000214,2026-10-12 13:49:54,test,buylead_created,102.0,1
C00000235,G0000215,2026-10-12 14:32:08,test,buylead_created,108.4,1
C00000236,G0000215,2026-10-13 04:32:08,test,other,63.2,1
C00000237,G0000216,2026-10-12 17:56:15,test,no_requirement,98.8,1
C00000238,G0000216,2026-10-13 18:56:15,test,other,68.4,1
C00000239,G0000217,2026-10-12 15:03:22,test,particular_seller_only,83.4,1
C00000240,G0000218,2026-10-12 17:05:35,control,other,6.0,1
C00000241,G0000219,2026-10-12 12:50:15,test,buylead_created,47.5,1
C00000242,G0000220,2026-10-12 15:15:39,control,buylead_created,8.6,1
C00000243,G0000221,2026-10-12 18:33:12,control,requirement_unconfirmed,108.9,1
C00000244,G0000222,2026-10-12 08:12:43,test,no_requirement,67.1,1
C00000245,G0000223,2026-10-12 19:30:14,control,other,92.2,1
C00000246,G0000223,2026-10-13 19:30:14,control,other,93.4,1
C00000247,G0000224,2026-10-12 19:51:44,test,no_requirement,35.0,1
C00000248,G0000225,2026-10-12 19:58:50,control,no_requirement,34.0,1
C00000249,G0000226,2026-10-12 11:12:52,control,buylead_created,144.4,1
C00000250,G0000227,2026-10-12 15:13:05,test,other,62.2,1
C00000251,G0000228,2026-10-12 16:29:06,control,buylead_created,47.8,1
C00000252,G0000229,2026-10-12 13:49:25,test,no_connect,42.8,0
C00000253,G0000230,2026-10-12 13:18:39,control,buylead_created,78.5,1
C00000254,G0000231,2026-10-12 16:20:30,test,buylead_created,81.4,1
C00000255,G0000232,2026-10-12 15:48:02,test,buylead_created,6.3,1
C00000256,G0000233,2026-10-12 18:50:48,control,buylead_created,60.8,1
C00000257,G0000234,2026-10-12 13:44:24,control,other,49.0,1
C00000258,G0000234,2026-10-13 01:44:24,control,other,32.7,1
C00000259,G0000235,2026-10-12 19:20:46,test,buylead_created,94.2,1
C00000260,G0000236,2026-10-12 12:05:32,control,requirement_unconfirmed,4.8,1
C00000261,G0000237,2026-10-12 10:09:36,test,no_connect,109.7,0
C00000262,G0000238,2026-10-12 09:57:10,control,buylead_created,95.3,1
C00000263,G0000239,2026-10-12 10:10:15,control,requirement_unconfirmed,89.6,1
C00000264,G0000239,2026-10-12 13:10:15,control,other,32.7,1
C00000265,G0000240,2026-10-12 15:38:08,control,particular_seller_only,38.8,1
C00000266,G0000241,2026-10-12 19:47:08,control,buylead_created,44.9,1
C00000267,G0000242,2026-10-12 19:06:48,control,buylead_created,83.5,1
C00000268,G0000242,2026-10-13 13:06:48,control,other,52.4,1
C00000269,G0000243,2026-10-12 16:04:39,test,no_connect,81.4,0
C00000270,G0000244,2026-10-12 09:45:31,control,buylead_created,1.1,1
C00000271,G0000245,2026-10-12 17:52:39,control,buylead_created,78.8,1
C00000272,G0000245,2026-10-13 16:52:39,control,other,60.1,1
C00000273,G0000246,2026-10-12 15:38:26,control,particular_seller_only,79.8,1
C00000274,G0000246,2026-10-13 19:38:26,control,other,83.5,1
C00000275,G0000247,2026-10-12 12:47:19,control,buylead_created,23.9,1
C00000276,G0000248,2026-10-12 14:00:21,control,buylead_created,82.7,1
C00000277,G0000249,2026-10-12 11:59:08,control,buylead_created,103.9,1
C00000278,G0000250,2026-10-12 17:31:16,control,particular_seller_only,47.1,1
C00000279,G0000251,2026-10-12 10:45:46,control,requirement_unconfirmed,24.8,1
C00000280,G0000252,2026-10-12 18:54:20,control,buylead_created,114.2,1
C00000281,G0000253,2026-10-12 14:58:38,test,no_connect,101.6,0
C00000282,G0000254,2026-10-12 13:10:13,control,buylead_created,109.7,1
C00000283,G0000255,2026-10-12 18:06:11,test,buylead_created,83.5,1
C00000284,G0000256,2026-10-12 18:52:00,control,other,35.1,1
C00000285,G0000257,2026-10-12 12:04:37,control,no_requirement,309.2,1
C00000286,G0000258,2026-10-12 12:19:08,control,requirement_unconfirmed,68.0,1
C00000287,G0000259,2026-10-12 09:10:27,control,no_requirement,254.5,1
C00000288,G0000260,2026-10-12 09:47:38,control,buylead_created,58.4,1
C00000289,G0000261,2026-10-12 16:13:24,control,buylead_created,14.5,1
C00000290,G0000262,2026-10-12 14:35:06,control,buylead_created,60.1,1
C00000291,G0000263,2026-10-12 10:51:41,control,no_requirement,94.6,1
C00000292,G0000263,2026-10-12 22:51:41,control,other,51.9,1
C00000293,G0000264,2026-10-12 11:47:39,test,buylead_created,31.4,1
C00000294,G0000265,2026-10-12 12:17:29,control,no_requirement,60.0,1
C00000295,G0000266,2026-10-12 11:41:13,control,requirement_unconfirmed,56.1,1
C00000296,G0000267,2026-10-12 08:21:42,test,no_requirement,101.0,1
C00000297,G0000268,2026-10-12 14:36:40,control,buylead_created,47.4,1
C00000298,G0000269,2026-10-12 15:55:57,test,particular_seller_only,60.1,1
C00000299,G0000269,2026-10-12 17:55:57,test,other,54.6,1
C00000300,G0000270,2026-10-12 14:50:55,control,particular_seller_only,33.2,1
C00000301,G0000271,2026-10-12 17:57:17,control,buylead_created,4.8,1
C00000302,G0000272,2026-10-12 17:23:56,control,no_requirement,81.2,1
C00000303,G0000273,2026-10-12 15:13:22,control,requirement_unconfirmed,51.1,1
C00000304,G0000274,2026-10-12 15:37:16,test,buylead_created,101.0,1
C00000305,G0000274,2026-10-13 14:37:16,test,other,71.0,1
C00000306,G0000275,2026-10-12 11:01:30,control,requirement_unconfirmed,105.4,1
C00000307,G0000276,2026-10-12 15:24:12,control,buylead_created,32.7,1
C00000308,G0000277,2026-10-12 14:34:41,control,particular_seller_only,53.6,1
C00000309,G0000278,2026-10-12 11:25:17,control,requirement_unconfirmed,40.8,1
C00000310,G0000279,2026-10-12 18:59:03,control,buylead_created,1.1,1
C00000311,G0000280,2026-10-12 17:24:43,control,no_connect,36.6,0
C00000312,G0000281,2026-10-12 13:13:28,control,buylead_created,16.6,1
C00000313,G0000282,2026-10-12 13:40:18,control,buylead_created,58.4,1
C00000314,G0000283,2026-10-12 12:37:14,control,particular_seller_only,61.0,1
C00000315,G0000284,2026-10-12 08:20:47,control,no_requirement,13.2,1
C00000316,G0000284,2026-10-13 07:20:47,control,other,73.4,1
C00000317,G0000285,2026-10-12 14:07:16,test,no_requirement,34.0,1
C00000318,G0000285,2026-10-13 16:07:16,test,other,81.4,1
C00000319,G0000286,2026-10-12 19:49:41,test,buylead_created,14.0,1
C00000320,G0000287,2026-10-12 08:32:06,test,buylead_created,70.7,1
C00000321,G0000288,2026-10-12 11:56:54,test,buylead_created,61.3,1
C00000322,G0000288,2026-10-13 04:56:54,test,other,94.8,1
C00000323,G0000289,2026-10-12 13:52:45,control,buylead_created,42.0,1
C00000324,G0000290,2026-10-12 10:55:32,test,no_connect,1.4,0
C00000325,G0000291,2026-10-12 09:10:31,test,no_requirement,82.6,1
C00000326,G0000292,2026-10-12 17:13:47,control,requirement_unconfirmed,71.8,1
C00000327,G0000293,2026-10-12 13:17:05,control,buylead_created,60.8,1
C00000328,G0000294,2026-10-12 14:40:50,control,particular_seller_only,140.0,1
C00000329,G0000295,2026-10-12 11:50:19,control,no_connect,87.3,0
C00000330,G0000296,2026-10-12 10:14:18,control,no_requirement,92.2,1
C00000331,G0000297,2026-10-12 13:50:37,control,particular_seller_only,93.5,1
C00000332,G0000298,2026-10-12 18:56:40,test,requirement_unconfirmed,46.4,1
C00000333,G0000299,2026-10-12 17:45:52,control,no_connect,15.5,0
C00000334,G0000300,2026-10-13 11:35:16,control,buylead_created,43.8,1
C00000335,G0000300,2026-10-14 00:35:16,control,other,53.6,1
C00000336,G0000301,2026-10-13 10:02:09,control,requirement_unconfirmed,148.2,1
C00000337,G0000302,2026-10-13 18:27:32,control,buylead_created,57.0,1
C00000338,G0000303,2026-10-13 10:00:15,test,no_requirement,212.4,1
C00000339,G0000304,2026-10-13 15:00:10,control,no_requirement,56.6,1
C00000340,G0000305,2026-10-13 13:56:25,control,buylead_created,175.2,1
C00000341,G0000306,2026-10-13 08:53:03,control,buylead_created,72.3,1
C00000342,G0000307,2026-10-13 08:58:40,control,no_connect,55.0,0
C00000343,G0000308,2026-10-13 13:09:32,test,no_requirement,117.2,1
C00000344,G0000309,2026-10-13 10:35:28,control,buylead_created,54.1,1
C00000345,G0000310,2026-10-13 16:22:58,test,no_connect,68.5,0
C00000346,G0000311,2026-10-13 19:18:37,test,buylead_created,1.4,1
C00000347,G0000312,2026-10-13 19:07:13,control,no_requirement,176.4,1
C00000348,G0000312,2026-10-14 17:07:13,control,other,24.6,1
C00000349,G0000313,2026-10-13 18:18:09,test,no_requirement,108.9,1
C00000350,G0000314,2026-10-13 10:44:06,test,buylead_created,59.3,1
C00000351,G0000315,2026-10-13 18:01:24,test,buylead_created,90.3,1
C00000352,G0000315,2026-10-14 02:01:24,test,other,90.3,1
C00000353,G0000316,2026-10-13 10:06:37,test,particular_seller_only,109.7,1
C00000354,G0000317,2026-10-13 14:43:58,control,particular_seller_only,16.6,1
C00000355,G0000318,2026-10-13 08:54:59,test,requirement_unconfirmed,156.6,1
C00000356,G0000319,2026-10-13 09:51:55,control,no_connect,70.3,0
C00000357,G0000320,2026-10-13 09:52:21,test,requirement_unconfirmed,103.7,1
C00000358,G0000321,2026-10-13 18:47:23,control,other,68.5,1
C00000359,G0000322,2026-10-13 19:49:29,test,no_requirement,164.6,1
C00000360,G0000323,2026-10-13 13:23:08,control,buylead_created,0.5,1
C00000361,G0000324,2026-10-13 09:20:17,control,buylead_created,81.4,1
C00000362,G0000325,2026-10-13 16:18:12,control,buylead_created,4.2,1
C00000363,G0000326,2026-10-13 19:36:03,control,particular_seller_only,145.2,1
C00000364,G0000327,2026-10-13 13:58:42,test,other,67.0,1
C00000365,G0000328,2026-10-13 18:19:02,control,particular_seller_only,108.9,1
C00000366,G0000329,2026-10-13 14:13:51,control,requirement_unconfirmed,65.1,1
C00000367,G0000330,2026-10-13 13:22:55,test,requirement_unconfirmed,90.2,1
C00000368,G0000331,2026-10-13 16:34:46,test,other,1.7,1
C00000369,G0000332,2026-10-13 14:56:59,control,requirement_unconfirmed,80.9,1
C00000370,G0000332,2026-10-14 00:56:59,control,other,15.9,1
C00000371,G0000333,2026-10-13 10:21:12,test,no_requirement,0.9,1
C00000372,G0000334,2026-10-13 13:13:38,test,particular_seller_only,66.5,1
C00000373,G0000335,2026-10-13 15:36:05,control,buylead_created,58.6,1
C00000374,G0000336,2026-10-13 08:05:27,control,requirement_unconfirmed,19.3,1
C00000375,G0000337,2026-10-13 09:20:32,test,buylead_created,188.6,1
C00000376,G0000338,2026-10-13 15:37:26,control,buylead_created,95.2,1
C00000377,G0000339,2026-10-13 14:37:51,control,no_connect,13.8,0
C00000378,G0000340,2026-10-13 16:10:12,control,no_requirement,28.4,1
C00000379,G0000341,2026-10-13 08:12:07,control,no_requirement,164.6,1
C00000380,G0000342,2026-10-13 12:29:07,test,buylead_created,169.9,1
C00000381,G0000343,2026-10-13 13:06:12,control,particular_seller_only,104.1,1
C00000382,G0000344,2026-10-13 12:24:28,test,buylead_created,1.9,1
C00000383,G0000345,2026-10-13 17:22:21,control,particular_seller_only,88.8,1
C00000384,G0000346,2026-10-13 13:16:10,control,buylead_created,139.2,1
C00000385,G0000346,2026-10-14 02:16:10,control,other,66.1,1
C00000386,G0000347,2026-10-13 18:11:27,control,buylead_created,108.4,1
C00000387,G0000348,2026-10-13 14:34:45,test,buylead_created,40.8,1
C00000388,G0000349,2026-10-13 11:37:58,test,buylead_created,3.2,1
C00000389,G0000350,2026-10-13 08:44:10,test,no_requirement,134.9,1
C00000390,G0000351,2026-10-13 18:24:15,control,particular_seller_only,52.4,1
C00000391,G0000351,2026-10-14 08:24:15,control,other,8.6,1
C00000392,G0000352,2026-10-13 17:50:37,control,particular_seller_only,33.2,1
C00000393,G0000353,2026-10-13 17:13:39,test,particular_seller_only,126.2,1
C00000394,G0000354,2026-10-13 18:57:56,control,no_requirement,28.2,1
C00000395,G0000355,2026-10-13 17:16:37,control,requirement_unconfirmed,10.9,1
C00000396,G0000356,2026-10-13 11:53:10,control,buylead_created,88.5,1
C00000397,G0000357,2026-10-13 15:38:50,test,buylead_created,84.0,1
C00000398,G0000357,2026-10-14 14:38:50,test,other,80.2,1
C00000399,G0000358,2026-10-13 19:17:17,test,buylead_created,2.4,1
C00000400,G0000359,2026-10-13 11:03:43,control,particular_seller_only,80.6,1
C00000401,G0000360,2026-10-13 13:39:49,control,no_requirement,104.1,1
C00000402,G0000361,2026-10-13 14:58:48,control,buylead_created,53.4,1
C00000403,G0000362,2026-10-13 16:52:48,test,buylead_created,182.6,1
C00000404,G0000363,2026-10-13 09:43:37,control,buylead_created,119.4,1
C00000405,G0000364,2026-10-13 15:50:07,control,buylead_created,82.2,1
C00000406,G0000365,2026-10-13 15:29:27,control,buylead_created,79.3,1
C00000407,G0000366,2026-10-13 08:35:38,control,other,91.9,1
C00000408,G0000367,2026-10-13 17:00:22,control,buylead_created,92.2,1
C00000409,G0000368,2026-10-13 17:55:15,control,no_requirement,114.8,1
C00000410,G0000369,2026-10-13 11:44:30,control,other,67.5,1
C00000411,G0000370,2026-10-13 16:28:14,control,requirement_unconfirmed,0.9,1
C00000412,G0000371,2026-10-13 17:05:23,control,buylead_created,121.2,1
C00000413,G0000372,2026-10-13 15:31:36,control,requirement_unconfirmed,1.9,1
C00000414,G0000373,2026-10-13 08:48:31,control,buylead_created,82.3,1
C00000415,G0000373,2026-10-13 19:48:31,control,other,386.6,1
C00000416,G0000374,2026-10-13 13:12:11,control,buylead_created,57.4,1
C00000417,G0000375,2026-10-13 08:18:26,control,requirement_unconfirmed,84.0,1
C00000418,G0000376,2026-10-13 18:49:02,control,no_requirement,83.6,1
C00000419,G0000377,2026-10-13 13:42:51,control,buylead_created,96.9,1
C00000420,G0000378,2026-10-13 12:28:41,control,particular_seller_only,80.6,1
C00000421,G0000379,2026-10-13 08:40:23,control,requirement_unconfirmed,69.3,1
C00000422,G0000380,2026-10-13 13:45:31,control,requirement_unconfirmed,50.3,1
C00000423,G0000381,2026-10-13 16:55:39,test,no_requirement,22.0,1
C00000424,G0000381,2026-10-14 02:55:39,test,other,10.9,1
C00000425,G0000382,2026-10-13 11:55:24,control,requirement_unconfirmed,130.0,1
C00000426,G0000383,2026-10-13 09:37:03,control,buylead_created,91.9,1
C00000427,G0000384,2026-10-13 14:56:47,control,buylead_created,70.6,1
C00000428,G0000385,2026-10-13 15:57:38,test,requirement_unconfirmed,45.6,1
C00000429,G0000386,2026-10-13 13:24:27,control,buylead_created,4.2,1
C00000430,G0000387,2026-10-13 17:03:22,control,buylead_created,76.5,1
C00000431,G0000388,2026-10-13 10:37:00,control,buylead_created,13.8,1
C00000432,G0000389,2026-10-13 14:47:00,control,no_requirement,77.5,1
C00000433,G0000390,2026-10-13 11:41:26,control,requirement_unconfirmed,62.3,1
C00000434,G0000391,2026-10-13 18:27:45,control,no_requirement,51.7,1
C00000435,G0000392,2026-10-13 16:58:33,control,no_requirement,71.0,1
C00000436,G0000393,2026-10-13 13:43:22,control,no_connect,254.5,0
C00000437,G0000394,2026-10-13 17:07:44,control,requirement_unconfirmed,88.6,1
C00000438,G0000395,2026-10-13 14:24:46,test,no_requirement,106.6,1
C00000439,G0000396,2026-10-13 10:23:07,control,buylead_created,8.4,1
C00000440,G0000397,2026-10-13 08:35:27,control,no_requirement,69.3,1
C00000441,G0000398,2026-10-13 18:58:35,control,buylead_created,70.1,1
C00000442,G0000399,2026-10-13 09:46:34,control,buylead_created,6.3,1
C00000443,G0000400,2026-10-13 14:45:16,control,buylead_created,65.4,1
C00000444,G0000401,2026-10-13 17:32:58,control,requirement_unconfirmed,66.5,1
C00000445,G0000402,2026-10-13 13:29:56,test,buylead_created,78.6,1
C00000446,G0000403,2026-10-13 08:48:24,test,requirement_unconfirmed,84.0,1
C00000447,G0000404,2026-10-13 10:13:22,control,no_requirement,28.2,1
C00000448,G0000405,2026-10-13 17:06:36,control,no_requirement,32.7,1
C00000449,G0000406,2026-10-13 15:18:44,control,particular_seller_only,32.7,1
C00000450,G0000407,2026-10-13 15:07:37,control,particular_seller_only,137.3,1
C00000451,G0000408,2026-10-13 14:16:07,control,buylead_created,1.2,1
C00000452,G0000409,2026-10-13 08:51:33,test,buylead_created,172.5,1
C00000453,G0000410,2026-10-13 17:11:15,control,buylead_created,8.4,1
C00000454,G0000411,2026-10-13 13:56:41,test,buylead_created,88.7,1
C00000455,G0000412,2026-10-13 15:35:57,test,buylead_created,101.0,1
C00000456,G0000413,2026-10-13 14:29:03,test,particular_seller_only,17.9,1
C00000457,G0000413,2026-10-14 19:29:03,test,other,77.8,1
C00000458,G0000414,2026-10-13 09:57:58,control,buylead_created,75.3,1
C00000459,G0000415,2026-10-13 11:09:04,control,requirement_unconfirmed,81.4,1
C00000460,G0000416,2026-10-13 09:15:33,control,no_requirement,3.0,1
C00000461,G0000417,2026-10-13 13:40:38,control,buylead_created,93.3,1
C00000462,G0000418,2026-10-13 16:29:27,control,requirement_unconfirmed,105.3,1
C00000463,G0000419,2026-10-13 16:36:12,control,particular_seller_only,172.5,1
C00000464,G0000420,2026-10-13 12:50:36,control,requirement_unconfirmed,62.5,1
C00000465,G0000421,2026-10-13 11:12:10,test,buylead_created,24.8,1
C00000466,G0000422,2026-10-13 17:11:15,control,buylead_created,78.2,1
C00000467,G0000423,2026-10-13 09:50:09,test,requirement_unconfirmed,14.9,1
C00000468,G0000424,2026-10-13 17:46:30,test,requirement_unconfirmed,77.0,1
C00000469,G0000425,2026-10-13 11:10:47,control,buylead_created,160.1,1
C00000470,G0000426,2026-10-13 09:28:04,control,buylead_created,3.1,1
C00000471,G0000427,2026-10-13 18:16:48,control,buylead_created,60.6,1
C00000472,G0000428,2026-10-13 18:59:51,control,buylead_created,14.0,1
C00000473,G0000429,2026-10-13 15:35:57,control,no_requirement,65.1,1
C00000474,G0000430,2026-10-13 09:08:22,control,particular_seller_only,147.5,1
C00000475,G0000431,2026-10-13 16:28:32,test,buylead_created,227.8,1
C00000476,G0000432,2026-10-13 15:14:44,control,buylead_created,12.2,1
C00000477,G0000432,2026-10-14 17:14:44,control,other,46.4,1
C00000478,G0000433,2026-10-13 15:12:35,test,buylead_created,79.8,1
C00000479,G0000434,2026-10-13 09:24:26,test,particular_seller_only,95.0,1
C00000480,G0000435,2026-10-13 08:55:49,control,no_requirement,13.8,1
C00000481,G0000436,2026-10-13 15:51:11,test,no_requirement,84.2,1
C00000482,G0000437,2026-10-13 16:48:38,control,buylead_created,108.4,1
C00000483,G0000437,2026-10-14 14:48:38,control,other,3.0,1
C00000484,G0000438,2026-10-13 17:12:29,control,buylead_created,73.9,1
C00000485,G0000439,2026-10-13 19:36:55,control,requirement_unconfirmed,48.2,1
C00000486,G0000440,2026-10-13 09:58:53,test,buylead_created,82.3,1
C00000487,G0000441,2026-10-13 15:36:34,control,buylead_created,197.9,1
C00000488,G0000442,2026-10-13 18:46:04,control,requirement_unconfirmed,48.7,1
C00000489,G0000443,2026-10-13 14:31:29,test,buylead_created,57.5,1
C00000490,G0000444,2026-10-13 14:39:07,control,no_connect,116.2,0
C00000491,G0000445,2026-10-13 11:55:33,control,requirement_unconfirmed,70.3,1
C00000492,G0000446,2026-10-13 16:47:05,control,buylead_created,1.4,1
C00000493,G0000447,2026-10-13 14:52:09,control,buylead_created,42.5,1
C00000494,G0000448,2026-10-13 08:50:20,control,buylead_created,7.7,1
C00000495,G0000449,2026-10-13 08:35:56,control,buylead_created,4.2,1
C00000496,G0000450,2026-10-13 12:35:48,control,buylead_created,112.7,1
C00000497,G0000451,2026-10-13 12:30:06,control,buylead_created,60.6,1
C00000498,G0000452,2026-10-13 16:58:24,test,particular_seller_only,14.1,1
C00000499,G0000453,2026-10-13 13:25:42,control,no_requirement,8.6,1
C00000500,G0000454,2026-10-13 18:40:53,control,buylead_created,22.0,1
C00000501,G0000455,2026-10-13 15:30:15,control,buylead_created,46.7,1
C00000502,G0000456,2026-10-13 16:16:45,control,no_requirement,68.0,1
C00000503,G0000457,2026-10-13 09:14:03,control,buylead_created,77.5,1
C00000504,G0000458,2026-10-13 10:11:15,control,buylead_created,16.7,1
C00000505,G0000458,2026-10-14 13:11:15,control,other,99.6,1
C00000506,G0000459,2026-10-13 15:01:30,test,buylead_created,52.4,1
C00000507,G0000460,2026-10-13 13:39:22,C,no_requirement,14.3,1
C00000508,G0000461,2026-10-13 14:02:37,control,buylead_created,46.5,1
C00000509,G0000461,2026-10-14 02:02:37,control,other,171.9,1
C00000510,G0000462,2026-10-13 13:11:20,test,no_connect,118.2,0
C00000511,G0000463,2026-10-13 16:02:36,control,no_requirement,61.3,1
C00000512,G0000464,2026-10-13 09:42:53,control,buylead_created,59.3,1
C00000513,G0000465,2026-10-13 16:03:38,test,requirement_unconfirmed,1.9,1
C00000514,G0000466,2026-10-13 13:16:55,control,no_requirement,78.4,1
C00000515,G0000467,2026-10-13 14:01:28,test,buylead_created,88.5,1
C00000516,G0000467,2026-10-13 22:01:28,test,other,12.7,1
C00000517,G0000468,2026-10-13 14:05:09,control,requirement_unconfirmed,90.1,1
C00000518,G0000469,2026-10-13 09:29:20,control,no_requirement,46.8,1
C00000519,G0000470,2026-10-13 08:24:51,control,buylead_created,16.6,1
C00000520,G0000471,2026-10-13 18:36:22,control,requirement_unconfirmed,136.3,1
C00000521,G0000472,2026-10-13 17:03:48,test,buylead_created,54.1,1
C00000522,G0000473,2026-10-13 14:16:23,control,particular_seller_only,106.3,1
C00000523,G0000474,2026-10-13 09:16:35,control,buylead_created,199.4,1
C00000524,G0000475,2026-10-13 12:16:50,control,buylead_created,36.0,1
C00000525,G0000476,2026-10-13 16:22:32,control,buylead_created,40.8,1
C00000526,G0000477,2026-10-13 11:32:29,control,no_requirement,64.7,1
C00000527,G0000478,2026-10-13 12:12:33,control,buylead_created,89.1,1
C00000528,G0000479,2026-10-13 12:06:32,control,buylead_created,121.5,1
C00000529,G0000480,2026-10-13 14:16:08,test,buylead_created,102.2,1
C00000530,G0000481,2026-10-13 19:19:39,control,buylead_created,60.9,1
C00000531,G0000482,2026-10-13 14:02:21,control,buylead_created,111.9,1
C00000532,G0000483,2026-10-13 16:08:08,control,requirement_unconfirmed,40.6,1
C00000533,G0000484,2026-10-13 16:47:31,control,buylead_created,70.8,1
C00000534,G0000485,2026-10-13 13:08:17,test,buylead_created,56.6,1
C00000535,G0000486,2026-10-13 17:59:58,control,requirement_unconfirmed,60.6,1
C00000536,G0000487,2026-10-13 17:06:07,control,requirement_unconfirmed,56.7,1
C00000537,G0000487,2026-10-14 02:06:07,control,other,70.1,1
C00000538,G0000488,2026-10-13 08:53:31,control,requirement_unconfirmed,85.6,1
C00000539,G0000489,2026-10-13 12:46:29,test,requirement_unconfirmed,116.2,1
C00000540,G0000490,2026-10-13 19:39:37,control,requirement_unconfirmed,55.6,1
C00000541,G0000491,2026-10-13 12:10:08,test,no_requirement,67.4,1
C00000542,G0000492,2026-10-13 11:08:13,test,requirement_unconfirmed,10.2,1
C00000543,G0000493,2026-10-13 18:44:27,test,buylead_created,3.1,1
C00000544,G0000494,2026-10-13 11:03:25,control,requirement_unconfirmed,81.3,1
C00000545,G0000495,2026-10-13 13:12:00,test,other,41.5,1
C00000546,G0000496,2026-10-13 12:59:13,test,,100.8,1
C00000547,G0000496,2026-10-14 14:59:13,test,other,111.2,1
C00000548,G0000497,2026-10-13 11:40:22,test,buylead_created,47.8,1
C00000549,G0000498,2026-10-13 19:45:38,control,other,3.2,1
C00000550,G0000499,2026-10-13 09:59:06,control,requirement_unconfirmed,4.3,1
C00000551,G0000500,2026-10-13 17:26:27,control,buylead_created,8.2,1
C00000552,G0000501,2026-10-13 14:55:55,control,requirement_unconfirmed,61.6,1
C00000553,G0000502,2026-10-13 14:52:58,control,buylead_created,41.5,1
C00000554,G0000503,2026-10-13 15:59:35,control,buylead_created,153.4,1
C00000555,G0000504,2026-10-13 10:28:37,control,buylead_created,85.6,1
C00000556,G0000504,2026-10-13 16:28:37,control,other,54.8,1
C00000557,G0000505,2026-10-13 09:01:05,control,buylead_created,89.7,1
C00000558,G0000506,2026-10-13 11:39:41,control,requirement_unconfirmed,54.6,1
C00000559,G0000507,2026-10-13 16:54:31,control,no_connect,73.4,0
C00000560,G0000508,2026-10-13 17:22:25,control,requirement_unconfirmed,80.2,1
C00000561,G0000509,2026-10-13 19:07:02,test,buylead_created,92.5,1
C00000562,G0000510,2026-10-13 14:02:04,control,requirement_unconfirmed,183.9,1
C00000563,G0000511,2026-10-13 18:41:03,control,requirement_unconfirmed,55.6,1
C00000564,G0000512,2026-10-13 14:27:02,control,buylead_created,69.0,1
C00000565,G0000513,2026-10-13 18:55:36,test,no_requirement,21.4,1
C00000566,G0000513,2026-10-13 20:55:36,test,other,65.1,1
C00000567,G0000514,2026-10-13 08:15:01,control,requirement_unconfirmed,119.0,1
C00000568,G0000515,2026-10-13 08:20:18,control,other,53.8,1
C00000569,G0000516,2026-10-13 11:34:40,control,no_requirement,56.6,1
C00000570,G0000517,2026-10-13 08:40:42,test,buylead_created,10.2,1
C00000571,G0000517,2026-10-13 20:40:42,test,other,59.5,1
C00000572,G0000518,2026-10-13 18:35:24,test,requirement_unconfirmed,72.3,1
C00000573,G0000519,2026-10-13 13:25:00,control,no_requirement,47.1,1
C00000574,G0000520,2026-10-13 19:58:35,control,buylead_created,89.7,1
C00000575,G0000521,2026-10-13 09:05:18,test,requirement_unconfirmed,61.3,1
C00000576,G0000522,2026-10-13 14:22:23,control,no_requirement,61.5,1
C00000577,G0000523,2026-10-13 18:06:51,control,requirement_unconfirmed,108.4,1
C00000578,G0000524,2026-10-13 14:55:03,control,requirement_unconfirmed,62.3,1
C00000579,G0000525,2026-10-13 17:07:48,control,no_connect,125.1,0
C00000580,G0000526,2026-10-13 09:42:26,test,no_connect,62.2,0
C00000581,G0000527,2026-10-13 15:31:34,control,no_connect,5.3,0
C00000582,G0000528,2026-10-13 17:34:48,test,buylead_created,72.9,1
C00000583,G0000528,2026-10-14 19:34:48,test,other,188.6,1
C00000584,G0000529,2026-10-13 19:49:04,test,buylead_created,109.4,1
C00000585,G0000530,2026-10-13 10:01:18,control,particular_seller_only,61.2,1
C00000586,G0000531,2026-10-13 18:47:31,control,buylead_created,54.7,1
C00000587,G0000532,2026-10-13 18:01:35,control,no_connect,50.3,0
C00000588,G0000533,2026-10-13 08:04:17,control,no_requirement,119.4,1
C00000589,G0000534,2026-10-13 15:39:30,test,no_requirement,17.1,1
C00000590,G0000535,2026-10-13 12:56:12,control,no_connect,120.2,0
C00000591,G0000535,2026-10-14 00:56:12,control,other,199.8,1
C00000592,G0000536,2026-10-13 12:10:48,test,requirement_unconfirmed,34.8,1
C00000593,G0000537,2026-10-13 10:42:35,C,buylead_created,47.8,1
C00000594,G0000538,2026-10-13 15:50:17,test,other,46.7,1
C00000595,G0000539,2026-10-13 17:33:53,control,no_requirement,118.9,1
C00000596,G0000540,2026-10-13 19:35:12,test,buylead_created,100.2,1
C00000597,G0000541,2026-10-13 16:14:19,control,buylead_created,66.7,1
C00000598,G0000542,2026-10-13 15:00:59,control,requirement_unconfirmed,51.9,1
C00000599,G0000542,2026-10-14 07:00:59,control,other,114.8,1
C00000600,G0000543,2026-10-13 17:50:13,control,buylead_created,144.4,1
C00000601,G0000544,2026-10-13 19:46:45,control,buylead_created,43.5,1
C00000602,G0000545,2026-10-13 18:52:25,control,buylead_created,67.5,1
C00000603,G0000545,2026-10-14 20:52:25,control,other,39.5,1
C00000604,G0000546,2026-10-13 16:24:12,test,buylead_created,1.4,1
C00000605,G0000547,2026-10-13 12:21:07,control,particular_seller_only,26.1,1
C00000606,G0000547,2026-10-14 17:21:07,control,other,90.2,1
C00000607,G0000548,2026-10-13 11:28:38,test,buylead_created,182.2,1
C00000608,G0000549,2026-10-13 18:53:26,control,buylead_created,128.4,1
C00000609,G0000550,2026-10-13 09:18:58,control,requirement_unconfirmed,176.8,1
C00000610,G0000551,2026-10-13 19:49:06,control,buylead_created,82.9,1
C00000611,G0000552,2026-10-13 14:42:12,control,buylead_created,16.2,1
C00000612,G0000553,2026-10-13 19:32:20,test,requirement_unconfirmed,89.5,1
C00000613,G0000554,2026-10-13 17:01:52,control,no_requirement,48.7,1
C00000614,G0000555,2026-10-13 12:16:14,control,buylead_created,91.9,1
C00000615,G0000556,2026-10-13 11:58:39,test,requirement_unconfirmed,93.0,1
C00000616,G0000557,2026-10-13 17:34:13,control,no_requirement,87.3,1
C00000617,G0000558,2026-10-13 08:20:25,control,particular_seller_only,14.1,1
C00000618,G0000559,2026-10-13 17:39:31,control,buylead_created,121.5,1
C00000619,G0000560,2026-10-13 08:12:45,control,no_requirement,52.7,1
C00000620,G0000560,2026-10-13 16:12:45,control,other,92.5,1
C00000621,G0000561,2026-10-13 14:13:25,control,no_requirement,81.4,1
C00000622,G0000562,2026-10-13 11:54:07,test,particular_seller_only,46.5,1
C00000623,G0000563,2026-10-13 18:24:04,test,no_requirement,126.2,1
C00000624,G0000563,2026-10-14 13:24:04,test,other,41.4,1
C00000625,G0000564,2026-10-13 18:08:31,control,requirement_unconfirmed,116.1,1
C00000626,G0000565,2026-10-13 15:22:31,control,buylead_created,38.8,1
C00000627,G0000566,2026-10-13 19:34:26,control,no_requirement,57.0,1
C00000628,G0000567,2026-10-13 17:13:51,control,no_requirement,61.3,1
C00000629,G0000568,2026-10-13 15:59:09,control,buylead_created,93.4,1
C00000630,G0000568,2026-10-13 19:59:09,control,other,111.9,1
C00000631,G0000569,2026-10-13 13:00:21,control,buylead_created,78.5,1
C00000632,G0000570,2026-10-13 16:30:42,control,buylead_created,64.4,1
C00000633,G0000571,2026-10-13 10:24:20,test,requirement_unconfirmed,22.3,1
C00000634,G0000572,2026-10-13 11:08:21,control,buylead_created,83.4,1
C00000635,G0000573,2026-10-13 08:50:38,control,requirement_unconfirmed,84.2,1
C00000636,G0000574,2026-10-13 17:05:37,test,buylead_created,0.6,1
C00000637,G0000575,2026-10-13 13:20:39,control,requirement_unconfirmed,40.8,1
C00000638,G0000576,2026-10-13 10:29:10,control,buylead_created,61.9,1
C00000639,G0000576,2026-10-13 22:29:10,control,other,51.6,1
C00000640,G0000577,2026-10-13 17:17:15,control,requirement_unconfirmed,67.0,1
C00000641,G0000578,2026-10-13 17:25:53,control,requirement_unconfirmed,62.7,1
C00000642,G0000579,2026-10-13 14:00:15,control,buylead_created,70.8,1
C00000643,G0000580,2026-10-13 17:54:01,test,requirement_unconfirmed,53.6,1
C00000644,G0000581,2026-10-13 17:11:11,control,buylead_created,39.6,1
C00000645,G0000582,2026-10-13 18:22:41,test,buylead_created,110.0,1
C00000646,G0000583,2026-10-13 15:14:16,control,no_connect,46.4,0
C00000647,G0000584,2026-10-13 14:25:27,control,other,0.6,1
C00000648,G0000585,2026-10-13 11:03:51,control,no_requirement,80.6,1
C00000649,G0000586,2026-10-13 16:48:10,control,no_connect,17.9,0
C00000650,G0000587,2026-10-13 16:36:10,test,buylead_created,61.0,1
C00000651,G0000588,2026-10-13 14:46:51,control,particular_seller_only,92.5,1
C00000652,G0000589,2026-10-13 08:09:00,test,no_requirement,93.4,1
C00000653,G0000590,2026-10-13 08:59:28,control,buylead_created,88.5,1
C00000654,G0000591,2026-10-13 12:32:06,control,no_requirement,38.1,1
C00000655,G0000592,2026-10-13 09:01:46,control,buylead_created,49.0,1
C00000656,G0000593,2026-10-13 13:51:36,control,buylead_created,74.1,1
C00000657,G0000594,2026-10-13 18:30:45,control,buylead_created,74.7,1
C00000658,G0000595,2026-10-13 10:11:34,control,buylead_created,89.8,1
C00000659,G0000596,2026-10-13 10:33:21,control,requirement_unconfirmed,24.8,1
C00000660,G0000597,2026-10-13 18:08:42,test,particular_seller_only,90.9,1
C00000661,G0000598,2026-10-13 19:28:15,control,no_requirement,109.7,1
C00000662,G0000599,2026-10-13 09:48:16,control,requirement_unconfirmed,91.7,1
C00000663,G0000600,2026-10-14 09:45:25,control,buylead_created,2.1,1
C00000664,G0000601,2026-10-14 14:20:46,control,buylead_created,25.0,1
C00000665,G0000602,2026-10-14 12:10:00,test,buylead_created,64.8,1
C00000666,G0000603,2026-10-14 09:12:25,control,buylead_created,195.9,1
C00000667,G0000604,2026-10-14 10:53:07,test,buylead_created,109.7,1
C00000668,G0000605,2026-10-14 11:04:07,control,buylead_created,51.6,1
C00000669,G0000606,2026-10-14 11:20:04,control,buylead_created,1.1,1
C00000670,G0000607,2026-10-14 18:20:00,test,buylead_created,60.3,1
C00000671,G0000608,2026-10-14 17:00:54,test,buylead_created,81.3,1
C00000672,G0000609,2026-10-14 13:58:39,test,buylead_created,58.4,1
C00000673,G0000609,2026-10-15 12:58:39,test,other,75.2,1
C00000674,G0000610,2026-10-14 08:32:58,test,buylead_created,4.2,1
C00000675,G0000611,2026-10-14 12:03:58,test,no_connect,54.1,0
C00000676,G0000612,2026-10-14 16:06:45,control,requirement_unconfirmed,55.6,1
C00000677,G0000613,2026-10-14 11:52:13,control,requirement_unconfirmed,62.7,1
C00000678,G0000614,2026-10-14 10:18:40,control,particular_seller_only,140.5,1
C00000679,G0000615,2026-10-14 16:30:14,control,buylead_created,109.7,1
C00000680,G0000615,2026-10-15 06:30:14,control,other,115.9,1
C00000681,G0000616,2026-10-14 16:35:41,control,buylead_created,44.9,1
C00000682,G0000617,2026-10-14 13:01:53,control,buylead_created,77.4,1
C00000683,G0000618,2026-10-14 13:20:48,control,buylead_created,75.9,1
C00000684,G0000619,2026-10-14 18:23:55,control,other,53.8,1
C00000685,G0000620,2026-10-14 11:54:36,test,buylead_created,93.3,1
C00000686,G0000621,2026-10-14 15:00:33,test,no_requirement,61.9,1
C00000687,G0000622,2026-10-14 19:56:11,test,buylead_created,116.7,1
C00000688,G0000623,2026-10-14 19:07:47,test,buylead_created,63.6,1
C00000689,G0000624,2026-10-14 12:17:20,control,other,78.1,1
C00000690,G0000624,2026-10-14 22:17:20,control,other,31.6,1
C00000691,G0000625,2026-10-14 18:59:12,test,buylead_created,1.7,1
C00000692,G0000626,2026-10-14 19:55:04,test,buylead_created,12.6,1
C00000693,G0000626,2026-10-14 23:55:04,test,other,68.4,1
C00000694,G0000627,2026-10-14 09:52:51,control,no_requirement,36.6,1
C00000695,G0000628,2026-10-14 18:40:01,control,particular_seller_only,59.3,1
C00000696,G0000629,2026-10-14 09:01:15,control,no_requirement,39.5,1
C00000697,G0000630,2026-10-14 10:56:01,control,requirement_unconfirmed,100.2,1
C00000698,G0000631,2026-10-14 16:33:31,test,particular_seller_only,12.2,1
C00000699,G0000632,2026-10-14 13:26:58,control,no_connect,112.0,0
C00000700,G0000633,2026-10-14 14:18:27,control,no_requirement,22.0,1
C00000701,G0000634,2026-10-14 18:22:43,control,no_connect,6.2,0
C00000702,G0000635,2026-10-14 12:26:43,test,buylead_created,13.8,1
C00000703,G0000636,2026-10-14 09:43:54,test,buylead_created,66.1,1
C00000704,G0000637,2026-10-14 16:20:38,control,no_requirement,70.6,1
C00000705,G0000637,2026-10-15 01:20:38,control,other,3.7,1
C00000706,G0000638,2026-10-14 13:41:38,control,requirement_unconfirmed,119.4,1
C00000707,G0000639,2026-10-14 13:22:57,control,no_requirement,4.9,1
C00000708,G0000639,2026-10-14 16:22:57,control,other,22.0,1
C00000709,G0000640,2026-10-14 11:36:45,control,requirement_unconfirmed,93.3,1
C00000710,G0000641,2026-10-14 10:53:58,control,no_requirement,88.8,1
C00000711,G0000642,2026-10-14 15:43:00,control,other,78.5,1
C00000712,G0000643,2026-10-14 08:09:35,control,buylead_created,14.0,1
C00000713,G0000644,2026-10-14 09:45:23,control,particular_seller_only,0.5,1
C00000714,G0000645,2026-10-14 18:29:32,control,buylead_created,112.0,1
C00000715,G0000645,2026-10-15 00:29:32,control,other,20.6,1
C00000716,G0000646,2026-10-14 09:37:24,test,particular_seller_only,140.5,1
C00000717,G0000647,2026-10-14 12:46:26,control,requirement_unconfirmed,100.4,1
C00000718,G0000648,2026-10-14 16:55:02,control,no_connect,54.9,0
C00000719,G0000649,2026-10-14 18:15:49,test,requirement_unconfirmed,199.8,1
C00000720,G0000650,2026-10-14 14:34:16,test,no_requirement,16.6,1
C00000721,G0000651,2026-10-14 09:00:04,control,no_requirement,70.7,1
C00000722,G0000652,2026-10-14 13:29:15,test,buylead_created,144.4,1
C00000723,G0000653,2026-10-14 15:20:04,control,buylead_created,54.6,1
C00000724,G0000654,2026-10-14 12:05:02,control,buylead_created,47.2,1
C00000725,G0000654,2026-10-15 00:05:02,control,other,93.7,1
C00000726,G0000655,2026-10-14 09:27:53,control,requirement_unconfirmed,8.6,1
C00000727,G0000656,2026-10-14 15:33:13,control,particular_seller_only,12.8,1
C00000728,G0000657,2026-10-14 08:01:48,control,buylead_created,24.8,1
C00000729,G0000658,2026-10-14 17:52:05,control,buylead_created,386.6,1
C00000730,G0000659,2026-10-14 08:46:29,control,requirement_unconfirmed,46.4,1
C00000731,G0000660,2026-10-14 18:54:56,test,no_requirement,74.1,1
C00000732,G0000661,2026-10-14 10:59:27,control,buylead_created,64.2,1
C00000733,G0000661,2026-10-15 06:59:27,control,other,25.5,1
C00000734,G0000662,2026-10-14 10:57:12,control,no_connect,79.8,0
C00000735,G0000662,2026-10-15 14:57:12,control,other,45.6,1
C00000736,G0000663,2026-10-14 14:15:58,control,requirement_unconfirmed,61.9,1
C00000737,G0000664,2026-10-14 12:07:59,test,buylead_created,10.2,1
C00000738,G0000665,2026-10-14 13:26:09,control,buylead_created,4.0,1
C00000739,G0000666,2026-10-14 15:14:05,control,requirement_unconfirmed,87.3,1
C00000740,G0000667,2026-10-14 11:39:08,control,no_requirement,183.9,1
C00000741,G0000667,2026-10-15 13:39:08,control,other,0.3,1
C00000742,G0000668,2026-10-14 09:18:42,control,no_requirement,56.7,1
C00000743,G0000669,2026-10-14 11:36:07,control,buylead_created,64.8,1
C00000744,G0000670,2026-10-14 09:19:33,control,no_requirement,77.5,1
C00000745,G0000671,2026-10-14 08:05:53,control,buylead_created,60.8,1
C00000746,G0000672,2026-10-14 18:28:00,control,buylead_created,199.8,1
C00000747,G0000673,2026-10-14 16:21:26,control,buylead_created,183.9,1
C00000748,G0000674,2026-10-14 17:02:05,test,no_requirement,60.9,1
C00000749,G0000675,2026-10-14 11:52:54,control,no_requirement,106.6,1
C00000750,G0000676,2026-10-14 19:56:15,control,no_requirement,105.6,1
C00000751,G0000677,2026-10-14 19:12:57,test,buylead_created,88.8,1
C00000752,G0000678,2026-10-14 15:49:17,control,buylead_created,27.9,1
C00000753,G0000679,2026-10-14 16:18:58,test,buylead_created,47.6,1
C00000754,G0000680,2026-10-14 14:01:34,test,no_connect,60.6,0
C00000755,G0000681,2026-10-14 12:26:53,test,no_connect,91.9,0
C00000756,G0000682,2026-10-14 13:42:52,control,buylead_created,62.6,1
C00000757,G0000683,2026-10-14 12:39:33,control,other,3.1,1
C00000758,G0000683,2026-10-15 08:39:33,control,other,101.4,1
C00000759,G0000684,2026-10-14 19:14:53,test,no_requirement,8.4,1
C00000760,G0000685,2026-10-14 18:57:52,control,no_requirement,69.1,1
C00000761,G0000686,2026-10-14 16:02:42,test,buylead_created,53.4,1
C00000762,G0000687,2026-10-14 08:19:17,control,requirement_unconfirmed,36.6,1
C00000763,G0000688,2026-10-14 18:29:20,test,buylead_created,60.8,1
C00000764,G0000689,2026-10-14 17:37:50,test,buylead_created,22.2,1
C00000765,G0000690,2026-10-14 19:11:00,test,requirement_unconfirmed,53.6,1
C00000766,G0000691,2026-10-14 12:23:42,control,other,54.1,1
C00000767,G0000692,2026-10-14 18:00:00,control,buylead_created,30.8,1
C00000768,G0000693,2026-10-14 14:44:04,control,requirement_unconfirmed,83.3,1
C00000769,G0000694,2026-10-14 12:11:20,control,requirement_unconfirmed,34.8,1
C00000770,G0000694,2026-10-14 18:11:20,control,other,145.9,1
C00000771,G0000695,2026-10-14 14:52:11,control,buylead_created,19.9,1
C00000772,G0000696,2026-10-14 09:00:55,control,no_connect,109.4,0
C00000773,G0000697,2026-10-14 15:02:38,control,buylead_created,28.1,1
C00000774,G0000698,2026-10-14 14:04:59,control,requirement_unconfirmed,53.9,1
C00000775,G0000699,2026-10-14 09:11:31,test,buylead_created,47.2,1
C00000776,G0000700,2026-10-14 11:16:03,control,no_requirement,47.6,1
C00000777,G0000701,2026-10-14 19:26:58,test,particular_seller_only,48.7,1
C00000778,G0000701,2026-10-15 15:26:58,test,other,16.6,1
C00000779,G0000702,2026-10-14 12:14:43,control,buylead_created,67.0,1
C00000780,G0000702,2026-10-14 19:14:43,control,other,4.2,1
C00000781,G0000703,2026-10-14 14:17:18,test,buylead_created,129.7,1
C00000782,G0000704,2026-10-14 13:37:08,control,particular_seller_only,140.7,1
C00000783,G0000705,2026-10-14 12:49:41,control,buylead_created,6.2,1
C00000784,G0000706,2026-10-14 13:42:58,test,no_requirement,159.0,1
C00000785,G0000707,2026-10-14 16:34:34,control,buylead_created,2.3,1
C00000786,G0000707,2026-10-15 08:34:34,control,other,66.1,1
C00000787,G0000708,2026-10-14 10:37:21,test,buylead_created,62.7,1
C00000788,G0000709,2026-10-14 18:07:38,control,no_requirement,64.4,1
C00000789,G0000709,2026-10-15 01:07:38,control,other,140.0,1
C00000790,G0000710,2026-10-14 09:08:22,control,no_requirement,13.6,1
C00000791,G0000711,2026-10-14 08:44:34,control,particular_seller_only,83.4,1
C00000792,G0000712,2026-10-14 17:56:57,control,requirement_unconfirmed,7.6,1
C00000793,G0000713,2026-10-14 11:41:48,test,buylead_created,5.6,1
C00000794,G0000713,2026-10-15 11:41:48,test,other,113.3,1
C00000795,G0000714,2026-10-14 17:33:00,control,buylead_created,79.5,1
C00000796,G0000714,2026-10-14 22:33:00,control,other,109.7,1
C00000797,G0000715,2026-10-14 15:18:10,control,buylead_created,42.5,1
C00000798,G0000716,2026-10-14 11:51:28,control,buylead_created,60.2,1
C00000799,G0000717,2026-10-14 13:59:20,control,buylead_created,76.5,1
C00000800,G0000718,2026-10-14 19:06:36,control,buylead_created,1.2,1
C00000801,G0000719,2026-10-14 16:26:30,control,buylead_created,25.6,1
C00000802,G0000720,2026-10-14 19:27:47,control,no_connect,52.4,0
C00000803,G0000721,2026-10-14 13:34:21,control,particular_seller_only,56.0,1
C00000804,G0000722,2026-10-14 18:16:13,control,buylead_created,59.3,1
C00000805,G0000723,2026-10-14 19:55:59,control,buylead_created,17.5,1
C00000806,G0000723,2026-10-15 21:55:59,control,other,53.9,1
C00000807,G0000724,2026-10-14 19:55:22,control,buylead_created,70.3,1
C00000808,G0000725,2026-10-14 13:37:11,control,buylead_created,109.4,1
C00000809,G0000726,2026-10-14 16:47:17,control,no_requirement,89.9,1
C00000810,G0000727,2026-10-14 09:55:59,control,other,53.4,1
C00000811,G0000728,2026-10-14 15:09:49,control,buylead_created,54.0,1
C00000812,G0000729,2026-10-14 19:15:28,control,buylead_created,28.7,1
C00000813,G0000730,2026-10-14 16:39:59,test,buylead_created,59.5,1
C00000814,G0000731,2026-10-14 15:42:07,test,buylead_created,0.5,1
C00000815,G0000732,2026-10-14 18:02:14,test,buylead_created,107.1,1
C00000816,G0000733,2026-10-14 10:50:40,control,buylead_created,254.5,1
C00000817,G0000734,2026-10-14 17:01:58,test,buylead_created,169.9,1
C00000818,G0000735,2026-10-14 08:39:57,control,no_connect,40.8,0
C00000819,G0000736,2026-10-14 08:51:45,test,buylead_created,90.9,1
C00000820,G0000737,2026-10-14 15:59:15,control,requirement_unconfirmed,49.4,1
C00000821,G0000738,2026-10-14 19:38:55,control,buylead_created,195.9,1
C00000822,G0000739,2026-10-14 09:18:23,control,buylead_created,46.8,1
C00000823,G0000740,2026-10-14 11:59:14,control,no_requirement,52.7,1
C00000824,G0000741,2026-10-14 16:16:20,test,buylead_created,93.6,1
C00000825,G0000742,2026-10-14 17:12:09,control,no_requirement,150.1,1
C00000826,G0000743,2026-10-14 10:35:19,control,requirement_unconfirmed,1.4,1
C00000827,G0000744,2026-10-14 19:31:39,test,buylead_created,62.7,1
C00000828,G0000745,2026-10-14 17:10:11,control,no_requirement,14.1,1
C00000829,G0000746,2026-10-14 15:25:56,test,particular_seller_only,29.7,1
C00000830,G0000747,2026-10-14 17:01:03,control,buylead_created,199.4,1
C00000831,G0000748,2026-10-14 18:12:36,control,particular_seller_only,88.8,1
C00000832,G0000749,2026-10-14 09:59:33,control,buylead_created,54.1,1
C00000833,G0000750,2026-10-14 16:59:14,control,buylead_created,10.5,1
C00000834,G0000751,2026-10-14 12:22:01,control,buylead_created,109.0,1
C00000835,G0000752,2026-10-14 18:53:08,test,no_requirement,60.6,1
C00000836,G0000753,2026-10-14 14:06:45,control,no_requirement,7.6,1
C00000837,G0000754,2026-10-14 18:24:16,test,no_connect,62.0,0
C00000838,G0000755,2026-10-14 11:17:46,control,buylead_created,58.5,1
C00000839,G0000756,2026-10-14 11:13:06,control,buylead_created,103.7,1
C00000840,G0000757,2026-10-14 13:17:41,control,buylead_created,67.0,1
C00000841,G0000758,2026-10-14 18:43:35,control,buylead_created,58.4,1
C00000842,G0000759,2026-10-14 08:26:47,test,buylead_created,45.6,1
C00000843,G0000760,2026-10-14 19:55:47,control,buylead_created,89.9,1
C00000844,G0000761,2026-10-14 08:38:48,control,no_requirement,82.7,1
C00000845,G0000762,2026-10-14 11:29:52,test,other,100.4,1
C00000846,G0000763,2026-10-14 14:41:36,control,requirement_unconfirmed,231.0,1
C00000847,G0000764,2026-10-14 08:58:50,control,buylead_created,36.6,1
C00000848,G0000765,2026-10-14 15:52:11,control,particular_seller_only,76.2,1
C00000849,G0000766,2026-10-14 13:26:53,test,buylead_created,1.1,1
C00000850,G0000767,2026-10-14 10:40:06,test,buylead_created,82.7,1
C00000851,G0000768,2026-10-14 09:58:50,test,buylead_created,34.8,1
C00000852,G0000768,2026-10-15 00:58:50,test,other,72.3,1
C00000853,G0000769,2026-10-14 08:12:02,control,buylead_created,70.8,1
C00000854,G0000770,2026-10-14 18:40:48,test,requirement_unconfirmed,53.2,1
C00000855,G0000770,2026-10-15 06:40:48,test,other,70.1,1
C00000856,G0000771,2026-10-14 12:17:51,control,no_requirement,25.6,1
C00000857,G0000772,2026-10-14 16:18:56,test,other,78.1,1
C00000858,G0000773,2026-10-14 16:28:05,control,buylead_created,56.7,1
C00000859,G0000774,2026-10-14 19:42:19,control,no_requirement,1.4,1
C00000860,G0000775,2026-10-14 08:14:58,control,no_connect,21.4,0
C00000861,G0000776,2026-10-14 15:39:30,test,no_connect,40.6,0
C00000862,G0000777,2026-10-14 13:51:19,test,buylead_created,61.2,1
C00000863,G0000778,2026-10-14 17:51:38,control,buylead_created,20.6,1
C00000864,G0000779,2026-10-14 12:15:17,control,requirement_unconfirmed,1.4,1
C00000865,G0000780,2026-10-14 18:23:15,control,buylead_created,44.4,1
C00000866,G0000781,2026-10-14 16:00:38,control,particular_seller_only,58.8,1
C00000867,G0000782,2026-10-14 16:42:07,control,buylead_created,66.7,1
C00000868,G0000783,2026-10-14 10:48:26,control,no_requirement,41.0,1
C00000869,G0000784,2026-10-14 14:32:00,test,no_requirement,2.3,1
C00000870,G0000785,2026-10-14 15:07:19,test,buylead_created,72.3,1
C00000871,G0000785,2026-10-15 13:07:19,test,other,166.2,1
C00000872,G0000786,2026-10-14 18:56:49,control,requirement_unconfirmed,87.7,1
C00000873,G0000787,2026-10-14 16:22:45,control,particular_seller_only,65.1,1
C00000874,G0000787,2026-10-15 07:22:45,control,other,43.2,1
C00000875,G0000788,2026-10-14 13:25:58,control,buylead_created,77.4,1
C00000876,G0000789,2026-10-14 08:07:36,control,no_requirement,118.2,1
C00000877,G0000790,2026-10-14 09:17:51,control,requirement_unconfirmed,29.4,1
C00000878,G0000791,2026-10-14 13:39:20,control,requirement_unconfirmed,82.4,1
C00000879,G0000792,2026-10-14 08:40:06,test,requirement_unconfirmed,70.8,1
C00000880,G0000793,2026-10-14 12:54:25,test,particular_seller_only,0.7,1
C00000881,G0000793,2026-10-14 16:54:25,test,other,156.2,1
C00000882,G0000794,2026-10-14 10:58:03,control,no_requirement,64.0,1
C00000883,G0000795,2026-10-14 16:20:52,test,buylead_created,34.3,1
C00000884,G0000796,2026-10-14 14:03:48,test,buylead_created,61.3,1
C00000885,G0000797,2026-10-14 14:00:45,test,buylead_created,107.1,1
C00000886,G0000798,2026-10-14 11:05:20,control,buylead_created,175.2,1
C00000887,G0000799,2026-10-14 11:31:31,control,particular_seller_only,53.9,1
C00000888,G0000800,2026-10-14 16:07:55,control,no_connect,0.9,0
C00000889,G0000801,2026-10-14 12:45:22,test,requirement_unconfirmed,116.7,1
C00000890,G0000802,2026-10-14 16:18:40,test,buylead_created,101.4,1
C00000891,G0000803,2026-10-14 17:09:34,test,requirement_unconfirmed,68.0,1
C00000892,G0000804,2026-10-14 12:40:09,control,buylead_created,79.8,1
C00000893,G0000804,2026-10-14 17:40:09,control,other,82.7,1
C00000894,G0000805,2026-10-14 18:39:09,control,no_requirement,57.5,1
C00000895,G0000806,2026-10-14 12:01:08,test,particular_seller_only,4.8,1
C00000896,G0000807,2026-10-14 12:41:40,control,buylead_created,50.0,1
C00000897,G0000808,2026-10-14 09:28:30,control,buylead_created,31.4,1
C00000898,G0000809,2026-10-14 15:44:53,control,buylead_created,158.3,1
C00000899,G0000810,2026-10-14 11:57:14,control,particular_seller_only,111.2,1
C00000900,G0000811,2026-10-14 09:11:21,control,particular_seller_only,28.3,1
C00000901,G0000812,2026-10-14 11:05:06,control,no_connect,79.3,0
C00000902,G0000813,2026-10-14 10:05:24,control,buylead_created,83.6,1
C00000903,G0000814,2026-10-14 11:24:17,control,requirement_unconfirmed,60.6,1
C00000904,G0000815,2026-10-14 09:05:03,control,buylead_created,43.2,1
C00000905,G0000816,2026-10-14 14:58:22,control,buylead_created,73.7,1
C00000906,G0000817,2026-10-14 17:00:28,control,requirement_unconfirmed,86.9,1
C00000907,G0000817,2026-10-15 00:00:28,control,other,7.1,1
C00000908,G0000818,2026-10-14 18:00:51,test,buylead_created,74.1,1
C00000909,G0000819,2026-10-14 15:41:02,control,no_connect,144.4,0
C00000910,G0000819,2026-10-15 03:41:02,control,other,24.1,1
C00000911,G0000820,2026-10-14 08:45:22,control,particular_seller_only,81.4,1
C00000912,G0000821,2026-10-14 13:58:42,test,no_requirement,4.8,1
C00000913,G0000822,2026-10-14 16:36:46,control,buylead_created,91.7,1
C00000914,G0000823,2026-10-14 15:15:24,test,buylead_created,153.4,1
C00000915,G0000824,2026-10-14 11:18:18,test,no_requirement,1.6,1
C00000916,G0000825,2026-10-14 08:12:11,test,buylead_created,60.3,1
C00000917,G0000825,2026-10-14 21:12:11,test,other,80.6,1
C00000918,G0000826,2026-10-14 19:26:30,control,requirement_unconfirmed,118.9,1
C00000919,G0000827,2026-10-14 16:47:02,control,buylead_created,9.4,1
C00000920,G0000828,2026-10-14 14:12:06,control,other,112.6,1
C00000921,G0000829,2026-10-14 17:33:05,control,no_requirement,70.1,1
C00000922,G0000830,2026-10-14 11:41:01,test,buylead_created,52.4,1
C00000923,G0000831,2026-10-14 11:33:40,control,requirement_unconfirmed,14.3,1
C00000924,G0000832,2026-10-14 11:22:47,control,buylead_created,65.2,1
C00000925,G0000833,2026-10-14 12:29:19,control,no_requirement,32.7,1
C00000926,G0000834,2026-10-14 15:17:55,test,other,99.9,1
C00000927,G0000835,2026-10-14 14:42:00,control,no_requirement,125.1,1
C00000928,G0000835,2026-10-15 01:42:00,control,other,232.6,1
C00000929,G0000836,2026-10-14 15:59:40,control,buylead_created,136.3,1
C00000930,G0000837,2026-10-14 15:16:03,control,buylead_created,54.9,1
C00000931,G0000838,2026-10-14 14:21:34,test,buylead_created,345.4,1
C00000932,G0000839,2026-10-14 09:51:53,test,buylead_created,59.5,1
C00000933,G0000840,2026-10-14 15:33:18,control,no_connect,27.9,0
C00000934,G0000840,2026-10-15 20:33:18,control,other,84.0,1
C00000935,G0000841,2026-10-14 10:17:48,control,requirement_unconfirmed,63.8,1
C00000936,G0000842,2026-10-14 18:19:43,control,no_connect,1.3,0
C00000937,G0000842,2026-10-15 14:19:43,control,other,35.9,1
C00000938,G0000843,2026-10-14 14:28:39,control,buylead_created,0.5,1
C00000939,G0000843,2026-10-14 21:28:39,control,other,192.7,1
C00000940,G0000844,2026-10-14 16:02:22,control,particular_seller_only,144.4,1
C00000941,G0000845,2026-10-14 16:57:01,test,no_requirement,169.9,1
C00000942,G0000846,2026-10-14 17:43:09,test,no_requirement,64.4,1
C00000943,G0000847,2026-10-14 10:30:12,test,buylead_created,41.5,1
C00000944,G0000848,2026-10-14 15:46:58,test,buylead_created,41.4,1
C00000945,G0000849,2026-10-14 13:13:04,test,other,147.5,1
C00000946,G0000849,2026-10-14 17:13:04,test,other,58.8,1
C00000947,G0000850,2026-10-14 14:21:09,control,requirement_unconfirmed,48.0,1
C00000948,G0000851,2026-10-14 14:34:06,control,no_requirement,63.6,1
C00000949,G0000852,2026-10-14 10:31:36,control,no_connect,18.1,0
C00000950,G0000853,2026-10-14 19:23:25,control,no_connect,188.4,0
C00000951,G0000854,2026-10-14 17:32:26,test,buylead_created,32.5,1
C00000952,G0000855,2026-10-14 16:38:22,test,buylead_created,64.4,1
C00000953,G0000856,2026-10-14 11:18:17,control,requirement_unconfirmed,0.7,1
C00000954,G0000857,2026-10-14 13:00:11,test,buylead_created,89.1,1
C00000955,G0000858,2026-10-14 14:59:46,test,buylead_created,182.6,1
C00000956,G0000859,2026-10-14 14:24:46,test,particular_seller_only,76.3,1
C00000957,G0000860,2026-10-14 08:55:57,control,no_connect,61.1,0
C00000958,G0000861,2026-10-14 11:20:46,test,no_connect,53.9,0
C00000959,G0000862,2026-10-14 14:54:43,control,buylead_created,54.1,1
C00000960,G0000863,2026-10-14 17:16:49,control,buylead_created,45.6,1
C00000961,G0000863,2026-10-14 20:16:49,control,other,113.3,1
C00000962,G0000864,2026-10-14 11:29:41,control,requirement_unconfirmed,78.6,1
C00000963,G0000865,2026-10-14 15:44:04,control,particular_seller_only,46.9,1
C00000964,G0000866,2026-10-14 10:13:50,control,requirement_unconfirmed,61.2,1
C00000965,G0000866,2026-10-15 07:13:50,control,other,65.2,1
C00000966,G0000867,2026-10-14 08:07:54,test,particular_seller_only,92.5,1
C00000967,G0000868,2026-10-14 14:29:44,test,buylead_created,82.9,1
C00000968,G0000868,2026-10-15 19:29:44,test,other,54.9,1
C00000969,G0000869,2026-10-14 11:27:44,test,buylead_created,91.4,1
C00000970,G0000870,2026-10-14 15:23:51,control,buylead_created,46.5,1
C00000971,G0000871,2026-10-14 19:03:07,control,buylead_created,51.9,1
C00000972,G0000872,2026-10-14 15:12:26,control,buylead_created,6.2,1
C00000973,G0000873,2026-10-14 10:08:41,control,buylead_created,60.0,1
C00000974,G0000874,2026-10-14 10:08:48,test,buylead_created,20.6,1
C00000975,G0000875,2026-10-14 08:13:45,control,particular_seller_only,77.2,1
C00000976,G0000876,2026-10-14 19:39:06,control,buylead_created,70.1,1
C00000977,G0000877,2026-10-14 18:16:29,control,buylead_created,22.2,1
C00000978,G0000877,2026-10-15 07:16:29,control,other,31.4,1
C00000979,G0000878,2026-10-14 16:57:51,control,particular_seller_only,1.7,1
C00000980,G0000879,2026-10-14 17:49:41,control,buylead_created,60.9,1
C00000981,G0000880,2026-10-14 09:30:10,control,buylead_created,82.5,1
C00000982,G0000881,2026-10-14 12:25:09,control,no_connect,32.4,0
C00000983,G0000882,2026-10-14 10:30:06,control,buylead_created,184.4,1
C00000984,G0000883,2026-10-14 13:09:25,test,requirement_unconfirmed,137.3,1
C00000985,G0000883,2026-10-14 19:09:25,test,other,84.2,1
C00000986,G0000884,2026-10-14 12:57:15,test,requirement_unconfirmed,87.7,1
C00000987,G0000885,2026-10-14 17:55:09,control,requirement_unconfirmed,109.7,1
C00000988,G0000886,2026-10-14 10:47:46,test,no_requirement,130.2,1
C00000989,G0000887,2026-10-14 12:47:16,test,requirement_unconfirmed,62.7,1
C00000990,G0000888,2026-10-14 13:11:56,test,buylead_created,89.1,1
C00000991,G0000888,2026-10-15 13:11:56,test,other,109.7,1
C00000992,G0000889,2026-10-14 12:27:17,control,other,60.8,1
C00000993,G0000890,2026-10-14 15:38:04,control,buylead_created,7.3,1
C00000994,G0000891,2026-10-14 15:01:42,control,buylead_created,4.3,1
C00000995,G0000892,2026-10-14 08:15:45,control,no_requirement,68.5,1
C00000996,G0000893,2026-10-14 09:02:12,test,particular_seller_only,62.7,1
C00000997,G0000894,2026-10-14 09:36:56,control,no_requirement,44.1,1
C00000998,G0000895,2026-10-14 09:17:24,test,no_requirement,21.5,1
C00000999,G0000896,2026-10-14 10:09:22,control,buylead_created,28.6,1
C00001000,G0000897,2026-10-14 09:47:46,control,buylead_created,1.4,1
C00001001,G0000897,2026-10-14 12:47:46,control,other,0.3,1
C00001002,G0000898,2026-10-14 19:58:45,control,no_requirement,0.6,1
C00001003,G0000899,2026-10-14 15:23:53,control,buylead_created,50.8,1
C00001004,G0000900,2026-10-15 18:10:41,control,buylead_created,144.4,1
C00001005,G0000901,2026-10-15 18:37:14,control,other,83.3,1
C00001006,G0000902,2026-10-15 18:53:47,test,buylead_created,143.0,1
C00001007,G0000903,2026-10-15 15:27:53,test,no_requirement,50.8,1
C00001008,G0000904,2026-10-15 17:04:21,test,particular_seller_only,40.8,1
C00001009,G0000905,2026-10-15 10:52:12,control,requirement_unconfirmed,15.8,1
C00001010,G0000906,2026-10-15 19:40:50,control,no_requirement,45.6,1
C00001011,G0000907,2026-10-15 13:37:00,test,buylead_created,94.6,1
C00001012,G0000908,2026-10-15 19:16:29,control,particular_seller_only,156.2,1
C00001013,G0000909,2026-10-15 17:31:49,control,buylead_created,192.7,1
C00001014,G0000910,2026-10-15 18:42:24,test,no_requirement,64.8,1
C00001015,G0000911,2026-10-15 13:20:32,control,particular_seller_only,109.7,1
C00001016,G0000911,2026-10-16 09:20:32,control,other,79.5,1
C00001017,G0000912,2026-10-15 16:40:48,test,buylead_created,14.3,1
C00001018,G0000913,2026-10-15 12:43:39,control,requirement_unconfirmed,57.5,1
C00001019,G0000914,2026-10-15 09:28:58,test,particular_seller_only,0.6,1
C00001020,G0000915,2026-10-15 11:42:52,control,buylead_created,53.9,1
C00001021,G0000916,2026-10-15 17:37:42,test,other,14.5,1
C00001022,G0000917,2026-10-15 18:44:57,control,requirement_unconfirmed,62.7,1
C00001023,G0000918,2026-10-15 16:23:40,control,requirement_unconfirmed,105.3,1
C00001024,G0000918,2026-10-16 15:23:40,control,other,83.5,1
C00001025,G0000919,2026-10-15 08:59:25,control,no_requirement,176.4,1
C00001026,G0000920,2026-10-15 14:49:50,control,no_requirement,44.9,1
C00001027,G0000921,2026-10-15 08:03:27,control,buylead_created,54.0,1
C00001028,G0000922,2026-10-15 11:22:39,test,requirement_unconfirmed,7.6,1
C00001029,G0000922,2026-10-15 19:22:39,test,other,81.3,1
C00001030,G0000923,2026-10-15 12:06:52,control,no_requirement,51.6,1
C00001031,G0000924,2026-10-15 09:42:59,control,buylead_created,169.9,1
C00001032,G0000925,2026-10-15 17:56:44,control,buylead_created,118.9,1
C00001033,G0000926,2026-10-15 17:22:43,test,buylead_created,197.9,1
C00001034,G0000926,2026-10-16 19:22:43,test,other,59.3,1
C00001035,G0000927,2026-10-15 09:09:34,test,no_requirement,8.4,1
C00001036,G0000927,2026-10-15 18:09:34,test,other,35.9,1
C00001037,G0000928,2026-10-15 12:50:00,control,buylead_created,28.4,1
C00001038,G0000929,2026-10-15 19:23:16,control,no_requirement,40.8,1
C00001039,G0000930,2026-10-15 09:15:52,control,particular_seller_only,13.4,1
C00001040,G0000931,2026-10-15 14:39:40,control,other,10.9,1
C00001041,G0000932,2026-10-15 15:50:57,control,other,55.7,1
C00001042,G0000932,2026-10-16 11:50:57,control,other,91.2,1
C00001043,G0000933,2026-10-15 13:56:58,control,no_connect,32.5,0
C00001044,G0000934,2026-10-15 17:58:03,control,no_requirement,67.4,1
C00001045,G0000935,2026-10-15 19:58:28,test,buylead_created,39.5,1
C00001046,G0000936,2026-10-15 17:04:58,control,particular_seller_only,25.6,1
C00001047,G0000937,2026-10-15 15:10:20,test,buylead_created,10.2,1
C00001048,G0000938,2026-10-15 16:02:13,test,particular_seller_only,53.4,1
C00001049,G0000939,2026-10-15 09:04:41,control,requirement_unconfirmed,129.9,1
C00001050,G0000940,2026-10-15 12:13:31,test,buylead_created,37.2,1
C00001051,G0000941,2026-10-15 18:25:01,test,buylead_created,84.0,1
C00001052,G0000941,2026-10-16 15:25:01,test,other,74.7,1
C00001053,G0000942,2026-10-15 10:47:43,control,buylead_created,27.1,1
C00001054,G0000943,2026-10-15 17:37:47,control,buylead_created,72.3,1
C00001055,G0000944,2026-10-15 15:21:15,control,buylead_created,84.0,1
C00001056,G0000945,2026-10-15 17:01:19,control,buylead_created,109.7,1
C00001057,G0000946,2026-10-15 18:17:57,control,no_requirement,47.4,1
C00001058,G0000946,2026-10-16 22:17:57,control,other,5.6,1
C00001059,G0000947,2026-10-15 09:04:57,test,no_requirement,14.0,1
C00001060,G0000947,2026-10-15 20:04:57,test,other,7.7,1
C00001061,G0000948,2026-10-15 10:24:20,test,buylead_created,1.7,1
C00001062,G0000949,2026-10-15 09:31:40,test,,119.4,1
C00001063,G0000950,2026-10-15 08:19:04,control,buylead_created,79.3,1
C00001064,G0000951,2026-10-15 15:59:53,test,buylead_created,38.8,1
C00001065,G0000952,2026-10-15 16:36:08,control,requirement_unconfirmed,62.6,1
C00001066,G0000953,2026-10-15 09:53:27,control,no_requirement,93.4,1
C00001067,G0000954,2026-10-15 12:24:21,control,buylead_created,104.1,1
C00001068,G0000955,2026-10-15 19:01:53,control,other,81.2,1
C00001069,G0000956,2026-10-15 16:38:58,test,buylead_created,5.0,1
C00001070,G0000956,2026-10-16 09:38:58,test,other,91.5,1
C00001071,G0000957,2026-10-15 16:06:11,control,buylead_created,11.8,1
C00001072,G0000958,2026-10-15 13:24:52,control,requirement_unconfirmed,55.0,1
C00001073,G0000959,2026-10-15 14:56:07,control,requirement_unconfirmed,134.9,1
C00001074,G0000960,2026-10-15 16:30:16,test,particular_seller_only,107.9,1
C00001075,G0000961,2026-10-15 12:10:02,control,particular_seller_only,18.7,1
C00001076,G0000962,2026-10-15 12:24:51,control,requirement_unconfirmed,17.5,1
C00001077,G0000963,2026-10-15 15:20:54,control,no_requirement,35.0,1
C00001078,G0000964,2026-10-15 12:38:34,control,requirement_unconfirmed,82.7,1
C00001079,G0000965,2026-10-15 08:16:45,control,buylead_created,158.3,1
C00001080,G0000966,2026-10-15 11:44:28,test,buylead_created,62.2,1
C00001081,G0000966,2026-10-16 07:44:28,test,other,51.9,1
C00001082,G0000967,2026-10-15 10:50:49,control,particular_seller_only,72.4,1
C00001083,G0000968,2026-10-15 10:36:48,control,buylead_created,66.0,1
C00001084,G0000969,2026-10-15 08:46:18,test,buylead_created,198.4,1
C00001085,G0000970,2026-10-15 17:22:24,control,no_connect,81.9,0
C00001086,G0000971,2026-10-15 17:22:50,control,buylead_created,53.9,1
C00001087,G0000972,2026-10-15 15:25:07,control,particular_seller_only,68.0,1
C00001088,G0000973,2026-10-15 12:32:11,test,buylead_created,62.6,1
C00001089,G0000974,2026-10-15 19:34:13,test,requirement_unconfirmed,84.2,1
C00001090,G0000975,2026-10-15 15:20:58,control,buylead_created,50.8,1
C00001091,G0000975,2026-10-16 11:20:58,control,other,57.7,1
C00001092,G0000976,2026-10-15 12:51:58,control,buylead_created,89.9,1
C00001093,G0000977,2026-10-15 18:04:55,control,particular_seller_only,78.4,1
C00001094,G0000978,2026-10-15 13:56:35,control,buylead_created,56.1,1
C00001095,G0000979,2026-10-15 15:42:27,control,requirement_unconfirmed,55.7,1
C00001096,G0000979,2026-10-15 17:42:27,control,other,125.1,1
C00001097,G0000980,2026-10-15 15:49:43,test,no_connect,1.9,0
C00001098,G0000981,2026-10-15 11:02:11,control,no_requirement,28.4,1
C00001099,G0000981,2026-10-16 04:02:11,control,other,51.9,1
C00001100,G0000982,2026-10-15 12:45:43,control,no_connect,15.5,0
C00001101,G0000983,2026-10-15 09:57:39,test,no_requirement,44.4,1
C00001102,G0000984,2026-10-15 19:11:55,test,buylead_created,56.6,1
C00001103,G0000985,2026-10-15 14:14:16,control,requirement_unconfirmed,53.8,1
C00001104,G0000986,2026-10-15 16:26:35,control,buylead_created,145.9,1
C00001105,G0000987,2026-10-15 08:36:46,test,buylead_created,106.3,1
C00001106,G0000988,2026-10-15 12:50:32,test,requirement_unconfirmed,14.0,1
C00001107,G0000989,2026-10-15 17:35:45,test,particular_seller_only,76.5,1
C00001108,G0000990,2026-10-15 14:52:01,control,buylead_created,118.3,1
C00001109,G0000990,2026-10-15 21:52:01,control,other,8.1,1
C00001110,G0000991,2026-10-15 09:08:39,control,buylead_created,108.4,1
C00001111,G0000992,2026-10-15 19:00:29,control,no_requirement,2.4,1
C00001112,G0000993,2026-10-15 18:55:48,control,requirement_unconfirmed,65.4,1
C00001113,G0000994,2026-10-15 10:35:20,control,buylead_created,103.9,1
C00001114,G0000995,2026-10-15 10:26:22,control,no_requirement,108.9,1
C00001115,G0000996,2026-10-15 15:50:49,control,requirement_unconfirmed,5.3,1
C00001116,G0000996,2026-10-15 20:50:49,control,other,14.0,1
C00001117,G0000997,2026-10-15 18:58:42,test,buylead_created,60.6,1
C00001118,G0000998,2026-10-15 11:29:04,test,buylead_created,1.4,1
C00001119,G0000999,2026-10-15 17:16:44,control,buylead_created,56.6,1
C00001120,G0001000,2026-10-15 09:06:49,control,no_requirement,9.7,1
C00001121,G0001001,2026-10-15 09:31:35,test,requirement_unconfirmed,115.9,1
C00001122,G0001002,2026-10-15 15:05:27,test,no_connect,89.7,0
C00001123,G0001003,2026-10-15 19:38:04,control,no_requirement,70.3,1
C00001124,G0001004,2026-10-15 09:14:29,control,no_connect,51.9,0
C00001125,G0001005,2026-10-15 19:16:58,control,no_requirement,3.0,1
C00001126,G0001006,2026-10-15 14:02:48,control,particular_seller_only,75.9,1
C00001127,G0001007,2026-10-15 11:10:46,control,buylead_created,89.8,1
C00001128,G0001007,2026-10-16 14:10:46,control,other,21.5,1
C00001129,G0001008,2026-10-15 13:10:28,control,buylead_created,77.8,1
C00001130,G0001009,2026-10-15 09:48:57,test,requirement_unconfirmed,61.3,1
C00001131,G0001010,2026-10-15 18:15:27,control,no_connect,164.6,0
C00001132,G0001011,2026-10-15 14:53:17,control,no_requirement,25.5,1
C00001133,G0001012,2026-10-15 10:58:39,test,buylead_created,54.3,1
C00001134,G0001012,2026-10-15 19:58:39,test,other,67.9,1
C00001135,G0001013,2026-10-15 13:55:43,control,buylead_created,1.7,1
C00001136,G0001014,2026-10-15 15:21:13,test,other,44.4,1
C00001137,G0001014,2026-10-16 11:21:13,test,other,71.0,1
C00001138,G0001015,2026-10-15 15:36:01,control,buylead_created,68.5,1
C00001139,G0001016,2026-10-15 19:51:29,control,buylead_created,66.7,1
C00001140,G0001017,2026-10-15 17:40:44,control,buylead_created,63.7,1
C00001141,G0001018,2026-10-15 09:17:45,control,buylead_created,34.3,1
C00001142,G0001019,2026-10-15 17:25:41,control,no_requirement,53.2,1
C00001143,G0001020,2026-10-15 10:19:08,control,particular_seller_only,32.5,1
C00001144,G0001021,2026-10-15 09:51:50,test,buylead_created,46.5,1
C00001145,G0001022,2026-10-15 11:03:54,control,buylead_created,53.6,1
C00001146,G0001023,2026-10-15 19:42:45,control,buylead_created,8.6,1
C00001147,G0001024,2026-10-15 18:39:46,control,buylead_created,147.5,1
C00001148,G0001025,2026-10-15 13:05:59,control,particular_seller_only,3.0,1
C00001149,G0001026,2026-10-15 19:41:12,control,buylead_created,99.9,1
C00001150,G0001027,2026-10-15 12:47:13,test,buylead_created,61.1,1
C00001151,G0001028,2026-10-15 13:58:21,test,buylead_created,175.2,1
C00001152,G0001028,2026-10-16 15:58:21,test,other,107.9,1
C00001153,G0001029,2026-10-15 16:43:25,test,no_requirement,5.3,1
C00001154,G0001030,2026-10-15 19:13:52,test,particular_seller_only,33.0,1
C00001155,G0001030,2026-10-15 21:13:52,test,other,74.1,1
C00001156,G0001031,2026-10-15 11:08:23,test,buylead_created,109.4,1
C00001157,G0001032,2026-10-15 11:10:16,control,buylead_created,93.4,1
C00001158,G0001032,2026-10-15 14:10:16,control,other,74.1,1
C00001159,G0001033,2026-10-15 09:57:39,test,buylead_created,79.8,1
C00001160,G0001034,2026-10-15 16:28:55,control,no_requirement,2.6,1
C00001161,G0001034,2026-10-16 17:28:55,control,other,83.6,1
C00001162,G0001035,2026-10-15 13:46:43,control,no_connect,17.1,0
C00001163,G0001036,2026-10-15 15:36:21,control,buylead_created,87.3,1
C00001164,G0001037,2026-10-15 16:37:30,test,buylead_created,89.9,1
C00001165,G0001038,2026-10-15 08:47:04,control,buylead_created,88.8,1
C00001166,G0001039,2026-10-15 09:49:02,control,no_requirement,33.0,1
C00001167,G0001040,2026-10-15 09:40:13,test,particular_seller_only,4.9,1
C00001168,G0001041,2026-10-15 15:39:27,test,buylead_created,1.9,1
C00001169,G0001042,2026-10-15 15:34:08,control,buylead_created,47.4,1
C00001170,G0001043,2026-10-15 09:25:07,control,no_requirement,16.6,1
C00001171,G0001044,2026-10-15 13:48:38,control,buylead_created,183.9,1
C00001172,G0001045,2026-10-15 15:07:02,control,buylead_created,64.7,1
C00001173,G0001046,2026-10-15 15:29:47,control,requirement_unconfirmed,82.8,1
C00001174,G0001047,2026-10-15 08:36:07,test,buylead_created,79.0,1
C00001175,G0001048,2026-10-15 09:04:37,control,no_requirement,0.6,1
C00001176,G0001048,2026-10-16 08:04:37,control,other,30.2,1
C00001177,G0001049,2026-10-15 08:33:30,test,no_requirement,34.8,1
C00001178,G0001050,2026-10-15 11:13:46,control,particular_seller_only,88.8,1
C00001179,G0001051,2026-10-15 12:16:39,control,buylead_created,90.8,1
C00001180,G0001052,2026-10-15 13:39:04,control,buylead_created,106.3,1
C00001181,G0001053,2026-10-15 17:19:40,control,no_connect,77.6,0
C00001182,G0001054,2026-10-15 09:56:11,control,buylead_created,89.1,1
C00001183,G0001055,2026-10-15 19:46:13,control,no_requirement,81.2,1
C00001184,G0001055,2026-10-16 08:46:13,control,other,23.0,1
C00001185,G0001056,2026-10-15 08:21:55,control,buylead_created,102.0,1
C00001186,G0001057,2026-10-15 17:27:36,control,buylead_created,63.7,1
C00001187,G0001058,2026-10-15 16:01:51,test,no_requirement,93.4,1
C00001188,G0001059,2026-10-15 18:50:11,control,no_requirement,74.1,1
C00001189,G0001060,2026-10-15 15:47:49,control,no_connect,29.7,0
C00001190,G0001061,2026-10-15 15:54:16,test,other,16.7,1
C00001191,G0001062,2026-10-15 10:56:29,control,buylead_created,64.2,1
C00001192,G0001063,2026-10-15 13:05:28,control,buylead_created,18.7,1
C00001193,G0001063,2026-10-16 05:05:28,control,other,114.9,1
C00001194,G0001064,2026-10-15 12:50:55,control,requirement_unconfirmed,42.9,1
C00001195,G0001064,2026-10-15 20:50:55,control,other,42.9,1
C00001196,G0001065,2026-10-15 09:17:44,control,buylead_created,69.3,1
C00001197,G0001066,2026-10-15 17:15:22,control,buylead_created,123.7,1
C00001198,G0001067,2026-10-15 17:38:59,control,other,8.8,1
C00001199,G0001068,2026-10-15 10:16:41,test,buylead_created,55.0,1
C00001200,G0001069,2026-10-15 10:22:35,test,buylead_created,13.6,1
C00001201,G0001070,2026-10-15 18:46:52,control,buylead_created,35.0,1
C00001202,G0001071,2026-10-15 11:37:10,control,particular_seller_only,82.3,1
C00001203,G0001072,2026-10-15 12:39:09,control,particular_seller_only,103.7,1
C00001204,G0001073,2026-10-15 13:33:08,test,buylead_created,94.8,1
C00001205,G0001074,2026-10-15 16:21:49,control,no_requirement,28.1,1
C00001206,G0001075,2026-10-15 15:58:17,control,buylead_created,24.8,1
C00001207,G0001076,2026-10-15 13:17:44,control,buylead_created,54.1,1
C00001208,G0001076,2026-10-16 11:17:44,control,other,93.5,1
C00001209,G0001077,2026-10-15 15:37:23,control,buylead_created,76.5,1
C00001210,G0001078,2026-10-15 15:59:47,control,other,121.2,1
C00001211,G0001079,2026-10-15 19:07:46,test,requirement_unconfirmed,57.4,1
C00001212,G0001080,2026-10-15 11:10:16,test,buylead_created,48.7,1
C00001213,G0001081,2026-10-15 10:07:34,control,buylead_created,83.3,1
C00001214,G0001082,2026-10-15 16:04:49,control,buylead_created,8.6,1
C00001215,G0001083,2026-10-15 16:33:21,control,no_requirement,86.9,1
C00001216,G0001084,2026-10-15 08:17:05,test,buylead_created,39.6,1
C00001217,G0001085,2026-10-15 12:07:29,control,buylead_created,5.0,1
C00001218,G0001086,2026-10-15 10:06:31,test,no_requirement,52.7,1
C00001219,G0001086,2026-10-16 10:06:31,test,other,26.6,1
C00001220,G0001087,2026-10-15 13:33:16,control,requirement_unconfirmed,42.4,1
C00001221,G0001088,2026-10-15 17:42:15,control,buylead_created,89.8,1
C00001222,G0001089,2026-10-15 14:00:25,test,other,195.9,1
C00001223,G0001090,2026-10-15 09:20:46,control,no_requirement,82.2,1
C00001224,G0001091,2026-10-15 14:47:10,control,buylead_created,161.5,1
C00001225,G0001092,2026-10-15 10:38:35,control,buylead_created,79.3,1
C00001226,G0001093,2026-10-15 18:04:10,control,no_requirement,82.7,1
C00001227,G0001094,2026-10-15 10:50:20,test,buylead_created,106.3,1
C00001228,G0001095,2026-10-15 11:26:36,control,particular_seller_only,126.2,1
C00001229,G0001096,2026-10-15 12:33:32,control,buylead_created,21.3,1
C00001230,G0001097,2026-10-15 09:32:32,test,no_requirement,7.1,1
C00001231,G0001098,2026-10-15 14:57:22,control,requirement_unconfirmed,93.6,1
C00001232,G0001098,2026-10-15 23:57:22,control,other,19.9,1
C00001233,G0001099,2026-10-15 14:50:29,control,buylead_created,41.4,1
C00001234,G0001100,2026-10-15 09:39:36,control,requirement_unconfirmed,84.7,1
C00001235,G0001101,2026-10-15 16:15:51,test,buylead_created,100.2,1
C00001236,G0001101,2026-10-16 00:15:51,test,other,8.1,1
C00001237,G0001102,2026-10-15 15:20:34,control,no_requirement,130.2,1
C00001238,G0001103,2026-10-15 19:30:05,test,requirement_unconfirmed,116.1,1
C00001239,G0001104,2026-10-15 11:57:04,test,buylead_created,20.6,1
C00001240,G0001105,2026-10-15 13:45:10,test,buylead_created,63.7,1
C00001241,G0001106,2026-10-15 17:00:44,control,buylead_created,43.5,1
C00001242,G0001107,2026-10-15 08:21:28,control,requirement_unconfirmed,70.3,1
C00001243,G0001108,2026-10-15 19:37:36,control,buylead_created,76.6,1
C00001244,G0001109,2026-10-15 19:41:03,control,no_requirement,91.3,1
C00001245,G0001110,2026-10-15 18:15:16,control,buylead_created,66.5,1
C00001246,G0001110,2026-10-16 07:15:16,control,other,28.4,1
C00001247,G0001111,2026-10-15 09:50:54,control,no_requirement,185.0,1
C00001248,G0001111,2026-10-15 21:50:54,control,other,58.5,1
C00001249,G0001112,2026-10-15 08:45:22,test,requirement_unconfirmed,13.8,1
C00001250,G0001113,2026-10-15 17:05:28,control,buylead_created,64.7,1
C00001251,G0001113,2026-10-16 18:05:28,control,other,15.9,1
C00001252,G0001114,2026-10-15 12:34:02,control,buylead_created,116.1,1
C00001253,G0001115,2026-10-15 12:54:32,test,buylead_created,33.6,1
C00001254,G0001116,2026-10-15 19:33:40,control,particular_seller_only,101.0,1
C00001255,G0001117,2026-10-15 09:23:53,control,buylead_created,153.4,1
C00001256,G0001118,2026-10-15 12:55:27,control,no_requirement,17.6,1
C00001257,G0001119,2026-10-15 19:36:19,control,no_requirement,2.4,1
C00001258,G0001120,2026-10-15 17:47:14,control,buylead_created,46.5,1
C00001259,G0001121,2026-10-15 17:43:28,control,requirement_unconfirmed,81.4,1
C00001260,G0001122,2026-10-15 09:06:08,test,buylead_created,92.5,1
C00001261,G0001123,2026-10-15 09:55:45,test,buylead_created,84.0,1
C00001262,G0001124,2026-10-15 18:27:34,control,requirement_unconfirmed,117.2,1
C00001263,G0001125,2026-10-15 10:43:22,control,requirement_unconfirmed,123.7,1
C00001264,G0001126,2026-10-15 11:58:11,control,buylead_created,54.1,1
C00001265,G0001127,2026-10-15 19:02:08,control,no_connect,93.6,0
C00001266,G0001128,2026-10-15 12:47:28,control,buylead_created,62.6,1
C00001267,G0001129,2026-10-15 18:28:35,control,buylead_created,4.2,1
C00001268,G0001130,2026-10-15 15:45:43,control,buylead_created,83.4,1
C00001269,G0001131,2026-10-15 16:24:01,control,buylead_created,64.2,1
C00001270,G0001132,2026-10-15 13:42:36,control,buylead_created,71.0,1
C00001271,G0001133,2026-10-15 08:41:24,test,no_connect,87.2,0
C00001272,G0001134,2026-10-15 19:03:02,control,requirement_unconfirmed,99.9,1
C00001273,G0001135,2026-10-15 16:15:14,test,buylead_created,116.1,1
C00001274,G0001136,2026-10-15 16:29:48,control,no_requirement,72.2,1
C00001275,G0001137,2026-10-15 15:50:09,test,no_connect,11.4,0
C00001276,G0001138,2026-10-15 09:36:54,control,requirement_unconfirmed,103.9,1
C00001277,G0001139,2026-10-15 16:44:32,control,buylead_created,10.5,1
C00001278,G0001140,2026-10-15 10:06:39,control,no_requirement,63.8,1
C00001279,G0001140,2026-10-15 19:06:39,control,other,3.2,1
C00001280,G0001141,2026-10-15 16:19:47,control,other,82.2,1
C00001281,G0001142,2026-10-15 15:32:19,control,no_connect,26.1,0
C00001282,G0001143,2026-10-15 13:00:44,control,buylead_created,227.4,1
C00001283,G0001144,2026-10-15 16:23:31,control,buylead_created,14.8,1
C00001284,G0001145,2026-10-15 18:34:20,test,buylead_created,66.8,1
C00001285,G0001146,2026-10-15 17:03:15,control,buylead_created,118.9,1
C00001286,G0001147,2026-10-15 14:49:40,test,no_connect,309.2,0
C00001287,G0001147,2026-10-16 13:49:40,test,other,47.1,1
C00001288,G0001148,2026-10-15 17:37:38,control,buylead_created,176.8,1
C00001289,G0001149,2026-10-15 15:10:52,control,buylead_created,46.7,1
C00001290,G0001150,2026-10-15 09:01:51,control,buylead_created,77.0,1
C00001291,G0001151,2026-10-15 11:52:40,control,requirement_unconfirmed,78.2,1
C00001292,G0001152,2026-10-15 10:42:58,test,buylead_created,77.0,1
C00001293,G0001153,2026-10-15 17:34:46,test,buylead_created,53.8,1
C00001294,G0001153,2026-10-16 08:34:46,test,other,109.4,1
C00001295,G0001154,2026-10-15 16:33:09,control,particular_seller_only,63.2,1
C00001296,G0001155,2026-10-15 17:12:43,control,buylead_created,128.4,1
C00001297,G0001156,2026-10-15 09:11:33,control,no_requirement,90.8,1
C00001298,G0001157,2026-10-15 17:51:46,test,no_requirement,109.7,1
C00001299,G0001158,2026-10-15 15:06:46,control,requirement_unconfirmed,147.5,1
C00001300,G0001159,2026-10-15 15:26:57,control,no_requirement,115.9,1
C00001301,G0001160,2026-10-15 16:16:05,control,buylead_created,0.5,1
C00001302,G0001161,2026-10-15 16:13:12,control,requirement_unconfirmed,95.2,1
C00001303,G0001162,2026-10-15 11:40:16,test,requirement_unconfirmed,4.3,1
C00001304,G0001163,2026-10-15 12:55:22,control,no_requirement,100.6,1
C00001305,G0001164,2026-10-15 14:33:36,test,buylead_created,70.7,1
C00001306,G0001165,2026-10-15 16:00:42,control,buylead_created,156.2,1
C00001307,G0001166,2026-10-15 13:43:47,control,buylead_created,105.4,1
C00001308,G0001167,2026-10-15 16:39:47,test,requirement_unconfirmed,27.1,1
C00001309,G0001168,2026-10-15 13:35:26,control,particular_seller_only,54.7,1
C00001310,G0001169,2026-10-15 19:51:26,control,buylead_created,44.1,1
C00001311,G0001170,2026-10-15 17:18:25,test,particular_seller_only,83.2,1
C00001312,G0001171,2026-10-15 10:17:09,test,buylead_created,88.7,1
C00001313,G0001172,2026-10-15 12:39:26,control,buylead_created,63.2,1
C00001314,G0001172,2026-10-15 19:39:26,control,other,83.3,1
C00001315,G0001173,2026-10-15 11:26:07,control,no_requirement,3.0,1
C00001316,G0001174,2026-10-15 11:29:03,control,no_requirement,12.8,1
C00001317,G0001175,2026-10-15 19:31:52,control,no_connect,61.6,0
C00001318,G0001176,2026-10-15 15:06:15,test,requirement_unconfirmed,64.4,1
C00001319,G0001176,2026-10-16 09:06:15,test,other,113.3,1
C00001320,G0001177,2026-10-15 19:30:56,test,buylead_created,66.0,1
C00001321,G0001178,2026-10-15 10:52:25,test,particular_seller_only,114.8,1
C00001322,G0001179,2026-10-15 18:32:53,control,buylead_created,89.6,1
C00001323,G0001180,2026-10-15 15:51:55,control,buylead_created,82.7,1
C00001324,G0001181,2026-10-15 13:06:07,control,buylead_created,0.5,1
C00001325,G0001182,2026-10-15 14:17:43,control,requirement_unconfirmed,93.4,1
C00001326,G0001182,2026-10-16 15:17:43,control,other,134.5,1
C00001327,G0001183,2026-10-15 14:02:47,test,buylead_created,21.4,1
C00001328,G0001184,2026-10-15 10:25:27,control,buylead_created,112.6,1
C00001329,G0001185,2026-10-15 10:40:12,control,particular_seller_only,106.6,1
C00001330,G0001186,2026-10-15 09:45:04,control,particular_seller_only,182.6,1
C00001331,G0001187,2026-10-15 11:42:49,control,buylead_created,114.2,1
C00001332,G0001188,2026-10-15 17:53:16,control,no_requirement,56.7,1
C00001333,G0001189,2026-10-15 12:04:44,control,particular_seller_only,41.4,1
C00001334,G0001190,2026-10-15 15:01:10,test,buylead_created,54.7,1
C00001335,G0001191,2026-10-15 15:33:30,control,buylead_created,93.3,1
C00001336,G0001191,2026-10-16 18:33:30,control,other,85.0,1
C00001337,G0001192,2026-10-15 19:30:20,test,requirement_unconfirmed,102.2,1
C00001338,G0001193,2026-10-15 16:52:20,test,buylead_created,106.6,1
C00001339,G0001194,2026-10-15 16:42:37,control,other,53.2,1
C00001340,G0001195,2026-10-15 18:40:34,control,no_requirement,51.7,1
C00001341,G0001196,2026-10-15 11:56:19,control,buylead_created,6.2,1
C00001342,G0001197,2026-10-15 16:34:45,control,buylead_created,97.2,1
C00001343,G0001198,2026-10-15 14:41:38,control,buylead_created,144.4,1
C00001344,G0001199,2026-10-15 15:40:41,test,no_requirement,95.8,1
C00001345,G0001200,2026-10-16 14:29:22,control,buylead_created,85.5,1
C00001346,G0001201,2026-10-16 10:16:48,control,particular_seller_only,119.4,1
C00001347,G0001202,2026-10-16 14:45:14,test,buylead_created,0.3,1
C00001348,G0001203,2026-10-16 13:08:02,control,other,13.8,1
C00001349,G0001204,2026-10-16 19:15:31,test,no_requirement,77.0,1
C00001350,G0001205,2026-10-16 12:50:10,control,requirement_unconfirmed,77.1,1
C00001351,G0001206,2026-10-16 11:08:54,control,buylead_created,100.2,1
C00001352,G0001207,2026-10-16 17:43:34,control,buylead_created,23.7,1
C00001353,G0001208,2026-10-16 17:26:13,control,buylead_created,57.0,1
C00001354,G0001209,2026-10-16 19:14:39,control,no_connect,53.9,0
C00001355,G0001209,2026-10-17 19:14:39,control,other,5.2,1
C00001356,G0001210,2026-10-16 15:15:45,control,requirement_unconfirmed,3.5,1
C00001357,G0001211,2026-10-16 11:20:12,control,buylead_created,1.3,1
C00001358,G0001212,2026-10-16 11:05:53,test,buylead_created,16.7,1
C00001359,G0001213,2026-10-16 10:44:46,control,buylead_created,4.8,1
C00001360,G0001214,2026-10-16 13:28:55,control,no_requirement,5.6,1
C00001361,G0001215,2026-10-16 09:45:00,test,buylead_created,83.3,1
C00001362,G0001216,2026-10-16 11:41:57,control,buylead_created,166.2,1
C00001363,G0001217,2026-10-16 18:07:43,test,no_requirement,0.4,1
C00001364,G0001218,2026-10-16 08:32:35,control,buylead_created,29.7,1
C00001365,G0001219,2026-10-16 13:17:02,control,buylead_created,28.4,1
C00001366,G0001220,2026-10-16 12:25:42,control,buylead_created,81.9,1
C00001367,G0001221,2026-10-16 10:09:59,control,other,44.1,1
C00001368,G0001222,2026-10-16 16:42:40,control,buylead_created,76.3,1
C00001369,G0001223,2026-10-16 17:34:25,test,no_connect,64.4,0
C00001370,G0001224,2026-10-16 08:05:03,test,requirement_unconfirmed,1.9,1
C00001371,G0001225,2026-10-16 18:57:52,control,no_requirement,25.6,1
C00001372,G0001226,2026-10-16 08:06:28,control,no_requirement,88.1,1
C00001373,G0001227,2026-10-16 18:43:38,control,no_requirement,53.9,1
C00001374,G0001228,2026-10-16 08:07:59,test,buylead_created,40.8,1
C00001375,G0001229,2026-10-16 11:03:33,control,particular_seller_only,58.5,1
C00001376,G0001230,2026-10-16 08:48:58,control,buylead_created,1.7,1
C00001377,G0001231,2026-10-16 19:32:50,control,buylead_created,117.8,1
C00001378,G0001232,2026-10-16 09:01:42,test,requirement_unconfirmed,88.6,1
C00001379,G0001233,2026-10-16 19:06:13,control,no_requirement,46.9,1
C00001380,G0001234,2026-10-16 08:52:38,control,buylead_created,59.3,1
C00001381,G0001235,2026-10-16 10:20:49,test,requirement_unconfirmed,82.3,1
C00001382,G0001236,2026-10-16 09:05:19,test,buylead_created,69.1,1
C00001383,G0001237,2026-10-16 19:18:25,test,no_connect,28.3,0
C00001384,G0001238,2026-10-16 08:57:26,test,other,67.1,1
C00001385,G0001239,2026-10-16 09:19:17,control,particular_seller_only,65.1,1
C00001386,G0001240,2026-10-16 14:54:39,control,no_requirement,83.6,1
C00001387,G0001240,2026-10-16 17:54:39,control,other,14.8,1
C00001388,G0001241,2026-10-16 10:14:09,control,buylead_created,6.2,1
C00001389,G0001242,2026-10-16 12:17:44,control,no_connect,82.6,0
C00001390,G0001243,2026-10-16 13:53:23,test,requirement_unconfirmed,78.9,1
C00001391,G0001244,2026-10-16 13:26:58,control,requirement_unconfirmed,88.7,1
C00001392,G0001245,2026-10-16 14:07:49,test,buylead_created,57.5,1
C00001393,G0001246,2026-10-16 18:57:43,test,buylead_created,101.0,1
C00001394,G0001247,2026-10-16 15:43:13,control,requirement_unconfirmed,51.6,1
C00001395,G0001248,2026-10-16 13:35:23,control,requirement_unconfirmed,87.3,1
C00001396,G0001249,2026-10-16 17:25:09,control,buylead_created,19.9,1
C00001397,G0001250,2026-10-16 19:31:17,control,buylead_created,116.1,1
C00001398,G0001251,2026-10-16 19:35:48,control,requirement_unconfirmed,26.3,1
C00001399,G0001252,2026-10-16 13:15:33,test,buylead_created,1.9,1
C00001400,G0001253,2026-10-16 19:46:17,control,requirement_unconfirmed,5.2,1
C00001401,G0001253,2026-10-17 16:46:17,control,other,54.1,1
C00001402,G0001254,2026-10-16 08:44:57,test,requirement_unconfirmed,25.8,1
C00001403,G0001255,2026-10-16 08:30:32,test,no_connect,86.9,0
C00001404,G0001256,2026-10-16 13:20:06,control,buylead_created,51.9,1
C00001405,G0001257,2026-10-16 18:05:28,test,buylead_created,50.6,1
C00001406,G0001258,2026-10-16 12:52:33,control,other,61.6,1
C00001407,G0001259,2026-10-16 14:19:07,test,particular_seller_only,119.7,1
C00001408,G0001260,2026-10-16 15:51:56,control,particular_seller_only,110.0,1
C00001409,G0001261,2026-10-16 16:11:00,control,requirement_unconfirmed,34.3,1
C00001410,G0001262,2026-10-16 14:40:11,test,requirement_unconfirmed,76.5,1
C00001411,G0001263,2026-10-16 13:39:09,control,no_requirement,16.2,1
C00001412,G0001263,2026-10-16 22:39:09,control,other,4.2,1
C00001413,G0001264,2026-10-16 10:06:56,control,buylead_created,54.7,1
C00001414,G0001264,2026-10-16 23:06:56,control,other,38.8,1
C00001415,G0001265,2026-10-16 11:20:10,control,buylead_created,55.7,1
C00001416,G0001266,2026-10-16 16:14:54,control,no_requirement,92.7,1
C00001417,G0001267,2026-10-16 14:08:44,control,requirement_unconfirmed,21.4,1
C00001418,G0001268,2026-10-16 15:53:20,test,buylead_created,42.8,1
C00001419,G0001269,2026-10-16 15:46:37,control,no_requirement,54.7,1
C00001420,G0001270,2026-10-16 11:22:09,control,buylead_created,61.2,1
C00001421,G0001271,2026-10-16 14:29:58,control,buylead_created,82.5,1
C00001422,G0001272,2026-10-16 18:09:27,test,no_requirement,116.1,1
C00001423,G0001273,2026-10-16 12:21:53,test,no_connect,58.8,0
C00001424,G0001274,2026-10-16 12:36:10,control,no_requirement,100.2,1
C00001425,G0001275,2026-10-16 18:16:51,control,requirement_unconfirmed,88.6,1
C00001426,G0001276,2026-10-16 14:51:36,control,no_connect,91.4,0
C00001427,G0001277,2026-10-16 09:09:11,C,buylead_created,123.7,1
C00001428,G0001278,2026-10-16 13:03:17,control,requirement_unconfirmed,4.8,1
C00001429,G0001279,2026-10-16 12:06:44,test,buylead_created,46.5,1
C00001430,G0001280,2026-10-16 13:44:28,control,no_requirement,51.6,1
C00001431,G0001281,2026-10-16 09:20:49,test,requirement_unconfirmed,41.5,1
C00001432,G0001282,2026-10-16 12:37:12,control,no_requirement,10.5,1
C00001433,G0001283,2026-10-16 15:00:45,test,buylead_created,61.1,1
C00001434,G0001284,2026-10-16 11:31:26,control,buylead_created,68.0,1
C00001435,G0001285,2026-10-16 16:44:10,control,buylead_created,64.4,1
C00001436,G0001286,2026-10-16 09:57:43,control,buylead_created,93.7,1
C00001437,G0001286,2026-10-17 09:57:43,control,other,57.4,1
C00001438,G0001287,2026-10-16 09:25:37,control,requirement_unconfirmed,80.9,1
C00001439,G0001287,2026-10-16 16:25:37,control,other,54.8,1
C00001440,G0001288,2026-10-16 13:33:12,control,requirement_unconfirmed,15.9,1
C00001441,G0001289,2026-10-16 14:17:26,control,buylead_created,3.1,1
C00001442,G0001290,2026-10-16 14:03:35,control,no_connect,58.4,0
C00001443,G0001291,2026-10-16 17:37:27,control,other,46.7,1
C00001444,G0001292,2026-10-16 12:31:23,control,requirement_unconfirmed,71.8,1
C00001445,G0001293,2026-10-16 08:00:39,control,no_requirement,78.5,1
C00001446,G0001294,2026-10-16 11:24:04,control,no_requirement,70.1,1
C00001447,G0001295,2026-10-16 17:03:30,control,buylead_created,2.6,1
C00001448,G0001296,2026-10-16 10:50:09,control,buylead_created,13.2,1
C00001449,G0001297,2026-10-16 11:40:55,control,particular_seller_only,120.2,1
C00001450,G0001298,2026-10-16 16:39:20,test,buylead_created,3.0,1
C00001451,G0001299,2026-10-16 10:43:10,control,buylead_created,48.2,1
C00001452,G0001300,2026-10-16 13:05:10,control,buylead_created,145.9,1
C00001453,G0001301,2026-10-16 15:58:41,control,buylead_created,98.8,1
C00001454,G0001301,2026-10-17 02:58:41,control,other,26.2,1
C00001455,G0001302,2026-10-16 08:10:34,control,no_connect,232.6,0
C00001456,G0001303,2026-10-16 09:50:41,control,buylead_created,97.3,1
C00001457,G0001304,2026-10-16 14:58:33,control,buylead_created,97.3,1
C00001458,G0001305,2026-10-16 16:50:56,control,particular_seller_only,139.2,1
C00001459,G0001306,2026-10-16 09:12:29,control,requirement_unconfirmed,124.4,1
C00001460,G0001307,2026-10-16 14:20:31,control,buylead_created,83.2,1
C00001461,G0001308,2026-10-16 18:57:31,control,requirement_unconfirmed,32.7,1
C00001462,G0001309,2026-10-16 16:40:20,test,buylead_created,102.2,1
C00001463,G0001309,2026-10-17 18:40:20,test,other,158.0,1
C00001464,G0001310,2026-10-16 08:46:23,test,particular_seller_only,15.8,1
C00001465,G0001311,2026-10-16 09:35:02,control,buylead_created,33.6,1
C00001466,G0001312,2026-10-16 18:42:45,control,buylead_created,41.5,1
C00001467,G0001313,2026-10-16 10:56:39,control,particular_seller_only,65.0,1
C00001468,G0001314,2026-10-16 11:55:40,control,buylead_created,71.8,1
C00001469,G0001315,2026-10-16 15:05:34,test,buylead_created,17.5,1
C00001470,G0001316,2026-10-16 09:15:14,test,no_requirement,65.4,1
C00001471,G0001317,2026-10-16 15:46:43,test,other,79.8,1
C00001472,G0001318,2026-10-16 12:50:25,control,buylead_created,1.4,1
C00001473,G0001319,2026-10-16 18:13:46,control,other,0.5,1
C00001474,G0001320,2026-10-16 13:15:10,control,particular_seller_only,4.2,1
C00001475,G0001321,2026-10-16 08:38:45,control,requirement_unconfirmed,49.9,1
C00001476,G0001322,2026-10-16 17:46:45,control,requirement_unconfirmed,116.7,1
C00001477,G0001322,2026-10-17 17:46:45,control,other,53.9,1
C00001478,G0001323,2026-10-16 14:51:23,control,no_requirement,46.4,1
C00001479,G0001324,2026-10-16 19:09:57,test,buylead_created,50.0,1
C00001480,G0001325,2026-10-16 13:03:25,control,no_requirement,34.8,1
C00001481,G0001326,2026-10-16 16:27:20,control,no_connect,50.8,0
C00001482,G0001327,2026-10-16 17:50:05,control,requirement_unconfirmed,26.6,1
C00001483,G0001328,2026-10-16 12:48:39,test,particular_seller_only,112.2,1
C00001484,G0001329,2026-10-16 14:33:39,control,other,163.2,1
C00001485,G0001329,2026-10-16 18:33:39,control,other,79.8,1
C00001486,G0001330,2026-10-16 18:32:34,control,no_requirement,176.4,1
C00001487,G0001331,2026-10-16 19:51:20,control,buylead_created,39.5,1
C00001488,G0001332,2026-10-16 11:40:50,control,buylead_created,67.5,1
C00001489,G0001333,2026-10-16 18:46:11,test,buylead_created,84.0,1
C00001490,G0001334,2026-10-16 11:06:01,control,requirement_unconfirmed,10.6,1
C00001491,G0001335,2026-10-16 10:53:34,test,no_requirement,74.7,1
C00001492,G0001336,2026-10-16 18:57:33,control,buylead_created,60.8,1
C00001493,G0001337,2026-10-16 13:46:17,control,particular_seller_only,77.0,1
C00001494,G0001338,2026-10-16 15:56:12,control,no_requirement,345.4,1
C00001495,G0001339,2026-10-16 18:01:56,control,no_requirement,143.0,1
C00001496,G0001340,2026-10-16 08:14:43,test,no_requirement,28.7,1
C00001497,G0001340,2026-10-17 10:14:43,test,other,28.6,1
C00001498,G0001341,2026-10-16 17:09:08,control,buylead_created,156.2,1
C00001499,G0001342,2026-10-16 13:40:37,test,particular_seller_only,47.4,1
C00001500,G0001343,2026-10-16 19:57:30,control,particular_seller_only,67.9,1
C00001501,G0001344,2026-10-16 19:41:37,control,no_requirement,2.4,1
C00001502,G0001345,2026-10-16 10:54:48,test,particular_seller_only,46.9,1
C00001503,G0001345,2026-10-16 16:54:48,test,other,57.4,1
C00001504,G0001346,2026-10-16 18:03:42,control,no_requirement,99.9,1
C00001505,G0001346,2026-10-17 10:03:42,control,other,113.3,1
C00001506,G0001347,2026-10-16 12:26:04,control,no_requirement,42.5,1
C00001507,G0001347,2026-10-16 15:26:04,control,other,182.6,1
C00001508,G0001348,2026-10-16 17:45:18,control,no_requirement,94.6,1
C00001509,G0001348,2026-10-17 04:45:18,control,other,42.4,1
C00001510,G0001349,2026-10-16 13:01:48,control,buylead_created,39.5,1
C00001511,G0001350,2026-10-16 14:54:57,control,buylead_created,198.4,1
C00001512,G0001350,2026-10-16 20:54:57,control,other,107.1,1
C00001513,G0001351,2026-10-16 19:35:05,control,no_requirement,64.4,1
C00001514,G0001352,2026-10-16 19:04:07,test,requirement_unconfirmed,73.4,1
C00001515,G0001353,2026-10-16 18:35:17,control,requirement_unconfirmed,62.2,1
C00001516,G0001354,2026-10-16 17:12:35,control,buylead_created,109.7,1
C00001517,G0001355,2026-10-16 14:48:46,control,buylead_created,48.0,1
C00001518,G0001356,2026-10-16 19:43:26,control,buylead_created,29.7,1
C00001519,G0001357,2026-10-16 12:14:43,control,buylead_created,69.0,1
C00001520,G0001358,2026-10-16 19:33:36,control,buylead_created,126.2,1
C00001521,G0001359,2026-10-16 12:23:24,control,requirement_unconfirmed,50.3,1
C00001522,G0001360,2026-10-16 17:07:07,test,particular_seller_only,62.7,1
C00001523,G0001361,2026-10-16 15:36:27,test,requirement_unconfirmed,0.5,1
C00001524,G0001362,2026-10-16 13:29:38,control,no_requirement,57.0,1
C00001525,G0001363,2026-10-16 17:41:13,control,buylead_created,75.2,1
C00001526,G0001364,2026-10-16 17:16:53,test,buylead_created,36.0,1
C00001527,G0001365,2026-10-16 08:43:49,control,requirement_unconfirmed,129.9,1
C00001528,G0001366,2026-10-16 11:31:07,test,buylead_created,176.8,1
C00001529,G0001367,2026-10-16 16:25:45,control,no_requirement,87.3,1
C00001530,G0001368,2026-10-16 10:25:17,control,buylead_created,54.0,1
C00001531,G0001369,2026-10-16 13:11:18,test,buylead_created,70.8,1
C00001532,G0001370,2026-10-16 12:30:36,control,buylead_created,5.2,1
C00001533,G0001371,2026-10-16 17:39:52,control,buylead_created,1.1,1
C00001534,G0001372,2026-10-16 17:39:34,test,buylead_created,75.3,1
C00001535,G0001373,2026-10-16 08:02:03,control,particular_seller_only,0.9,1
C00001536,G0001373,2026-10-16 14:02:03,control,other,77.0,1
C00001537,G0001374,2026-10-16 08:11:29,control,no_connect,116.1,0
C00001538,G0001375,2026-10-16 13:19:00,control,requirement_unconfirmed,29.7,1
C00001539,G0001375,2026-10-16 19:19:00,control,other,3.5,1
C00001540,G0001376,2026-10-16 18:44:37,test,buylead_created,89.8,1
C00001541,G0001377,2026-10-16 16:23:58,control,buylead_created,88.5,1
C00001542,G0001378,2026-10-16 16:01:40,control,buylead_created,51.7,1
C00001543,G0001379,2026-10-16 11:48:47,control,requirement_unconfirmed,52.4,1
C00001544,G0001380,2026-10-16 12:06:28,test,other,53.6,1
C00001545,G0001381,2026-10-16 16:24:47,control,particular_seller_only,59.3,1
C00001546,G0001382,2026-10-16 14:33:23,control,buylead_created,27.3,1
C00001547,G0001383,2026-10-16 12:54:20,control,no_connect,73.7,0
C00001548,G0001384,2026-10-16 13:50:52,control,other,84.0,1
C00001549,G0001385,2026-10-16 17:16:38,control,buylead_created,77.4,1
C00001550,G0001386,2026-10-16 08:03:33,control,buylead_created,99.6,1
C00001551,G0001387,2026-10-16 09:35:55,test,buylead_created,27.3,1
C00001552,G0001388,2026-10-16 19:57:03,control,buylead_created,59.5,1
C00001553,G0001389,2026-10-16 08:35:18,control,buylead_created,62.9,1
C00001554,G0001390,2026-10-16 08:33:00,control,no_requirement,34.3,1
C00001555,G0001391,2026-10-16 12:20:53,test,requirement_unconfirmed,62.0,1
C00001556,G0001391,2026-10-17 03:20:53,test,other,93.7,1
C00001557,G0001392,2026-10-16 10:16:49,control,no_requirement,35.8,1
C00001558,G0001393,2026-10-16 13:55:49,control,other,140.5,1
C00001559,G0001394,2026-10-16 11:48:02,test,buylead_created,16.2,1
C00001560,G0001395,2026-10-16 10:15:30,control,buylead_created,63.8,1
C00001561,G0001396,2026-10-16 10:20:16,test,buylead_created,37.2,1
C00001562,G0001397,2026-10-16 12:01:57,control,no_connect,192.1,0
C00001563,G0001398,2026-10-16 11:09:36,control,buylead_created,12.2,1
C00001564,G0001399,2026-10-16 19:01:26,test,buylead_created,44.4,1
C00001565,G0001400,2026-10-16 18:41:22,test,buylead_created,85.5,1
C00001566,G0001401,2026-10-16 11:34:47,control,particular_seller_only,112.7,1
C00001567,G0001402,2026-10-16 09:02:21,control,no_requirement,61.9,1
C00001568,G0001403,2026-10-16 14:24:05,control,buylead_created,33.6,1
C00001569,G0001404,2026-10-16 19:00:20,control,buylead_created,0.6,1
C00001570,G0001405,2026-10-16 08:56:55,test,buylead_created,103.7,1
C00001571,G0001406,2026-10-16 13:08:51,control,buylead_created,10.6,1
C00001572,G0001406,2026-10-17 01:08:51,control,other,73.9,1
C00001573,G0001407,2026-10-16 19:31:43,control,no_requirement,16.7,1
C00001574,G0001408,2026-10-16 11:34:23,test,buylead_created,109.7,1
C00001575,G0001408,2026-10-16 22:34:23,test,other,68.3,1
C00001576,G0001409,2026-10-16 17:11:43,control,particular_seller_only,53.8,1
C00001577,G0001410,2026-10-16 15:34:39,test,buylead_created,80.2,1
C00001578,G0001411,2026-10-16 11:50:20,control,particular_seller_only,105.6,1
C00001579,G0001412,2026-10-16 18:02:56,control,buylead_created,24.8,1
C00001580,G0001413,2026-10-16 17:10:55,control,buylead_created,43.9,1
C00001581,G0001414,2026-10-16 19:45:36,test,no_connect,33.0,0
C00001582,G0001415,2026-10-16 18:45:42,control,requirement_unconfirmed,91.9,1
C00001583,G0001416,2026-10-16 17:52:30,control,buylead_created,71.8,1
C00001584,G0001417,2026-10-16 10:44:13,control,buylead_created,82.2,1
C00001585,G0001418,2026-10-16 11:35:05,control,requirement_unconfirmed,114.0,1
C00001586,G0001419,2026-10-16 17:16:43,test,requirement_unconfirmed,66.1,1
C00001587,G0001420,2026-10-16 15:24:18,control,no_requirement,110.0,1
C00001588,G0001421,2026-10-16 09:44:36,control,other,80.9,1
C00001589,G0001422,2026-10-16 15:44:24,test,requirement_unconfirmed,66.8,1
C00001590,G0001423,2026-10-16 15:18:41,control,requirement_unconfirmed,35.3,1
C00001591,G0001424,2026-10-16 17:01:17,control,buylead_created,74.1,1
C00001592,G0001425,2026-10-16 09:21:32,control,particular_seller_only,77.0,1
C00001593,G0001426,2026-10-16 08:23:42,test,no_requirement,103.9,1
C00001594,G0001427,2026-10-16 13:50:48,control,no_requirement,64.0,1
C00001595,G0001428,2026-10-16 13:30:58,control,requirement_unconfirmed,93.5,1
C00001596,G0001428,2026-10-16 23:30:58,control,other,54.7,1
C00001597,G0001429,2026-10-16 15:35:46,control,buylead_created,46.4,1
C00001598,G0001430,2026-10-16 15:09:45,control,no_requirement,89.1,1
C00001599,G0001430,2026-10-17 17:09:45,control,other,4.8,1
C00001600,G0001431,2026-10-16 17:57:10,control,buylead_created,101.6,1
C00001601,G0001432,2026-10-16 17:58:04,control,no_requirement,12.8,1
C00001602,G0001433,2026-10-16 11:22:47,control,requirement_unconfirmed,1.3,1
C00001603,G0001434,2026-10-16 09:32:00,control,buylead_created,0.5,1
C00001604,G0001434,2026-10-17 08:32:00,control,other,91.9,1
C00001605,G0001435,2026-10-16 11:49:18,control,no_requirement,121.5,1
C00001606,G0001436,2026-10-16 08:14:38,test,buylead_created,100.2,1
C00001607,G0001437,2026-10-16 15:36:50,test,particular_seller_only,41.0,1
C00001608,G0001438,2026-10-16 08:05:23,control,no_connect,89.5,0
C00001609,G0001439,2026-10-16 08:45:05,test,particular_seller_only,81.5,1
C00001610,G0001440,2026-10-16 19:05:10,test,buylead_created,129.7,1
C00001611,G0001441,2026-10-16 10:42:55,test,no_requirement,1.4,1
C00001612,G0001441,2026-10-17 00:42:55,test,other,140.7,1
C00001613,G0001442,2026-10-16 13:55:39,control,no_requirement,89.1,1
C00001614,G0001443,2026-10-16 08:56:15,test,buylead_created,54.7,1
C00001615,G0001444,2026-10-16 11:08:53,control,buylead_created,192.7,1
C00001616,G0001445,2026-10-16 09:04:25,control,requirement_unconfirmed,61.9,1
C00001617,G0001446,2026-10-16 17:10:12,test,buylead_created,1.7,1
C00001618,G0001447,2026-10-16 18:58:42,control,requirement_unconfirmed,153.4,1
C00001619,G0001448,2026-10-16 17:00:55,test,buylead_created,4.8,1
C00001620,G0001449,2026-10-16 15:44:11,control,other,36.0,1
C00001621,G0001450,2026-10-16 12:46:09,control,no_connect,13.8,0
C00001622,G0001451,2026-10-16 19:47:38,control,particular_seller_only,16.2,1
C00001623,G0001452,2026-10-16 11:12:55,control,no_requirement,254.5,1
C00001624,G0001453,2026-10-16 12:38:57,control,no_requirement,82.9,1
C00001625,G0001454,2026-10-16 11:27:11,control,buylead_created,3.1,1
C00001626,G0001455,2026-10-16 18:55:09,control,requirement_unconfirmed,93.6,1
C00001627,G0001456,2026-10-16 09:29:20,test,particular_seller_only,80.6,1
C00001628,G0001456,2026-10-16 21:29:20,test,other,109.7,1
C00001629,G0001457,2026-10-16 10:55:00,control,buylead_created,185.0,1
C00001630,G0001458,2026-10-16 08:57:01,test,requirement_unconfirmed,14.3,1
C00001631,G0001459,2026-10-16 12:37:23,test,buylead_created,144.4,1
C00001632,G0001459,2026-10-17 01:37:23,test,other,54.1,1
C00001633,G0001460,2026-10-16 12:54:09,control,requirement_unconfirmed,46.4,1
C00001634,G0001461,2026-10-16 08:38:09,test,no_connect,62.4,0
C00001635,G0001462,2026-10-16 09:43:58,test,no_requirement,57.5,1
C00001636,G0001463,2026-10-16 11:56:41,test,buylead_created,60.9,1
C00001637,G0001464,2026-10-16 16:28:49,control,no_requirement,72.3,1
C00001638,G0001465,2026-10-16 10:28:31,control,no_requirement,8.6,1
C00001639,G0001465,2026-10-17 06:28:31,control,other,28.1,1
C00001640,G0001466,2026-10-16 13:02:37,test,requirement_unconfirmed,66.1,1
C00001641,G0001467,2026-10-16 18:19:12,control,requirement_unconfirmed,89.1,1
C00001642,G0001468,2026-10-16 13:26:31,control,requirement_unconfirmed,129.7,1
C00001643,G0001469,2026-10-16 18:04:34,control,requirement_unconfirmed,38.1,1
C00001644,G0001470,2026-10-16 18:21:08,control,buylead_created,62.6,1
C00001645,G0001471,2026-10-16 15:45:10,control,buylead_created,13.6,1
C00001646,G0001472,2026-10-16 09:24:22,control,particular_seller_only,17.7,1
C00001647,G0001473,2026-10-16 18:38:09,test,buylead_created,60.2,1
C00001648,G0001474,2026-10-16 13:08:00,control,no_requirement,61.1,1
C00001649,G0001475,2026-10-16 14:21:22,test,buylead_created,60.3,1
C00001650,G0001476,2026-10-16 16:10:42,control,other,41.0,1
C00001651,G0001477,2026-10-16 16:52:04,test,buylead_created,17.6,1
C00001652,G0001478,2026-10-16 14:35:30,control,no_requirement,13.6,1
C00001653,G0001479,2026-10-16 17:06:05,test,no_requirement,30.2,1
C00001654,G0001480,2026-10-16 16:19:54,control,buylead_created,100.6,1
C00001655,G0001481,2026-10-16 18:47:07,control,buylead_created,28.1,1
C00001656,G0001482,2026-10-16 13:55:11,control,requirement_unconfirmed,68.5,1
C00001657,G0001483,2026-10-16 13:27:32,control,other,22.3,1
C00001658,G0001484,2026-10-16 15:44:58,test,requirement_unconfirmed,58.0,1
C00001659,G0001485,2026-10-16 15:12:43,control,other,29.7,1
C00001660,G0001486,2026-10-16 17:13:23,control,buylead_created,86.9,1
C00001661,G0001487,2026-10-16 12:52:14,test,no_requirement,87.3,1
C00001662,G0001488,2026-10-16 16:28:25,control,requirement_unconfirmed,232.6,1
C00001663,G0001489,2026-10-16 10:41:29,test,no_connect,231.0,0
C00001664,G0001490,2026-10-16 14:18:50,control,buylead_created,1.4,1
C00001665,G0001491,2026-10-16 08:24:30,control,buylead_created,62.0,1
C00001666,G0001492,2026-10-16 19:11:32,control,buylead_created,57.2,1
C00001667,G0001493,2026-10-16 13:18:32,control,particular_seller_only,47.6,1
C00001668,G0001494,2026-10-16 13:53:28,control,requirement_unconfirmed,48.2,1
C00001669,G0001495,2026-10-16 08:57:45,test,particular_seller_only,57.5,1
C00001670,G0001495,2026-10-16 15:57:45,test,other,108.9,1
C00001671,G0001496,2026-10-16 18:58:27,test,particular_seller_only,82.5,1
C00001672,G0001497,2026-10-16 10:41:20,control,buylead_created,70.8,1
C00001673,G0001498,2026-10-16 11:51:37,test,buylead_created,60.0,1
C00001674,G0001499,2026-10-16 14:34:47,control,requirement_unconfirmed,47.8,1
C00001675,G0001500,2026-10-17 18:11:48,control,buylead_created,76.6,1
C00001676,G0001501,2026-10-17 08:42:34,control,no_requirement,144.4,1
C00001677,G0001502,2026-10-17 18:01:02,control,no_requirement,0.9,1
C00001678,G0001503,2026-10-17 11:15:37,control,buylead_created,4.2,1
C00001679,G0001504,2026-10-17 08:03:16,control,particular_seller_only,117.2,1
C00001680,G0001505,2026-10-17 13:19:37,control,particular_seller_only,68.0,1
C00001681,G0001506,2026-10-17 16:20:18,control,particular_seller_only,24.3,1
C00001682,G0001507,2026-10-17 08:16:42,control,no_requirement,90.2,1
C00001683,G0001508,2026-10-17 16:15:20,control,no_requirement,47.4,1
C00001684,G0001509,2026-10-17 10:26:42,control,buylead_created,62.3,1
C00001685,G0001510,2026-10-17 18:42:05,control,requirement_unconfirmed,72.2,1
C00001686,G0001510,2026-10-18 05:42:05,control,other,13.2,1
C00001687,G0001511,2026-10-17 15:14:29,control,buylead_created,227.4,1
C00001688,G0001512,2026-10-17 09:12:28,test,buylead_created,25.6,1
C00001689,G0001513,2026-10-17 15:25:35,test,other,62.3,1
C00001690,G0001513,2026-10-17 20:25:35,test,other,112.6,1
C00001691,G0001514,2026-10-17 14:08:58,test,no_requirement,119.0,1
C00001692,G0001514,2026-10-17 16:08:58,test,other,92.6,1
C00001693,G0001515,2026-10-17 15:04:13,control,no_requirement,93.6,1
C00001694,G0001515,2026-10-18 01:04:13,control,other,70.6,1
C00001695,G0001516,2026-10-17 15:00:16,control,requirement_unconfirmed,0.5,1
C00001696,G0001517,2026-10-17 13:50:36,control,no_requirement,32.7,1
C00001697,G0001518,2026-10-17 13:09:24,control,buylead_created,136.3,1
C00001698,G0001519,2026-10-17 19:38:08,control,buylead_created,40.2,1
C00001699,G0001520,2026-10-17 12:39:24,test,requirement_unconfirmed,56.6,1
C00001700,G0001520,2026-10-17 20:39:24,test,other,19.3,1
C00001701,G0001521,2026-10-17 18:48:57,control,buylead_created,69.1,1
C00001702,G0001522,2026-10-17 18:17:58,control,no_connect,18.7,0
C00001703,G0001523,2026-10-17 11:34:51,control,particular_seller_only,99.6,1
C00001704,G0001524,2026-10-17 09:40:08,control,particular_seller_only,91.3,1
C00001705,G0001525,2026-10-17 15:55:14,control,buylead_created,78.8,1
C00001706,G0001525,2026-10-18 00:55:14,control,other,192.1,1
C00001707,G0001526,2026-10-17 13:20:19,test,buylead_created,86.4,1
C00001708,G0001527,2026-10-17 12:53:13,test,particular_seller_only,26.1,1
C00001709,G0001528,2026-10-17 13:17:55,control,requirement_unconfirmed,44.1,1
C00001710,G0001529,2026-10-17 16:06:59,control,buylead_created,83.6,1
C00001711,G0001530,2026-10-17 15:00:20,control,requirement_unconfirmed,58.4,1
C00001712,G0001531,2026-10-17 16:37:42,control,buylead_created,43.2,1
C00001713,G0001532,2026-10-17 11:40:40,test,requirement_unconfirmed,78.1,1
C00001714,G0001533,2026-10-17 17:14:21,control,buylead_created,65.0,1
C00001715,G0001534,2026-10-17 12:16:22,control,buylead_created,73.7,1
C00001716,G0001535,2026-10-17 12:38:38,test,buylead_created,76.5,1
C00001717,G0001536,2026-10-17 17:35:53,control,buylead_created,74.1,1
C00001718,G0001536,2026-10-18 20:35:53,control,other,82.8,1
C00001719,G0001537,2026-10-17 08:59:34,test,buylead_created,7.5,1
C00001720,G0001538,2026-10-17 11:07:48,control,no_requirement,2.3,1
C00001721,G0001539,2026-10-17 15:58:17,control,buylead_created,77.5,1
C00001722,G0001539,2026-10-18 14:58:17,control,other,172.5,1
C00001723,G0001540,2026-10-17 15:15:07,control,buylead_created,67.1,1
C00001724,G0001541,2026-10-17 14:12:15,control,requirement_unconfirmed,94.8,1
C00001725,G0001542,2026-10-17 09:06:30,control,no_connect,118.3,0
C00001726,G0001543,2026-10-17 17:57:43,control,particular_seller_only,40.8,1
C00001727,G0001544,2026-10-17 16:22:44,test,requirement_unconfirmed,122.3,1
C00001728,G0001545,2026-10-17 09:07:17,control,requirement_unconfirmed,48.2,1
C00001729,G0001546,2026-10-17 11:43:57,control,buylead_created,89.9,1
C00001730,G0001547,2026-10-17 10:25:08,control,no_connect,41.2,0
C00001731,G0001548,2026-10-17 13:04:51,control,buylead_created,121.5,1
C00001732,G0001549,2026-10-17 09:45:28,test,buylead_created,60.2,1
C00001733,G0001550,2026-10-17 17:38:07,test,requirement_unconfirmed,97.3,1
C00001734,G0001551,2026-10-17 19:15:58,control,no_requirement,40.8,1
C00001735,G0001552,2026-10-17 10:12:10,control,no_connect,63.6,0
C00001736,G0001553,2026-10-17 19:50:56,test,buylead_created,60.1,1
C00001737,G0001554,2026-10-17 10:54:21,C,requirement_unconfirmed,50.3,1
C00001738,G0001555,2026-10-17 09:26:47,control,no_requirement,204.7,1
C00001739,G0001556,2026-10-17 12:00:40,test,buylead_created,35.0,1
C00001740,G0001557,2026-10-17 12:06:33,control,requirement_unconfirmed,51.9,1
C00001741,G0001558,2026-10-17 09:21:35,control,requirement_unconfirmed,82.6,1
C00001742,G0001559,2026-10-17 11:02:33,control,particular_seller_only,68.0,1
C00001743,G0001560,2026-10-17 12:24:56,control,particular_seller_only,102.2,1
C00001744,G0001561,2026-10-17 19:04:55,control,no_connect,79.5,0
C00001745,G0001561,2026-10-18 22:04:55,control,other,67.4,1
C00001746,G0001562,2026-10-17 15:56:03,control,buylead_created,62.7,1
C00001747,G0001563,2026-10-17 10:18:52,C,no_requirement,110.7,1
C00001748,G0001563,2026-10-18 15:18:52,control,other,14.0,1
C00001749,G0001564,2026-10-17 14:39:22,control,buylead_created,53.8,1
C00001750,G0001565,2026-10-17 10:08:44,control,buylead_created,28.4,1
C00001751,G0001565,2026-10-18 09:08:44,control,other,386.6,1
C00001752,G0001566,2026-10-17 08:58:41,control,buylead_created,26.3,1
C00001753,G0001567,2026-10-17 08:41:18,control,buylead_created,8.2,1
C00001754,G0001568,2026-10-17 17:19:23,control,no_requirement,17.1,1
C00001755,G0001569,2026-10-17 13:16:44,test,particular_seller_only,8.2,1
C00001756,G0001570,2026-10-17 14:56:23,control,buylead_created,1.9,1
C00001757,G0001570,2026-10-17 18:56:23,control,other,36.6,1
C00001758,G0001571,2026-10-17 09:01:37,control,requirement_unconfirmed,25.6,1
C00001759,G0001572,2026-10-17 17:24:49,control,requirement_unconfirmed,103.7,1
C00001760,G0001573,2026-10-17 10:34:45,control,no_requirement,82.4,1
C00001761,G0001574,2026-10-17 15:43:45,control,particular_seller_only,66.0,1
C00001762,G0001575,2026-10-17 09:26:13,test,no_requirement,118.9,1
C00001763,G0001576,2026-10-17 17:30:20,control,buylead_created,15.8,1
C00001764,G0001577,2026-10-17 13:56:12,test,no_requirement,139.2,1
C00001765,G0001578,2026-10-17 09:26:06,control,buylead_created,9.4,1
C00001766,G0001579,2026-10-17 14:27:36,test,buylead_created,78.4,1
C00001767,G0001580,2026-10-17 15:14:39,control,requirement_unconfirmed,31.6,1
C00001768,G0001581,2026-10-17 16:50:09,control,buylead_created,101.6,1
C00001769,G0001582,2026-10-17 10:16:47,control,no_requirement,45.6,1
C00001770,G0001583,2026-10-17 09:21:56,control,no_connect,46.5,0
C00001771,G0001584,2026-10-17 19:14:53,control,requirement_unconfirmed,53.2,1
C00001772,G0001585,2026-10-17 14:47:29,control,no_connect,32.5,0
C00001773,G0001586,2026-10-17 09:44:21,control,particular_seller_only,31.4,1
C00001774,G0001587,2026-10-17 10:51:51,control,particular_seller_only,77.5,1
C00001775,G0001588,2026-10-17 19:40:36,control,buylead_created,9.7,1
C00001776,G0001589,2026-10-17 09:53:11,test,buylead_created,84.0,1
C00001777,G0001590,2026-10-17 19:45:37,control,no_requirement,58.4,1
C00001778,G0001591,2026-10-17 17:58:02,control,buylead_created,61.9,1
C00001779,G0001592,2026-10-17 14:53:52,control,no_connect,14.0,0
C00001780,G0001593,2026-10-17 17:38:46,control,buylead_created,60.3,1
C00001781,G0001594,2026-10-17 19:14:11,control,buylead_created,23.9,1
C00001782,G0001594,2026-10-18 14:14:11,control,other,25.6,1
C00001783,G0001595,2026-10-17 14:15:51,control,no_requirement,32.7,1
C00001784,G0001595,2026-10-17 21:15:51,control,other,60.0,1
C00001785,G0001596,2026-10-17 16:18:05,control,buylead_created,40.8,1
C00001786,G0001597,2026-10-17 10:44:01,control,requirement_unconfirmed,91.2,1
C00001787,G0001598,2026-10-17 17:49:58,control,requirement_unconfirmed,0.7,1
C00001788,G0001599,2026-10-17 10:29:16,control,particular_seller_only,57.0,1
C00001789,G0001600,2026-10-17 17:33:47,control,no_requirement,82.5,1
C00001790,G0001601,2026-10-17 14:44:24,control,other,26.1,1
C00001791,G0001602,2026-10-17 19:19:41,test,no_requirement,54.6,1
C00001792,G0001603,2026-10-17 13:58:27,control,buylead_created,4.2,1
C00001793,G0001604,2026-10-17 18:40:48,test,other,57.0,1
C00001794,G0001605,2026-10-17 08:02:04,control,particular_seller_only,28.1,1
C00001795,G0001606,2026-10-17 09:34:44,control,buylead_created,22.0,1
C00001796,G0001607,2026-10-17 08:58:25,control,buylead_created,8.2,1
C00001797,G0001608,2026-10-17 17:12:19,control,buylead_created,106.3,1
C00001798,G0001609,2026-10-17 14:00:11,control,buylead_created,18.1,1
C00001799,G0001610,2026-10-17 16:10:54,control,buylead_created,25.8,1
C00001800,G0001611,2026-10-17 12:17:12,control,requirement_unconfirmed,232.6,1
C00001801,G0001611,2026-10-18 14:17:12,control,other,69.0,1
C00001802,G0001612,2026-10-17 18:02:59,control,buylead_created,89.9,1
C00001803,G0001612,2026-10-17 22:02:59,control,other,19.3,1
C00001804,G0001613,2026-10-17 12:02:30,control,buylead_created,46.9,1
C00001805,G0001614,2026-10-17 16:41:31,test,no_requirement,52.4,1
C00001806,G0001615,2026-10-17 08:42:46,control,buylead_created,55.7,1
C00001807,G0001616,2026-10-17 12:37:28,test,no_connect,101.2,0
C00001808,G0001617,2026-10-17 14:20:06,control,buylead_created,63.6,1
C00001809,G0001618,2026-10-17 14:31:08,test,buylead_created,88.5,1
C00001810,G0001619,2026-10-17 08:29:40,test,requirement_unconfirmed,115.9,1
C00001811,G0001620,2026-10-17 11:56:39,control,particular_seller_only,89.1,1
C00001812,G0001621,2026-10-17 12:22:22,control,no_connect,95.8,0
C00001813,G0001622,2026-10-17 14:59:06,test,buylead_created,142.8,1
C00001814,G0001623,2026-10-17 18:34:38,test,buylead_created,0.5,1
C00001815,G0001624,2026-10-17 11:23:09,control,no_requirement,72.2,1
C00001816,G0001625,2026-10-17 13:44:47,control,requirement_unconfirmed,108.4,1
C00001817,G0001626,2026-10-17 08:24:04,control,no_connect,8.2,0
C00001818,G0001627,2026-10-17 12:22:49,control,requirement_unconfirmed,46.4,1
C00001819,G0001628,2026-10-17 10:36:05,control,buylead_created,16.8,1
C00001820,G0001629,2026-10-17 08:31:50,control,particular_seller_only,51.9,1
C00001821,G0001630,2026-10-17 14:47:06,control,particular_seller_only,0.5,1
C00001822,G0001631,2026-10-17 17:26:19,test,buylead_created,56.1,1
C00001823,G0001632,2026-10-17 16:07:57,control,buylead_created,68.5,1
C00001824,G0001633,2026-10-17 19:05:13,control,buylead_created,130.0,1
C00001825,G0001634,2026-10-17 15:56:23,control,buylead_created,93.6,1
C00001826,G0001635,2026-10-17 11:02:01,control,buylead_created,108.9,1
C00001827,G0001635,2026-10-18 01:02:01,control,other,57.5,1
C00001828,G0001636,2026-10-17 18:24:53,control,other,150.1,1
C00001829,G0001637,2026-10-17 14:59:50,test,no_connect,66.5,0
C00001830,G0001638,2026-10-17 17:25:49,control,buylead_created,124.6,1
C00001831,G0001639,2026-10-17 18:57:58,control,buylead_created,38.0,1
C00001832,G0001640,2026-10-17 08:59:23,test,buylead_created,136.3,1
C00001833,G0001641,2026-10-17 11:10:48,control,buylead_created,3.0,1
C00001834,G0001642,2026-10-17 09:47:29,control,buylead_created,95.3,1
C00001835,G0001643,2026-10-17 09:18:16,test,buylead_created,85.5,1
C00001836,G0001644,2026-10-17 16:31:25,control,other,39.5,1
C00001837,G0001645,2026-10-17 19:42:28,test,particular_seller_only,24.3,1
C00001838,G0001646,2026-10-17 08:22:06,test,buylead_created,63.6,1
C00001839,G0001647,2026-10-17 11:52:00,control,buylead_created,24.1,1
C00001840,G0001647,2026-10-17 19:52:00,control,other,17.6,1
C00001841,G0001648,2026-10-17 08:58:18,control,buylead_created,88.8,1
C00001842,G0001649,2026-10-17 10:41:13,test,buylead_created,38.8,1
C00001843,G0001650,2026-10-17 13:12:02,control,requirement_unconfirmed,28.1,1
C00001844,G0001651,2026-10-17 15:11:53,control,particular_seller_only,58.5,1
C00001845,G0001652,2026-10-17 14:21:38,control,buylead_created,114.8,1
C00001846,G0001653,2026-10-17 08:50:59,test,no_requirement,29.4,1
C00001847,G0001654,2026-10-17 16:31:31,control,buylead_created,16.8,1
C00001848,G0001655,2026-10-17 18:35:26,control,buylead_created,106.6,1
C00001849,G0001656,2026-10-17 08:36:00,control,buylead_created,17.6,1
C00001850,G0001657,2026-10-17 13:05:10,control,no_connect,88.6,0
C00001851,G0001658,2026-10-17 13:08:21,control,no_requirement,72.4,1
C00001852,G0001659,2026-10-17 11:20:38,control,other,60.0,1
C00001853,G0001659,2026-10-17 16:20:38,control,other,79.0,1
C00001854,G0001660,2026-10-17 18:18:57,control,no_connect,76.6,0
C00001855,G0001661,2026-10-17 10:29:46,control,no_connect,93.5,0
C00001856,G0001662,2026-10-17 12:37:27,control,buylead_created,8.2,1
C00001857,G0001663,2026-10-17 14:46:44,test,no_requirement,82.2,1
C00001858,G0001664,2026-10-17 08:59:19,control,no_connect,53.8,0
C00001859,G0001664,2026-10-18 04:59:19,control,other,113.6,1
C00001860,G0001665,2026-10-17 18:43:42,control,no_connect,29.4,0
C00001861,G0001666,2026-10-17 10:20:34,control,buylead_created,60.8,1
C00001862,G0001667,2026-10-17 10:02:53,test,no_connect,72.2,0
C00001863,G0001668,2026-10-17 14:27:14,control,requirement_unconfirmed,89.1,1
C00001864,G0001669,2026-10-17 08:30:00,test,no_requirement,28.1,1
C00001865,G0001670,2026-10-17 08:50:42,test,no_connect,49.4,0
C00001866,G0001671,2026-10-17 19:41:04,control,requirement_unconfirmed,101.4,1
C00001867,G0001672,2026-10-17 11:56:45,test,buylead_created,125.1,1
C00001868,G0001673,2026-10-17 15:59:32,control,no_requirement,25.5,1
C00001869,G0001674,2026-10-17 13:24:06,control,requirement_unconfirmed,82.7,1
C00001870,G0001675,2026-10-17 09:48:26,control,requirement_unconfirmed,79.0,1
C00001871,G0001675,2026-10-18 13:48:26,control,other,4.0,1
C00001872,G0001676,2026-10-17 19:50:57,test,buylead_created,7.5,1
C00001873,G0001677,2026-10-17 14:24:16,control,no_connect,45.6,0
C00001874,G0001678,2026-10-17 09:22:28,control,buylead_created,83.4,1
C00001875,G0001679,2026-10-17 10:58:48,test,buylead_created,96.9,1
C00001876,G0001680,2026-10-17 09:55:29,control,particular_seller_only,35.3,1
C00001877,G0001681,2026-10-17 10:38:44,control,requirement_unconfirmed,68.0,1
C00001878,G0001681,2026-10-17 14:38:44,control,other,1.6,1
C00001879,G0001682,2026-10-17 14:12:20,control,particular_seller_only,24.1,1
C00001880,G0001683,2026-10-17 14:58:43,control,buylead_created,25.1,1
C00001881,G0001684,2026-10-17 19:15:20,control,buylead_created,91.7,1
C00001882,G0001685,2026-10-17 15:39:24,test,buylead_created,60.0,1
C00001883,G0001686,2026-10-17 13:08:02,test,particular_seller_only,88.8,1
C00001884,G0001687,2026-10-17 17:26:01,control,buylead_created,95.5,1
C00001885,G0001687,2026-10-18 06:26:01,control,other,25.8,1
C00001886,G0001688,2026-10-17 15:43:15,control,buylead_created,28.2,1
C00001887,G0001689,2026-10-17 11:02:17,control,particular_seller_only,5.3,1
C00001888,G0001690,2026-10-17 09:40:47,control,buylead_created,128.4,1
C00001889,G0001691,2026-10-17 10:57:04,control,buylead_created,119.4,1
C00001890,G0001692,2026-10-17 17:08:32,control,no_requirement,90.9,1
C00001891,G0001693,2026-10-17 17:49:55,control,buylead_created,8.1,1
C00001892,G0001694,2026-10-17 15:40:34,control,buylead_created,78.8,1
C00001893,G0001695,2026-10-17 09:52:39,control,no_connect,309.2,0
C00001894,G0001696,2026-10-17 16:31:51,control,requirement_unconfirmed,134.2,1
C00001895,G0001696,2026-10-18 21:31:51,control,other,53.5,1
C00001896,G0001697,2026-10-17 11:20:43,control,particular_seller_only,112.6,1
C00001897,G0001698,2026-10-17 09:59:47,control,buylead_created,46.8,1
C00001898,G0001699,2026-10-17 08:22:17,test,buylead_created,2.1,1
C00001899,G0001700,2026-10-17 19:20:25,test,buylead_created,62.5,1
C00001900,G0001701,2026-10-17 11:03:56,test,particular_seller_only,96.9,1
C00001901,G0001701,2026-10-18 14:03:56,test,other,35.1,1
C00001902,G0001702,2026-10-17 12:42:15,control,buylead_created,28.1,1
C00001903,G0001702,2026-10-18 11:42:15,control,other,65.0,1
C00001904,G0001703,2026-10-17 16:24:56,control,particular_seller_only,85.6,1
C00001905,G0001704,2026-10-17 12:04:43,control,requirement_unconfirmed,42.4,1
C00001906,G0001705,2026-10-17 08:47:57,control,buylead_created,46.9,1
C00001907,G0001705,2026-10-17 18:47:57,control,other,77.1,1
C00001908,G0001706,2026-10-17 18:56:58,control,other,16.6,1
C00001909,G0001707,2026-10-17 15:27:13,test,requirement_unconfirmed,62.9,1
C00001910,G0001708,2026-10-17 11:25:52,control,buylead_created,47.8,1
C00001911,G0001709,2026-10-17 15:03:01,control,no_requirement,75.9,1
C00001912,G0001710,2026-10-17 12:39:07,control,buylead_created,77.8,1
C00001913,G0001711,2026-10-17 18:55:17,test,buylead_created,33.0,1
C00001914,G0001712,2026-10-17 14:05:10,control,particular_seller_only,67.1,1
C00001915,G0001713,2026-10-17 19:33:00,control,particular_seller_only,86.9,1
C00001916,G0001714,2026-10-17 10:25:58,control,no_requirement,75.9,1
C00001917,G0001715,2026-10-17 18:54:28,control,particular_seller_only,41.0,1
C00001918,G0001716,2026-10-17 11:01:26,control,buylead_created,82.4,1
C00001919,G0001716,2026-10-18 15:01:26,control,other,5.0,1
C00001920,G0001717,2026-10-17 15:41:07,control,buylead_created,58.4,1
C00001921,G0001718,2026-10-17 10:26:43,control,no_connect,30.2,0
C00001922,G0001719,2026-10-17 16:43:02,test,particular_seller_only,10.2,1
C00001923,G0001720,2026-10-17 16:34:15,control,requirement_unconfirmed,106.6,1
C00001924,G0001721,2026-10-17 10:39:48,test,buylead_created,77.2,1
C00001925,G0001722,2026-10-17 16:00:24,control,buylead_created,81.2,1
C00001926,G0001723,2026-10-17 11:31:14,control,buylead_created,162.9,1
C00001927,G0001724,2026-10-17 15:22:44,control,buylead_created,3.1,1
C00001928,G0001725,2026-10-17 13:41:32,control,buylead_created,40.8,1
C00001929,G0001726,2026-10-17 12:38:35,control,no_requirement,10.0,1
C00001930,G0001727,2026-10-17 13:36:25,control,no_requirement,105.3,1
C00001931,G0001728,2026-10-17 15:40:41,control,requirement_unconfirmed,93.6,1
C00001932,G0001729,2026-10-17 08:59:28,control,no_connect,113.6,0
C00001933,G0001730,2026-10-17 10:32:48,control,no_requirement,56.7,1
C00001934,G0001731,2026-10-17 13:02:57,control,buylead_created,26.2,1
C00001935,G0001732,2026-10-17 14:20:29,control,no_requirement,12.6,1
C00001936,G0001733,2026-10-17 09:24:40,control,buylead_created,91.3,1
C00001937,G0001734,2026-10-17 14:03:10,control,no_requirement,7.3,1
C00001938,G0001735,2026-10-17 08:25:03,control,buylead_created,64.0,1
C00001939,G0001736,2026-10-17 17:18:53,control,buylead_created,32.4,1
C00001940,G0001737,2026-10-17 14:09:09,control,requirement_unconfirmed,108.9,1
C00001941,G0001738,2026-10-17 16:39:51,control,buylead_created,8.4,1
C00001942,G0001739,2026-10-17 13:14:25,control,other,91.2,1
C00001943,G0001740,2026-10-17 11:09:25,control,other,85.5,1
C00001944,G0001741,2026-10-17 17:55:28,control,buylead_created,57.2,1
C00001945,G0001742,2026-10-17 12:06:31,test,buylead_created,18.1,1
C00001946,G0001743,2026-10-17 14:11:32,control,requirement_unconfirmed,114.9,1
C00001947,G0001744,2026-10-17 17:06:09,control,buylead_created,199.4,1
C00001948,G0001745,2026-10-17 13:34:25,control,particular_seller_only,4.2,1
C00001949,G0001746,2026-10-17 15:22:46,control,buylead_created,7.7,1
C00001950,G0001747,2026-10-17 08:49:40,control,no_connect,67.1,0
C00001951,G0001748,2026-10-17 14:53:20,control,requirement_unconfirmed,108.4,1
C00001952,G0001749,2026-10-17 18:12:28,test,no_requirement,93.0,1
C00001953,G0001750,2026-10-17 13:23:33,control,particular_seller_only,75.3,1
C00001954,G0001750,2026-10-17 17:23:33,control,other,61.2,1
C00001955,G0001751,2026-10-17 17:19:39,control,buylead_created,64.2,1
C00001956,G0001751,2026-10-18 03:19:39,control,other,64.4,1
C00001957,G0001752,2026-10-17 11:40:31,control,requirement_unconfirmed,21.4,1
C00001958,G0001752,2026-10-17 23:40:31,control,other,70.8,1
C00001959,G0001753,2026-10-17 09:31:33,control,no_requirement,47.5,1
C00001960,G0001754,2026-10-17 11:02:24,test,buylead_created,47.4,1
C00001961,G0001755,2026-10-17 11:29:59,control,buylead_created,140.7,1
C00001962,G0001756,2026-10-17 17:34:49,control,buylead_created,20.6,1
C00001963,G0001757,2026-10-17 12:11:10,control,buylead_created,97.6,1
C00001964,G0001758,2026-10-17 16:39:37,control,no_requirement,100.6,1
C00001965,G0001758,2026-10-18 07:39:37,control,other,158.8,1
C00001966,G0001759,2026-10-17 09:12:07,control,buylead_created,64.0,1
C00001967,G0001760,2026-10-17 17:17:44,control,no_connect,57.4,0
C00001968,G0001761,2026-10-17 13:22:50,test,buylead_created,5.3,1
C00001969,G0001762,2026-10-17 09:38:08,control,buylead_created,95.2,1
C00001970,G0001763,2026-10-17 16:04:01,control,no_requirement,35.9,1
C00001971,G0001764,2026-10-17 16:34:15,control,particular_seller_only,0.6,1
C00001972,G0001765,2026-10-17 17:05:02,test,requirement_unconfirmed,22.2,1
C00001973,G0001766,2026-10-17 08:05:23,control,buylead_created,13.8,1
C00001974,G0001767,2026-10-17 18:14:02,test,no_requirement,0.9,1
C00001975,G0001768,2026-10-17 13:27:56,test,requirement_unconfirmed,70.1,1
C00001976,G0001769,2026-10-17 16:05:51,control,buylead_created,55.0,1
C00001977,G0001770,2026-10-17 08:38:16,control,particular_seller_only,68.3,1
C00001978,G0001771,2026-10-17 16:50:56,test,buylead_created,21.3,1
C00001979,G0001772,2026-10-17 09:08:09,control,buylead_created,25.0,1
C00001980,G0001773,2026-10-17 16:23:44,test,requirement_unconfirmed,87.3,1
C00001981,G0001774,2026-10-17 14:01:21,control,buylead_created,70.3,1
C00001982,G0001775,2026-10-17 17:29:27,test,buylead_created,40.8,1
C00001983,G0001776,2026-10-17 17:48:18,control,buylead_created,3.0,1
C00001984,G0001777,2026-10-17 19:34:59,control,buylead_created,79.5,1
C00001985,G0001778,2026-10-17 14:50:55,control,no_requirement,92.0,1
C00001986,G0001778,2026-10-17 16:50:55,control,other,82.5,1
C00001987,G0001779,2026-10-17 13:11:54,control,no_requirement,81.5,1
C00001988,G0001780,2026-10-17 10:21:46,control,other,46.9,1
C00001989,G0001781,2026-10-17 16:27:27,control,particular_seller_only,25.0,1
C00001990,G0001782,2026-10-17 13:41:01,test,no_requirement,93.3,1
C00001991,G0001783,2026-10-17 12:48:11,test,requirement_unconfirmed,117.8,1
C00001992,G0001783,2026-10-17 23:48:11,test,other,50.0,1
C00001993,G0001784,2026-10-17 19:47:36,test,buylead_created,84.7,1
C00001994,G0001785,2026-10-17 10:53:48,control,requirement_unconfirmed,39.6,1
C00001995,G0001785,2026-10-18 10:53:48,control,other,10.0,1
C00001996,G0001786,2026-10-17 10:51:22,control,no_requirement,53.6,1
C00001997,G0001787,2026-10-17 17:28:03,control,no_connect,61.0,0
C00001998,G0001787,2026-10-18 17:28:03,control,other,79.6,1
C00001999,G0001788,2026-10-17 18:06:11,control,buylead_created,5.7,1
C00002000,G0001789,2026-10-17 08:48:03,test,buylead_created,62.2,1
C00002001,G0001789,2026-10-17 16:48:03,test,other,0.4,1
C00002002,G0001790,2026-10-17 14:49:09,control,buylead_created,35.3,1
C00002003,G0001791,2026-10-17 12:47:07,test,no_requirement,60.8,1
C00002004,G0001792,2026-10-17 10:22:59,control,requirement_unconfirmed,60.9,1
C00002005,G0001793,2026-10-17 10:58:08,control,requirement_unconfirmed,108.9,1
C00002006,G0001794,2026-10-17 09:03:43,control,buylead_created,31.4,1
C00002007,G0001795,2026-10-17 18:41:12,control,particular_seller_only,198.4,1
C00002008,G0001796,2026-10-17 11:48:38,control,buylead_created,5.2,1
C00002009,G0001797,2026-10-17 12:47:15,control,buylead_created,133.7,1
C00002010,G0001797,2026-10-18 08:47:15,control,other,160.1,1
C00002011,G0001798,2026-10-17 13:41:14,control,other,6.0,1
C00002012,G0001799,2026-10-17 15:31:36,control,no_requirement,4.8,1
C00002013,G0001800,2026-10-18 10:46:28,test,buylead_created,108.4,1
C00002014,G0001801,2026-10-18 11:49:23,control,requirement_unconfirmed,70.3,1
C00002015,G0001802,2026-10-18 10:41:23,control,particular_seller_only,56.0,1
C00002016,G0001803,2026-10-18 12:03:46,control,buylead_created,101.0,1
C00002017,G0001804,2026-10-18 19:53:22,test,buylead_created,57.7,1
C00002018,G0001804,2026-10-19 01:53:22,test,other,68.3,1
C00002019,G0001805,2026-10-18 18:27:50,test,buylead_created,66.1,1
C00002020,G0001805,2026-10-19 13:27:50,test,other,48.2,1
C00002021,G0001806,2026-10-18 11:07:19,control,other,18.7,1
C00002022,G0001806,2026-10-19 06:07:19,control,other,9.4,1
C00002023,G0001807,2026-10-18 09:28:57,control,no_requirement,3.0,1
C00002024,G0001808,2026-10-18 08:41:44,control,particular_seller_only,84.0,1
C00002025,G0001808,2026-10-18 19:41:44,control,other,83.6,1
C00002026,G0001809,2026-10-18 13:22:12,control,no_requirement,78.9,1
C00002027,G0001810,2026-10-18 12:52:58,control,buylead_created,32.5,1
C00002028,G0001811,2026-10-18 08:36:13,control,buylead_created,28.2,1
C00002029,G0001812,2026-10-18 19:57:50,control,buylead_created,116.2,1
C00002030,G0001813,2026-10-18 18:18:10,control,buylead_created,83.5,1
C00002031,G0001814,2026-10-18 08:49:34,control,no_requirement,86.4,1
C00002032,G0001815,2026-10-18 18:34:29,test,buylead_created,109.0,1
C00002033,G0001815,2026-10-19 14:34:29,test,other,43.2,1
C00002034,G0001816,2026-10-18 17:02:08,control,buylead_created,158.0,1
C00002035,G0001817,2026-10-18 19:43:30,control,other,56.7,1
C00002036,G0001818,2026-10-18 17:35:12,test,buylead_created,122.3,1
C00002037,G0001818,2026-10-18 19:35:12,test,other,85.0,1
C00002038,G0001819,2026-10-18 16:38:18,control,buylead_created,0.5,1
C00002039,G0001820,2026-10-18 17:34:46,test,no_connect,87.3,0
C00002040,G0001821,2026-10-18 19:18:45,control,requirement_unconfirmed,81.5,1
C00002041,G0001821,2026-10-19 11:18:45,control,other,81.5,1
C00002042,G0001822,2026-10-18 15:04:11,control,buylead_created,85.0,1
C00002043,G0001823,2026-10-18 13:41:29,test,,90.9,1
C00002044,G0001824,2026-10-18 18:41:17,control,requirement_unconfirmed,129.9,1
C00002045,G0001825,2026-10-18 16:01:18,control,buylead_created,63.9,1
C00002046,G0001826,2026-10-18 19:22:45,test,no_requirement,35.8,1
C00002047,G0001827,2026-10-18 12:17:47,control,no_requirement,27.1,1
C00002048,G0001828,2026-10-18 10:05:14,control,requirement_unconfirmed,176.4,1
C00002049,G0001829,2026-10-18 17:23:21,control,no_requirement,70.7,1
C00002050,G0001830,2026-10-18 08:16:35,control,buylead_created,112.6,1
C00002051,G0001831,2026-10-18 19:10:48,test,requirement_unconfirmed,66.8,1
C00002052,G0001832,2026-10-18 18:49:38,test,no_requirement,82.7,1
C00002053,G0001833,2026-10-18 13:54:00,test,buylead_created,8.8,1
C00002054,G0001834,2026-10-18 19:46:28,test,no_requirement,40.2,1
C00002055,G0001835,2026-10-18 09:36:11,control,requirement_unconfirmed,100.7,1
C00002056,G0001835,2026-10-18 21:36:11,control,other,43.9,1
C00002057,G0001836,2026-10-18 18:04:43,control,particular_seller_only,54.1,1
C00002058,G0001837,2026-10-18 17:11:29,test,no_requirement,49.0,1
C00002059,G0001838,2026-10-18 08:15:37,test,particular_seller_only,14.0,1
C00002060,G0001839,2026-10-18 09:16:51,control,requirement_unconfirmed,97.2,1
C00002061,G0001840,2026-10-18 09:49:54,control,buylead_created,12.6,1
C00002062,G0001841,2026-10-18 18:20:45,control,buylead_created,81.4,1
C00002063,G0001841,2026-10-19 20:20:45,control,other,114.4,1
C00002064,G0001842,2026-10-18 18:39:52,control,buylead_created,52.4,1
C00002065,G0001843,2026-10-18 08:26:56,test,buylead_created,23.0,1
C00002066,G0001844,2026-10-18 11:29:46,control,no_connect,8.2,0
C00002067,G0001845,2026-10-18 11:25:16,control,no_connect,76.2,0
C00002068,G0001846,2026-10-18 08:22:39,control,buylead_created,81.2,1
C00002069,G0001847,2026-10-18 15:17:15,test,no_requirement,0.5,1
C00002070,G0001847,2026-10-19 10:17:15,test,other,34.8,1
C00002071,G0001848,2026-10-18 08:41:24,control,no_requirement,84.7,1
C00002072,G0001849,2026-10-18 11:25:03,test,particular_seller_only,10.6,1
C00002073,G0001850,2026-10-18 11:09:00,control,buylead_created,18.1,1
C00002074,G0001851,2026-10-18 19:36:44,control,buylead_created,77.5,1
C00002075,G0001852,2026-10-18 14:24:06,control,no_requirement,77.0,1
C00002076,G0001852,2026-10-19 14:24:06,control,other,105.3,1
C00002077,G0001853,2026-10-18 19:43:31,control,particular_seller_only,53.5,1
C00002078,G0001854,2026-10-18 10:02:33,control,buylead_created,87.2,1
C00002079,G0001855,2026-10-18 10:30:30,control,buylead_created,64.4,1
C00002080,G0001856,2026-10-18 14:33:16,control,buylead_created,91.7,1
C00002081,G0001856,2026-10-19 04:33:16,control,other,61.0,1
C00002082,G0001857,2026-10-18 13:30:49,control,buylead_created,46.7,1
C00002083,G0001858,2026-10-18 10:41:53,control,requirement_unconfirmed,46.5,1
C00002084,G0001859,2026-10-18 16:24:16,control,no_requirement,192.1,1
C00002085,G0001860,2026-10-18 10:20:24,test,no_requirement,0.5,1
C00002086,G0001861,2026-10-18 17:15:43,control,buylead_created,43.5,1
C00002087,G0001862,2026-10-18 15:17:05,test,requirement_unconfirmed,121.2,1
C00002088,G0001863,2026-10-18 11:52:38,control,other,60.8,1
C00002089,G0001864,2026-10-18 15:40:28,test,buylead_created,81.4,1
C00002090,G0001865,2026-10-18 09:47:57,test,particular_seller_only,58.4,1
C00002091,G0001866,2026-10-18 15:54:33,control,no_requirement,25.8,1
C00002092,G0001867,2026-10-18 10:04:06,control,no_requirement,64.4,1
C00002093,G0001868,2026-10-18 08:10:58,test,particular_seller_only,8.1,1
C00002094,G0001869,2026-10-18 17:35:58,control,requirement_unconfirmed,60.3,1
C00002095,G0001870,2026-10-18 17:35:40,control,buylead_created,34.8,1
C00002096,G0001871,2026-10-18 17:45:26,control,particular_seller_only,8.1,1
C00002097,G0001872,2026-10-18 13:34:33,control,buylead_created,100.4,1
C00002098,G0001873,2026-10-18 11:54:08,test,buylead_created,26.2,1
C00002099,G0001874,2026-10-18 10:31:27,test,particular_seller_only,3.2,1
C00002100,G0001875,2026-10-18 09:00:44,test,buylead_created,32.4,1
C00002101,G0001876,2026-10-18 11:09:20,control,buylead_created,76.3,1
C00002102,G0001877,2026-10-18 14:39:41,control,buylead_created,70.0,1
C00002103,G0001878,2026-10-18 18:01:11,test,requirement_unconfirmed,102.0,1
C00002104,G0001879,2026-10-18 19:20:39,test,particular_seller_only,28.7,1
C00002105,G0001880,2026-10-18 15:03:55,control,buylead_created,61.0,1
C00002106,G0001881,2026-10-18 09:33:29,control,buylead_created,134.2,1
C00002107,G0001882,2026-10-18 15:41:11,control,buylead_created,227.4,1
C00002108,G0001883,2026-10-18 17:47:32,control,particular_seller_only,34.3,1
C00002109,G0001884,2026-10-18 13:26:50,control,no_requirement,62.2,1
C00002110,G0001885,2026-10-18 08:04:37,test,buylead_created,91.9,1
C00002111,G0001886,2026-10-18 12:55:39,control,buylead_created,75.2,1
C00002112,G0001887,2026-10-18 14:52:33,control,requirement_unconfirmed,29.7,1
C00002113,G0001888,2026-10-18 11:53:05,control,requirement_unconfirmed,1.7,1
C00002114,G0001889,2026-10-18 17:27:31,test,buylead_created,89.7,1
C00002115,G0001890,2026-10-18 13:55:31,control,buylead_created,77.2,1
C00002116,G0001891,2026-10-18 19:29:05,test,requirement_unconfirmed,41.2,1
C00002117,G0001892,2026-10-18 11:51:25,control,buylead_created,40.6,1
C00002118,G0001893,2026-10-18 08:12:55,control,buylead_created,176.4,1
C00002119,G0001894,2026-10-18 17:44:16,control,buylead_created,64.0,1
C00002120,G0001895,2026-10-18 09:24:08,test,buylead_created,18.1,1
C00002121,G0001896,2026-10-18 19:22:15,control,other,39.6,1
C00002122,G0001897,2026-10-18 08:21:12,control,no_connect,23.4,0
C00002123,G0001898,2026-10-18 09:05:43,test,no_connect,185.0,0
C00002124,G0001899,2026-10-18 16:05:04,test,requirement_unconfirmed,131.6,1
C00002125,G0001900,2026-10-18 15:04:21,control,particular_seller_only,52.7,1
C00002126,G0001901,2026-10-18 12:09:52,control,buylead_created,101.2,1
C00002127,G0001901,2026-10-18 23:09:52,control,other,5.7,1
C00002128,G0001902,2026-10-18 11:32:50,control,buylead_created,57.2,1
C00002129,G0001903,2026-10-18 16:41:29,control,buylead_created,46.9,1
C00002130,G0001904,2026-10-18 12:27:39,control,no_connect,3.2,0
C00002131,G0001905,2026-10-18 19:12:12,test,requirement_unconfirmed,46.7,1
C00002132,G0001906,2026-10-18 16:53:56,test,buylead_created,26.6,1
C00002133,G0001907,2026-10-18 12:10:41,test,no_connect,184.4,0
C00002134,G0001908,2026-10-18 10:35:13,test,particular_seller_only,51.9,1
C00002135,G0001908,2026-10-19 09:35:13,test,other,183.9,1
C00002136,G0001909,2026-10-18 17:56:59,control,buylead_created,4.3,1
C00002137,G0001909,2026-10-19 15:56:59,control,other,84.0,1
C00002138,G0001910,2026-10-18 11:28:20,control,requirement_unconfirmed,37.2,1
C00002139,G0001911,2026-10-18 08:28:37,control,buylead_created,172.5,1
C00002140,G0001912,2026-10-18 11:15:21,control,requirement_unconfirmed,52.7,1
C00002141,G0001913,2026-10-18 17:32:16,control,requirement_unconfirmed,103.7,1
C00002142,G0001914,2026-10-18 08:24:21,control,particular_seller_only,40.6,1
C00002143,G0001915,2026-10-18 16:20:12,test,buylead_created,71.0,1
C00002144,G0001916,2026-10-18 12:46:47,control,no_requirement,54.0,1
C00002145,G0001917,2026-10-18 12:45:29,test,no_requirement,1.4,1
C00002146,G0001918,2026-10-18 18:42:24,control,buylead_created,42.5,1
C00002147,G0001919,2026-10-18 17:39:38,control,buylead_created,77.8,1
C00002148,G0001920,2026-10-18 16:45:31,control,buylead_created,39.6,1
C00002149,G0001920,2026-10-19 05:45:31,control,other,3.1,1
C00002150,G0001921,2026-10-18 08:55:41,control,requirement_unconfirmed,46.4,1
C00002151,G0001921,2026-10-19 01:55:41,control,other,94.8,1
C00002152,G0001922,2026-10-18 17:35:34,test,other,10.5,1
C00002153,G0001923,2026-10-18 14:57:14,control,no_connect,30.8,0
C00002154,G0001924,2026-10-18 09:30:58,control,no_requirement,95.3,1
C00002155,G0001925,2026-10-18 12:51:25,test,buylead_created,6.2,1
C00002156,G0001926,2026-10-18 15:02:50,control,no_requirement,23.0,1
C00002157,G0001927,2026-10-18 15:26:12,control,no_connect,12.2,0
C00002158,G0001928,2026-10-18 14:39:22,test,requirement_unconfirmed,145.2,1
C00002159,G0001929,2026-10-18 17:47:53,control,no_requirement,73.9,1
C00002160,G0001930,2026-10-18 17:22:24,control,particular_seller_only,18.6,1
C00002161,G0001931,2026-10-18 11:48:49,control,buylead_created,77.5,1
C00002162,G0001932,2026-10-18 15:56:59,control,particular_seller_only,51.7,1
C00002163,G0001933,2026-10-18 10:00:33,test,no_requirement,93.4,1
C00002164,G0001934,2026-10-18 08:58:44,control,buylead_created,92.5,1
C00002165,G0001934,2026-10-19 00:58:44,control,other,88.6,1
C00002166,G0001935,2026-10-18 12:26:11,control,buylead_created,54.1,1
C00002167,G0001936,2026-10-18 13:14:18,test,requirement_unconfirmed,81.4,1
C00002168,G0001937,2026-10-18 10:13:54,control,no_requirement,73.4,1
C00002169,G0001938,2026-10-18 10:10:42,control,buylead_created,119.4,1
C00002170,G0001939,2026-10-18 12:22:43,control,no_connect,61.6,0
C00002171,G0001939,2026-10-18 23:22:43,control,other,82.3,1
C00002172,G0001940,2026-10-18 09:03:23,control,particular_seller_only,100.8,1
C00002173,G0001941,2026-10-18 17:22:42,test,buylead_created,59.5,1
C00002174,G0001942,2026-10-18 18:42:12,control,buylead_created,73.4,1
C00002175,G0001943,2026-10-18 18:02:46,control,buylead_created,10.9,1
C00002176,G0001944,2026-10-18 08:11:31,control,buylead_created,83.3,1
C00002177,G0001945,2026-10-18 16:42:02,control,requirement_unconfirmed,95.5,1
C00002178,G0001946,2026-10-18 10:24:44,control,buylead_created,52.4,1
C00002179,G0001947,2026-10-18 16:00:03,control,other,1.7,1
C00002180,G0001948,2026-10-18 18:07:44,control,buylead_created,10.2,1
C00002181,G0001949,2026-10-18 18:12:22,control,buylead_created,56.0,1
C00002182,G0001950,2026-10-18 10:55:14,control,requirement_unconfirmed,7.5,1
C00002183,G0001951,2026-10-18 13:56:44,control,buylead_created,78.2,1
C00002184,G0001952,2026-10-18 09:00:28,control,buylead_created,20.6,1
C00002185,G0001953,2026-10-18 15:48:06,test,particular_seller_only,78.5,1
C00002186,G0001954,2026-10-18 15:51:58,control,buylead_created,47.2,1
C00002187,G0001955,2026-10-18 18:27:47,control,no_requirement,153.4,1
C00002188,G0001956,2026-10-18 14:00:34,control,requirement_unconfirmed,10.2,1
C00002189,G0001957,2026-10-18 09:20:42,control,particular_seller_only,192.7,1
C00002190,G0001958,2026-10-18 13:53:15,control,particular_seller_only,108.9,1
C00002191,G0001959,2026-10-18 08:12:25,control,particular_seller_only,131.5,1
C00002192,G0001960,2026-10-18 16:24:41,control,buylead_created,88.8,1
C00002193,G0001961,2026-10-18 18:16:18,control,buylead_created,140.5,1
C00002194,G0001962,2026-10-18 17:19:45,control,no_requirement,5.0,1
C00002195,G0001963,2026-10-18 19:58:54,test,particular_seller_only,83.4,1
C00002196,G0001964,2026-10-18 15:03:23,test,buylead_created,145.2,1
C00002197,G0001965,2026-10-18 16:23:43,control,buylead_created,130.0,1
C00002198,G0001965,2026-10-19 14:23:43,control,other,95.0,1
C00002199,G0001966,2026-10-18 13:37:06,control,buylead_created,8.8,1
C00002200,G0001967,2026-10-18 13:04:02,test,buylead_created,158.8,1
C00002201,G0001968,2026-10-18 14:51:40,test,no_connect,47.5,0
C00002202,G0001969,2026-10-18 13:35:09,control,particular_seller_only,55.6,1
C00002203,G0001970,2026-10-18 09:08:38,control,buylead_created,77.0,1
C00002204,G0001971,2026-10-18 15:04:01,test,buylead_created,97.2,1
C00002205,G0001972,2026-10-18 12:30:28,control,particular_seller_only,26.6,1
C00002206,G0001973,2026-10-18 10:40:16,control,buylead_created,46.5,1
C00002207,G0001974,2026-10-18 18:00:37,control,requirement_unconfirmed,8.6,1
C00002208,G0001975,2026-10-18 13:17:09,test,requirement_unconfirmed,112.0,1
C00002209,G0001976,2026-10-18 10:09:59,control,no_requirement,78.5,1
C00002210,G0001977,2026-10-18 14:28:12,test,buylead_created,44.4,1
C00002211,G0001977,2026-10-19 04:28:12,test,other,67.0,1
C00002212,G0001978,2026-10-18 14:52:26,test,,51.1,1
C00002213,G0001979,2026-10-18 11:22:12,test,buylead_created,95.2,1
C00002214,G0001980,2026-10-18 18:01:16,control,requirement_unconfirmed,105.6,1
C00002215,G0001980,2026-10-19 01:01:16,control,other,59.5,1
C00002216,G0001981,2026-10-18 09:38:17,control,buylead_created,60.1,1
C00002217,G0001981,2026-10-19 14:38:17,control,other,23.9,1
C00002218,G0001982,2026-10-18 11:34:16,test,no_requirement,62.5,1
C00002219,G0001983,2026-10-18 13:15:47,control,buylead_created,111.2,1
C00002220,G0001984,2026-10-18 10:57:21,control,requirement_unconfirmed,72.3,1
C00002221,G0001985,2026-10-18 11:39:06,control,buylead_created,9.4,1
C00002222,G0001986,2026-10-18 13:02:16,test,buylead_created,76.2,1
C00002223,G0001987,2026-10-18 16:21:14,test,other,82.5,1
C00002224,G0001988,2026-10-18 09:25:25,control,buylead_created,116.2,1
C00002225,G0001989,2026-10-18 15:55:31,control,requirement_unconfirmed,25.0,1
C00002226,G0001990,2026-10-18 15:51:07,control,buylead_created,148.2,1
C00002227,G0001991,2026-10-18 12:41:46,control,requirement_unconfirmed,78.7,1
C00002228,G0001992,2026-10-18 19:50:47,control,buylead_created,43.2,1
C00002229,G0001993,2026-10-18 15:15:07,control,buylead_created,8.2,1
C00002230,G0001994,2026-10-18 11:48:57,test,buylead_created,112.7,1
C00002231,G0001995,2026-10-18 10:18:00,control,buylead_created,10.6,1
C00002232,G0001996,2026-10-18 11:08:10,control,buylead_created,254.5,1
C00002233,G0001997,2026-10-18 18:41:09,control,buylead_created,53.9,1
C00002234,G0001998,2026-10-18 09:11:13,control,buylead_created,11.8,1
C00002235,G0001999,2026-10-18 10:55:34,test,buylead_created,26.6,1
C00002236,G0002000,2026-10-18 17:23:37,test,no_requirement,57.4,1
C00002237,G0002001,2026-10-18 09:59:38,control,buylead_created,94.6,1
C00002238,G0002002,2026-10-18 19:36:18,control,no_requirement,57.0,1
C00002239,G0002003,2026-10-18 12:31:16,control,no_connect,93.6,0
C00002240,G0002003,2026-10-19 12:31:16,control,other,63.6,1
C00002241,G0002004,2026-10-18 14:42:33,control,particular_seller_only,17.9,1
C00002242,G0002005,2026-10-18 17:47:53,test,buylead_created,70.3,1
C00002243,G0002006,2026-10-18 11:12:11,test,no_requirement,89.7,1
C00002244,G0002006,2026-10-19 12:12:11,test,other,20.6,1
C00002245,G0002007,2026-10-18 08:06:27,control,particular_seller_only,25.6,1
C00002246,G0002008,2026-10-18 11:28:27,control,requirement_unconfirmed,53.8,1
C00002247,G0002009,2026-10-18 14:15:25,test,buylead_created,69.1,1
C00002248,G0002010,2026-10-18 09:51:48,control,requirement_unconfirmed,112.2,1
C00002249,G0002011,2026-10-18 18:42:12,control,other,0.5,1
C00002250,G0002012,2026-10-18 15:37:37,control,buylead_created,55.2,1
C00002251,G0002013,2026-10-18 12:41:47,control,no_requirement,8.1,1
C00002252,G0002014,2026-10-18 15:22:22,control,requirement_unconfirmed,17.5,1
C00002253,G0002014,2026-10-19 20:22:22,control,other,1.4,1
C00002254,G0002015,2026-10-18 18:24:27,test,requirement_unconfirmed,14.0,1
C00002255,G0002016,2026-10-18 15:29:58,test,buylead_created,50.8,1
C00002256,G0002017,2026-10-18 17:35:01,control,no_requirement,56.6,1
C00002257,G0002018,2026-10-18 18:47:32,control,buylead_created,54.1,1
C00002258,G0002019,2026-10-18 08:13:02,control,buylead_created,3.2,1
C00002259,G0002020,2026-10-18 13:32:52,control,no_requirement,44.4,1
C00002260,G0002021,2026-10-18 19:25:13,control,buylead_created,47.2,1
C00002261,G0002022,2026-10-18 19:40:17,test,requirement_unconfirmed,8.6,1
C00002262,G0002023,2026-10-18 10:07:41,control,buylead_created,92.5,1
C00002263,G0002024,2026-10-18 13:07:26,control,buylead_created,24.8,1
C00002264,G0002024,2026-10-18 18:07:26,control,other,53.9,1
C00002265,G0002025,2026-10-18 12:18:43,control,no_requirement,83.3,1
C00002266,G0002025,2026-10-19 01:18:43,control,other,88.8,1
C00002267,G0002026,2026-10-18 10:58:59,control,no_requirement,1.4,1
C00002268,G0002027,2026-10-18 16:28:02,control,particular_seller_only,0.9,1
C00002269,G0002027,2026-10-19 11:28:02,control,other,1.4,1
C00002270,G0002028,2026-10-18 09:40:14,control,no_requirement,46.7,1
C00002271,G0002029,2026-10-18 14:14:33,control,buylead_created,84.0,1
C00002272,G0002030,2026-10-18 15:51:38,control,buylead_created,64.8,1
C00002273,G0002031,2026-10-18 11:13:58,control,no_connect,0.5,0
C00002274,G0002032,2026-10-18 10:49:08,control,buylead_created,49.4,1
C00002275,G0002033,2026-10-18 19:24:08,control,buylead_created,116.1,1
C00002276,G0002034,2026-10-18 10:09:28,control,no_connect,76.2,0
C00002277,G0002035,2026-10-18 12:30:32,control,no_connect,66.5,0
C00002278,G0002036,2026-10-18 12:31:44,control,no_requirement,55.0,1
C00002279,G0002037,2026-10-18 11:18:47,control,buylead_created,144.4,1
C00002280,G0002038,2026-10-18 08:26:14,control,no_requirement,79.8,1
C00002281,G0002039,2026-10-18 13:05:28,control,buylead_created,87.7,1
C00002282,G0002040,2026-10-18 18:57:11,test,buylead_created,88.5,1
C00002283,G0002041,2026-10-18 11:09:36,control,buylead_created,28.6,1
C00002284,G0002042,2026-10-18 10:26:30,control,buylead_created,68.4,1
C00002285,G0002043,2026-10-18 17:12:18,control,buylead_created,17.1,1
C00002286,G0002044,2026-10-18 11:39:20,test,no_requirement,82.2,1
C00002287,G0002045,2026-10-18 10:33:59,test,buylead_created,63.8,1
C00002288,G0002045,2026-10-18 19:33:59,test,other,160.1,1
C00002289,G0002046,2026-10-18 12:47:49,test,no_requirement,1.7,1
C00002290,G0002047,2026-10-18 12:52:10,test,no_requirement,59.3,1
C00002291,G0002048,2026-10-18 16:11:19,control,buylead_created,148.2,1
C00002292,G0002049,2026-10-18 15:54:45,control,requirement_unconfirmed,182.6,1
C00002293,G0002050,2026-10-18 14:17:35,control,buylead_created,56.7,1
C00002294,G0002050,2026-10-19 17:17:35,control,other,4.3,1
C00002295,G0002051,2026-10-18 18:46:21,control,no_connect,95.5,0
C00002296,G0002051,2026-10-19 20:46:21,control,other,119.7,1
C00002297,G0002052,2026-10-18 17:16:57,test,no_requirement,19.9,1
C00002298,G0002053,2026-10-18 19:33:10,test,buylead_created,28.1,1
C00002299,G0002054,2026-10-18 18:44:48,test,buylead_created,39.5,1
C00002300,G0002055,2026-10-18 19:29:08,control,particular_seller_only,41.5,1
C00002301,G0002056,2026-10-18 09:40:04,test,buylead_created,61.0,1
C00002302,G0002057,2026-10-18 09:24:27,test,particular_seller_only,35.1,1
C00002303,G0002058,2026-10-18 11:08:21,test,buylead_created,119.0,1
C00002304,G0002059,2026-10-18 11:58:26,control,no_requirement,56.0,1
C00002305,G0002060,2026-10-18 12:31:06,control,buylead_created,54.7,1
C00002306,G0002061,2026-10-18 18:30:25,test,buylead_created,62.5,1
C00002307,G0002062,2026-10-18 12:47:43,control,particular_seller_only,65.0,1
C00002308,G0002063,2026-10-18 16:26:05,control,requirement_unconfirmed,78.2,1
C00002309,G0002064,2026-10-18 13:37:28,control,requirement_unconfirmed,3.0,1
C00002310,G0002065,2026-10-18 08:34:33,control,buylead_created,36.6,1
C00002311,G0002066,2026-10-18 15:58:11,test,requirement_unconfirmed,53.4,1
C00002312,G0002067,2026-10-18 11:36:48,control,buylead_created,58.0,1
C00002313,G0002068,2026-10-18 10:07:33,control,requirement_unconfirmed,64.0,1
C00002314,G0002069,2026-10-18 11:57:46,control,no_requirement,5.3,1
C00002315,G0002070,2026-10-18 12:58:50,test,requirement_unconfirmed,85.6,1
C00002316,G0002071,2026-10-18 12:06:51,control,requirement_unconfirmed,140.0,1
C00002317,G0002072,2026-10-18 18:24:47,test,buylead_created,87.3,1
C00002318,G0002073,2026-10-18 10:05:54,test,no_requirement,41.2,1
C00002319,G0002074,2026-10-18 10:45:52,control,no_requirement,89.5,1
C00002320,G0002075,2026-10-18 16:27:47,test,no_requirement,82.7,1
C00002321,G0002076,2026-10-18 09:17:19,control,buylead_created,83.5,1
C00002322,G0002077,2026-10-18 19:44:38,control,buylead_created,64.4,1
C00002323,G0002078,2026-10-18 13:25:17,control,buylead_created,101.0,1
C00002324,G0002079,2026-10-18 10:12:35,test,particular_seller_only,105.4,1
C00002325,G0002080,2026-10-18 18:18:15,control,particular_seller_only,70.8,1
C00002326,G0002081,2026-10-18 10:00:47,control,buylead_created,8.1,1
C00002327,G0002082,2026-10-18 18:55:14,control,buylead_created,0.9,1
C00002328,G0002083,2026-10-18 08:53:26,test,buylead_created,82.4,1
C00002329,G0002084,2026-10-18 19:48:32,control,particular_seller_only,77.5,1
C00002330,G0002085,2026-10-18 13:20:31,test,buylead_created,80.9,1
C00002331,G0002086,2026-10-18 09:02:21,control,buylead_created,17.1,1
C00002332,G0002087,2026-10-18 08:01:58,control,buylead_created,119.7,1
C00002333,G0002088,2026-10-18 12:09:02,control,no_requirement,148.2,1
C00002334,G0002089,2026-10-18 14:45:51,test,buylead_created,74.7,1
C00002335,G0002090,2026-10-18 18:10:11,test,buylead_created,56.0,1
C00002336,G0002091,2026-10-18 13:58:39,control,buylead_created,92.5,1
C00002337,G0002092,2026-10-18 08:01:19,control,buylead_created,63.8,1
C00002338,G0002093,2026-10-18 11:17:08,control,no_requirement,171.9,1
C00002339,G0002094,2026-10-18 17:34:31,control,requirement_unconfirmed,70.3,1
C00002340,G0002095,2026-10-18 17:42:30,test,buylead_created,62.5,1
C00002341,G0002096,2026-10-18 18:46:16,control,buylead_created,49.9,1
C00002342,G0002097,2026-10-18 14:25:38,control,buylead_created,78.4,1
C00002343,G0002098,2026-10-18 15:35:46,test,no_connect,145.9,0
C00002344,G0002099,2026-10-18 15:29:25,test,buylead_created,70.6,1
C00002345,G0002100,2026-10-19 11:03:08,control,no_requirement,24.6,1
C00002346,G0002101,2026-10-19 10:40:54,control,particular_seller_only,73.2,1
C00002347,G0002102,2026-10-19 13:57:00,control,requirement_unconfirmed,131.6,1
C00002348,G0002103,2026-10-19 18:54:38,control,buylead_created,46.5,1
C00002349,G0002104,2026-10-19 12:22:03,control,buylead_created,101.0,1
C00002350,G0002105,2026-10-19 19:18:33,control,requirement_unconfirmed,24.9,1
C00002351,G0002106,2026-10-19 18:52:28,control,requirement_unconfirmed,109.7,1
C00002352,G0002107,2026-10-19 10:49:12,control,buylead_created,67.1,1
C00002353,G0002108,2026-10-19 17:30:50,test,particular_seller_only,90.1,1
C00002354,G0002109,2026-10-19 10:09:55,control,buylead_created,46.7,1
C00002355,G0002110,2026-10-19 15:20:54,control,buylead_created,18.6,1
C00002356,G0002111,2026-10-19 19:09:26,control,no_requirement,6.2,1
C00002357,G0002112,2026-10-19 10:16:53,control,requirement_unconfirmed,91.2,1
C00002358,G0002113,2026-10-19 12:52:45,control,requirement_unconfirmed,77.4,1
C00002359,G0002114,2026-10-19 10:00:02,control,buylead_created,120.6,1
C00002360,G0002115,2026-10-19 17:45:29,control,other,102.0,1
C00002361,G0002116,2026-10-19 19:27:34,control,no_requirement,70.3,1
C00002362,G0002117,2026-10-19 17:16:35,control,no_connect,79.5,0
C00002363,G0002118,2026-10-19 08:24:03,control,no_connect,103.7,0
C00002364,G0002119,2026-10-19 14:25:49,test,other,108.9,1
C00002365,G0002120,2026-10-19 08:24:27,control,no_connect,153.4,0
C00002366,G0002120,2026-10-19 15:24:27,control,other,99.6,1
C00002367,G0002121,2026-10-19 19:07:30,control,no_connect,90.2,0
C00002368,G0002122,2026-10-19 19:00:13,control,buylead_created,4.2,1
C00002369,G0002122,2026-10-19 21:00:13,control,other,0.6,1
C00002370,G0002123,2026-10-19 17:39:52,control,buylead_created,98.8,1
C00002371,G0002124,2026-10-19 14:41:06,control,buylead_created,77.1,1
C00002372,G0002125,2026-10-19 15:49:10,control,buylead_created,25.6,1
C00002373,G0002126,2026-10-19 15:25:17,control,particular_seller_only,21.4,1
C00002374,G0002127,2026-10-19 12:32:58,control,buylead_created,83.5,1
C00002375,G0002128,2026-10-19 13:03:54,control,buylead_created,15.5,1
C00002376,G0002129,2026-10-19 16:48:14,control,buylead_created,60.0,1
C00002377,G0002130,2026-10-19 12:23:19,test,particular_seller_only,57.5,1
C00002378,G0002130,2026-10-19 22:23:19,test,other,121.5,1
C00002379,G0002131,2026-10-19 11:36:46,control,requirement_unconfirmed,63.8,1
C00002380,G0002132,2026-10-19 13:47:21,test,particular_seller_only,78.9,1
C00002381,G0002133,2026-10-19 19:50:43,control,buylead_created,105.3,1
C00002382,G0002134,2026-10-19 11:35:22,control,requirement_unconfirmed,56.7,1
C00002383,G0002135,2026-10-19 08:06:06,control,no_requirement,21.5,1
C00002384,G0002135,2026-10-20 09:06:06,control,other,83.6,1
C00002385,G0002136,2026-10-19 16:03:29,test,buylead_created,92.5,1
C00002386,G0002137,2026-10-19 11:52:50,control,buylead_created,65.4,1
C00002387,G0002138,2026-10-19 18:43:16,test,other,254.5,1
C00002388,G0002139,2026-10-19 09:40:15,control,buylead_created,52.4,1
C00002389,G0002140,2026-10-19 12:57:03,control,other,57.2,1
C00002390,G0002141,2026-10-19 15:14:23,control,requirement_unconfirmed,65.1,1
C00002391,G0002142,2026-10-19 10:51:14,control,no_requirement,72.9,1
C00002392,G0002143,2026-10-19 17:59:13,control,requirement_unconfirmed,25.1,1
C00002393,G0002144,2026-10-19 08:03:49,control,requirement_unconfirmed,23.0,1
C00002394,G0002145,2026-10-19 14:48:59,test,buylead_created,19.4,1
C00002395,G0002146,2026-10-19 09:45:30,control,requirement_unconfirmed,91.5,1
C00002396,G0002147,2026-10-19 18:00:03,control,buylead_created,126.2,1
C00002397,G0002148,2026-10-19 16:16:56,test,no_requirement,73.2,1
C00002398,G0002149,2026-10-19 17:37:26,test,particular_seller_only,119.7,1
C00002399,G0002150,2026-10-19 18:50:41,control,buylead_created,56.6,1
C00002400,G0002151,2026-10-19 19:48:49,control,buylead_created,2.6,1
C00002401,G0002152,2026-10-19 12:29:54,test,buylead_created,80.6,1
C00002402,G0002153,2026-10-19 12:36:14,control,no_connect,0.3,0
C00002403,G0002154,2026-10-19 10:42:12,control,requirement_unconfirmed,148.2,1
C00002404,G0002155,2026-10-19 14:54:45,control,buylead_created,78.9,1
C00002405,G0002156,2026-10-19 19:29:09,control,buylead_created,83.4,1
C00002406,G0002157,2026-10-19 17:08:07,test,buylead_created,199.8,1
C00002407,G0002158,2026-10-19 18:29:32,control,buylead_created,30.8,1
C00002408,G0002159,2026-10-19 19:01:08,test,buylead_created,86.4,1
C00002409,G0002160,2026-10-19 14:03:19,test,buylead_created,0.5,1
C00002410,G0002161,2026-10-19 12:55:53,control,buylead_created,88.8,1
C00002411,G0002162,2026-10-19 14:49:36,control,no_requirement,67.1,1
C00002412,G0002163,2026-10-19 16:02:00,control,other,101.6,1
C00002413,G0002164,2026-10-19 12:16:31,control,buylead_created,185.0,1
C00002414,G0002165,2026-10-19 10:13:19,test,particular_seller_only,1.4,1
C00002415,G0002166,2026-10-19 15:40:15,test,requirement_unconfirmed,110.2,1
C00002416,G0002167,2026-10-19 09:47:52,test,no_requirement,46.4,1
C00002417,G0002168,2026-10-19 16:26:58,test,requirement_unconfirmed,100.9,1
C00002418,G0002169,2026-10-19 08:59:05,test,other,66.0,1
C00002419,G0002170,2026-10-19 19:19:41,control,particular_seller_only,93.4,1
C00002420,G0002171,2026-10-19 11:32:56,control,no_requirement,83.6,1
C00002421,G0002172,2026-10-19 17:00:19,control,buylead_created,176.8,1
C00002422,G0002173,2026-10-19 17:26:04,test,buylead_created,12.7,1
C00002423,G0002174,2026-10-19 12:32:10,control,buylead_created,71.0,1
C00002424,G0002174,2026-10-20 10:32:10,control,other,91.4,1
C00002425,G0002175,2026-10-19 13:20:59,control,no_connect,139.2,0
C00002426,G0002176,2026-10-19 15:43:15,control,buylead_created,2.1,1
C00002427,G0002177,2026-10-19 08:04:46,control,requirement_unconfirmed,51.9,1
C00002428,G0002177,2026-10-19 10:04:46,control,other,92.5,1
C00002429,G0002178,2026-10-19 09:38:07,control,requirement_unconfirmed,25.5,1
C00002430,G0002179,2026-10-19 18:23:24,control,buylead_created,73.9,1
C00002431,G0002180,2026-10-19 10:40:56,control,buylead_created,60.8,1
C00002432,G0002181,2026-10-19 18:52:18,control,requirement_unconfirmed,69.1,1
C00002433,G0002181,2026-10-20 20:52:18,control,other,40.6,1
C00002434,G0002182,2026-10-19 16:13:56,control,no_requirement,93.6,1
C00002435,G0002183,2026-10-19 18:07:07,control,particular_seller_only,109.7,1
C00002436,G0002184,2026-10-19 14:00:47,test,buylead_created,63.2,1
C00002437,G0002185,2026-10-19 10:16:45,control,buylead_created,113.3,1
C00002438,G0002186,2026-10-19 19:45:31,test,requirement_unconfirmed,17.1,1
C00002439,G0002187,2026-10-19 18:08:14,test,buylead_created,3.7,1
C00002440,G0002188,2026-10-19 19:48:56,control,requirement_unconfirmed,92.0,1
C00002441,G0002189,2026-10-19 10:08:45,test,buylead_created,46.7,1
C00002442,G0002190,2026-10-19 15:10:47,test,buylead_created,69.0,1
C00002443,G0002191,2026-10-19 14:36:15,control,buylead_created,53.2,1
C00002444,G0002192,2026-10-19 18:34:28,control,other,44.1,1
C00002445,G0002193,2026-10-19 15:18:33,control,buylead_created,86.4,1
C00002446,G0002194,2026-10-19 18:47:42,test,buylead_created,107.1,1
C00002447,G0002195,2026-10-19 12:25:04,test,buylead_created,134.2,1
C00002448,G0002196,2026-10-19 11:38:59,test,no_connect,5.7,0
C00002449,G0002196,2026-10-19 18:38:59,test,other,134.9,1
C00002450,G0002197,2026-10-19 18:16:54,control,buylead_created,43.2,1
C00002451,G0002198,2026-10-19 19:04:00,control,buylead_created,23.9,1
C00002452,G0002199,2026-10-19 19:32:28,test,particular_seller_only,59.5,1
C00002453,G0002200,2026-10-19 14:08:40,control,no_requirement,91.2,1
C00002454,G0002201,2026-10-19 12:31:58,test,requirement_unconfirmed,61.3,1
C00002455,G0002202,2026-10-19 11:36:51,control,no_connect,61.2,0
C00002456,G0002203,2026-10-19 08:02:18,test,particular_seller_only,19.4,1
C00002457,G0002204,2026-10-19 13:33:33,test,no_requirement,55.0,1
C00002458,G0002205,2026-10-19 08:18:32,control,buylead_created,43.5,1
C00002459,G0002206,2026-10-19 08:01:20,control,buylead_created,139.2,1
C00002460,G0002207,2026-10-19 19:54:12,control,no_requirement,5.0,1
C00002461,G0002208,2026-10-19 15:09:32,test,requirement_unconfirmed,79.5,1
C00002462,G0002209,2026-10-19 13:30:25,control,particular_seller_only,16.6,1
C00002463,G0002210,2026-10-19 18:39:57,control,buylead_created,47.8,1
C00002464,G0002211,2026-10-19 19:53:27,control,buylead_created,81.5,1
C00002465,G0002212,2026-10-19 15:15:53,control,requirement_unconfirmed,20.6,1
C00002466,G0002213,2026-10-19 16:34:40,control,buylead_created,0.3,1
C00002467,G0002214,2026-10-19 10:15:37,control,buylead_created,58.4,1
C00002468,G0002215,2026-10-19 09:06:51,control,buylead_created,90.9,1
C00002469,G0002216,2026-10-19 13:44:00,control,buylead_created,64.4,1
C00002470,G0002216,2026-10-19 20:44:00,control,other,73.9,1
C00002471,G0002217,2026-10-19 10:26:28,control,requirement_unconfirmed,27.3,1
C00002472,G0002218,2026-10-19 12:14:07,test,requirement_unconfirmed,309.2,1
C00002473,G0002219,2026-10-19 10:11:10,control,requirement_unconfirmed,32.1,1
C00002474,G0002220,2026-10-19 08:13:44,control,requirement_unconfirmed,43.8,1
C00002475,G0002221,2026-10-19 19:05:03,test,buylead_created,55.6,1
C00002476,G0002222,2026-10-19 17:13:46,control,particular_seller_only,158.8,1
C00002477,G0002223,2026-10-19 16:01:14,control,buylead_created,60.9,1
C00002478,G0002224,2026-10-19 15:28:43,control,other,33.3,1
C00002479,G0002225,2026-10-19 09:23:42,control,particular_seller_only,28.7,1
C00002480,G0002226,2026-10-19 14:30:15,test,particular_seller_only,77.2,1
C00002481,G0002227,2026-10-19 11:54:52,control,buylead_created,103.7,1
C00002482,G0002228,2026-10-19 17:56:24,test,other,1.3,1
C00002483,G0002228,2026-10-19 21:56:24,test,other,162.9,1
C00002484,G0002229,2026-10-19 16:41:51,control,particular_seller_only,1.9,1
C00002485,G0002230,2026-10-19 15:56:04,test,no_requirement,110.7,1
C00002486,G0002231,2026-10-19 11:32:08,control,buylead_created,78.8,1
C00002487,G0002232,2026-10-19 12:36:56,control,requirement_unconfirmed,83.2,1
C00002488,G0002233,2026-10-19 09:06:15,control,requirement_unconfirmed,17.7,1
C00002489,G0002234,2026-10-19 10:45:43,test,buylead_created,41.0,1
C00002490,G0002235,2026-10-19 09:05:59,test,buylead_created,100.2,1
C00002491,G0002236,2026-10-19 17:09:35,control,requirement_unconfirmed,49.5,1
C00002492,G0002237,2026-10-19 17:34:55,control,buylead_created,47.5,1
C00002493,G0002238,2026-10-19 14:46:08,control,buylead_created,112.6,1
C00002494,G0002238,2026-10-20 02:46:08,control,other,131.5,1
C00002495,G0002239,2026-10-19 17:56:30,test,requirement_unconfirmed,61.1,1
C00002496,G0002240,2026-10-19 11:03:51,control,buylead_created,112.0,1
C00002497,G0002241,2026-10-19 12:47:53,control,buylead_created,38.1,1
C00002498,G0002242,2026-10-19 18:55:03,control,no_requirement,92.0,1
C00002499,G0002242,2026-10-20 07:55:03,control,other,114.3,1
C00002500,G0002243,2026-10-19 17:34:58,test,requirement_unconfirmed,36.6,1
C00002501,G0002244,2026-10-19 08:59:32,control,buylead_created,61.0,1
C00002502,G0002245,2026-10-19 11:24:41,test,no_requirement,55.2,1
C00002503,G0002246,2026-10-19 12:55:49,control,particular_seller_only,116.1,1
C00002504,G0002247,2026-10-19 14:29:06,control,buylead_created,82.4,1
C00002505,G0002248,2026-10-19 11:43:06,test,requirement_unconfirmed,67.0,1
C00002506,G0002249,2026-10-19 17:17:07,control,buylead_created,70.0,1
C00002507,G0002250,2026-10-19 16:18:48,control,particular_seller_only,40.6,1
C00002508,G0002251,2026-10-19 16:40:33,control,buylead_created,68.4,1
C00002509,G0002252,2026-10-19 15:26:05,test,buylead_created,100.2,1
C00002510,G0002253,2026-10-19 16:43:34,control,buylead_created,106.6,1
C00002511,G0002253,2026-10-20 00:43:34,control,other,77.6,1
C00002512,G0002254,2026-10-19 15:42:13,test,buylead_created,83.2,1
C00002513,G0002255,2026-10-19 18:43:48,test,buylead_created,20.6,1
C00002514,G0002256,2026-10-19 13:37:36,control,no_connect,150.1,0
C00002515,G0002257,2026-10-19 13:56:28,control,no_requirement,42.4,1
C00002516,G0002258,2026-10-19 09:35:24,control,particular_seller_only,183.9,1
C00002517,G0002259,2026-10-19 18:26:24,test,buylead_created,309.2,1
C00002518,G0002260,2026-10-19 17:25:35,control,buylead_created,10.0,1
C00002519,G0002261,2026-10-19 12:34:23,control,no_requirement,55.6,1
C00002520,G0002262,2026-10-19 18:39:10,control,buylead_created,91.3,1
C00002521,G0002263,2026-10-19 12:17:23,test,buylead_created,91.4,1
C00002522,G0002264,2026-10-19 19:20:45,control,other,130.0,1
C00002523,G0002265,2026-10-19 13:51:46,test,buylead_created,81.3,1
C00002524,G0002266,2026-10-19 11:19:49,control,buylead_created,158.0,1
C00002525,G0002267,2026-10-19 17:57:37,control,requirement_unconfirmed,34.0,1
C00002526,G0002268,2026-10-19 14:42:03,control,buylead_created,105.4,1
C00002527,G0002268,2026-10-19 17:42:03,control,other,1.6,1
C00002528,G0002269,2026-10-19 08:01:32,control,no_connect,175.2,0
C00002529,G0002270,2026-10-19 16:35:40,test,buylead_created,61.9,1
C00002530,G0002271,2026-10-19 16:46:11,control,requirement_unconfirmed,176.4,1
C00002531,G0002272,2026-10-19 19:00:28,control,other,92.6,1
C00002532,G0002273,2026-10-19 09:00:22,control,requirement_unconfirmed,53.5,1
C00002533,G0002274,2026-10-19 19:02:16,control,requirement_unconfirmed,97.3,1
C00002534,G0002275,2026-10-19 12:51:01,test,no_requirement,62.0,1
C00002535,G0002276,2026-10-19 17:32:35,control,no_requirement,92.5,1
C00002536,G0002277,2026-10-19 10:44:35,control,buylead_created,78.1,1
C00002537,G0002278,2026-10-19 19:23:18,control,buylead_created,66.7,1
C00002538,G0002278,2026-10-20 01:23:18,control,other,17.9,1
C00002539,G0002279,2026-10-19 17:10:37,control,buylead_created,102.0,1
C00002540,G0002280,2026-10-19 19:16:09,control,buylead_created,55.2,1
C00002541,G0002281,2026-10-19 09:10:30,control,no_requirement,134.5,1
C00002542,G0002282,2026-10-19 14:51:49,control,no_connect,64.0,0
C00002543,G0002283,2026-10-19 11:24:27,control,no_requirement,42.8,1
C00002544,G0002283,2026-10-20 01:24:27,control,other,91.7,1
C00002545,G0002284,2026-10-19 15:44:48,test,buylead_created,70.1,1
C00002546,G0002285,2026-10-19 13:58:19,control,buylead_created,148.2,1
C00002547,G0002286,2026-10-19 11:30:37,test,no_requirement,61.3,1
C00002548,G0002287,2026-10-19 16:14:30,control,buylead_created,79.1,1
C00002549,G0002287,2026-10-19 22:14:30,control,other,83.2,1
C00002550,G0002288,2026-10-19 14:04:12,control,requirement_unconfirmed,1.4,1
C00002551,G0002289,2026-10-19 17:39:04,control,no_requirement,5.0,1
C00002552,G0002290,2026-10-19 19:14:47,test,no_requirement,1.7,1
C00002553,G0002291,2026-10-19 09:57:17,test,no_requirement,79.3,1
C00002554,G0002292,2026-10-19 17:08:01,control,buylead_created,91.3,1
C00002555,G0002293,2026-10-19 12:56:57,control,no_requirement,78.2,1
C00002556,G0002294,2026-10-19 08:20:30,control,buylead_created,5.2,1
C00002557,G0002295,2026-10-19 19:32:57,control,buylead_created,70.3,1
C00002558,G0002296,2026-10-19 11:15:35,control,requirement_unconfirmed,90.3,1
C00002559,G0002297,2026-10-19 18:57:54,control,no_connect,42.5,0
C00002560,G0002298,2026-10-19 11:09:35,test,buylead_created,63.6,1
C00002561,G0002299,2026-10-19 18:15:52,test,buylead_created,0.4,1
C00002562,G0002300,2026-10-19 19:16:35,control,other,73.2,1
C00002563,G0002301,2026-10-19 18:23:48,test,buylead_created,15.5,1
C00002564,G0002302,2026-10-19 12:39:56,test,buylead_created,107.9,1
C00002565,G0002303,2026-10-19 17:50:19,control,no_requirement,19.3,1
C00002566,G0002304,2026-10-19 15:51:50,control,requirement_unconfirmed,66.1,1
C00002567,G0002305,2026-10-19 13:29:06,control,requirement_unconfirmed,54.3,1
C00002568,G0002306,2026-10-19 14:10:02,test,no_connect,105.6,0
C00002569,G0002307,2026-10-19 12:21:35,control,particular_seller_only,15.8,1
C00002570,G0002308,2026-10-19 19:33:22,control,requirement_unconfirmed,69.3,1
C00002571,G0002309,2026-10-19 15:06:41,control,requirement_unconfirmed,67.5,1
C00002572,G0002310,2026-10-19 18:33:16,control,particular_seller_only,4.9,1
C00002573,G0002311,2026-10-19 09:19:29,test,buylead_created,62.9,1
C00002574,G0002312,2026-10-19 19:10:58,control,other,145.9,1
C00002575,G0002313,2026-10-19 17:10:35,test,no_requirement,53.9,1
C00002576,G0002314,2026-10-19 18:58:27,control,no_requirement,44.4,1
C00002577,G0002315,2026-10-19 18:12:19,control,buylead_created,68.6,1
C00002578,G0002316,2026-10-19 16:02:30,control,buylead_created,0.5,1
C00002579,G0002317,2026-10-19 16:16:22,control,buylead_created,161.5,1
C00002580,G0002318,2026-10-19 13:23:05,control,buylead_created,12.8,1
C00002581,G0002319,2026-10-19 10:57:47,test,no_requirement,83.6,1
C00002582,G0002319,2026-10-19 13:57:47,test,other,93.3,1
C00002583,G0002320,2026-10-19 14:02:33,control,no_connect,75.9,0
C00002584,G0002321,2026-10-19 12:20:36,test,buylead_created,88.8,1
C00002585,G0002322,2026-10-19 09:15:49,control,requirement_unconfirmed,55.7,1
C00002586,G0002323,2026-10-19 11:19:52,test,buylead_created,131.6,1
C00002587,G0002324,2026-10-19 17:50:28,control,buylead_created,85.6,1
C00002588,G0002325,2026-10-19 11:36:26,control,requirement_unconfirmed,121.5,1
C00002589,G0002326,2026-10-19 19:59:11,control,requirement_unconfirmed,22.0,1
C00002590,G0002327,2026-10-19 10:31:58,control,particular_seller_only,88.8,1
C00002591,G0002328,2026-10-19 09:21:18,test,particular_seller_only,33.0,1
C00002592,G0002329,2026-10-19 08:36:25,control,particular_seller_only,28.4,1
C00002593,G0002330,2026-10-19 10:33:40,test,requirement_unconfirmed,76.5,1
C00002594,G0002331,2026-10-19 16:35:26,control,,82.5,1
C00002595,G0002332,2026-10-19 10:44:36,test,buylead_created,113.3,1
C00002596,G0002333,2026-10-19 08:11:24,control,no_connect,55.6,0
C00002597,G0002334,2026-10-19 08:10:03,control,buylead_created,40.6,1
C00002598,G0002334,2026-10-19 13:10:03,control,other,3.7,1
C00002599,G0002335,2026-10-19 10:31:32,control,no_requirement,65.0,1
C00002600,G0002336,2026-10-19 10:48:08,control,buylead_created,78.2,1
C00002601,G0002337,2026-10-19 08:00:17,control,requirement_unconfirmed,70.3,1
C00002602,G0002338,2026-10-19 11:02:02,control,buylead_created,58.6,1
C00002603,G0002339,2026-10-19 10:26:05,control,requirement_unconfirmed,77.5,1
C00002604,G0002340,2026-10-19 13:08:50,control,particular_seller_only,52.4,1
C00002605,G0002341,2026-10-19 18:53:25,control,no_connect,75.3,0
C00002606,G0002342,2026-10-19 17:41:59,control,particular_seller_only,158.3,1
C00002607,G0002343,2026-10-19 14:36:51,control,no_requirement,68.0,1
C00002608,G0002344,2026-10-19 10:14:26,test,buylead_created,89.5,1
C00002609,G0002345,2026-10-19 13:25:59,control,buylead_created,60.8,1
C00002610,G0002346,2026-10-19 12:07:33,control,buylead_created,16.6,1
C00002611,G0002347,2026-10-19 18:06:04,control,buylead_created,77.6,1
C00002612,G0002348,2026-10-19 17:50:05,control,no_connect,5.0,0
C00002613,G0002349,2026-10-19 12:30:12,control,other,64.4,1
C00002614,G0002350,2026-10-19 17:25:23,control,no_requirement,80.9,1
C00002615,G0002351,2026-10-19 14:28:15,test,buylead_created,9.4,1
C00002616,G0002352,2026-10-19 11:41:07,test,no_requirement,72.2,1
C00002617,G0002353,2026-10-19 08:00:07,test,requirement_unconfirmed,38.1,1
C00002618,G0002354,2026-10-19 15:55:43,control,particular_seller_only,71.0,1
C00002619,G0002355,2026-10-19 11:06:28,control,no_requirement,25.6,1
C00002620,G0002356,2026-10-19 14:54:43,test,buylead_created,48.0,1
C00002621,G0002357,2026-10-19 12:58:41,test,requirement_unconfirmed,35.3,1
C00002622,G0002358,2026-10-19 18:50:10,control,no_requirement,119.4,1
C00002623,G0002359,2026-10-19 15:39:45,control,buylead_created,64.0,1
C00002624,G0002360,2026-10-19 15:31:02,test,particular_seller_only,96.9,1
C00002625,G0002361,2026-10-19 11:53:57,control,particular_seller_only,24.8,1
C00002626,G0002362,2026-10-19 11:29:39,control,requirement_unconfirmed,0.7,1
C00002627,G0002363,2026-10-19 14:31:58,control,no_requirement,46.5,1
C00002628,G0002364,2026-10-19 08:19:03,control,requirement_unconfirmed,129.7,1
C00002629,G0002365,2026-10-19 12:03:01,control,requirement_unconfirmed,195.9,1
C00002630,G0002366,2026-10-19 09:45:26,control,particular_seller_only,102.2,1
C00002631,G0002367,2026-10-19 16:36:54,control,no_requirement,26.6,1
C00002632,G0002368,2026-10-19 08:29:13,control,buylead_created,59.3,1
C00002633,G0002369,2026-10-19 11:31:29,test,no_connect,185.0,0
C00002634,G0002370,2026-10-19 09:34:56,control,no_requirement,91.9,1
C00002635,G0002371,2026-10-19 13:26:48,test,buylead_created,106.6,1
C00002636,G0002372,2026-10-19 08:25:04,control,buylead_created,44.1,1
C00002637,G0002373,2026-10-19 09:04:38,control,particular_seller_only,52.4,1
C00002638,G0002374,2026-10-19 17:25:12,control,buylead_created,10.9,1
C00002639,G0002375,2026-10-19 12:00:35,control,requirement_unconfirmed,31.4,1
C00002640,G0002375,2026-10-20 02:00:35,control,other,89.8,1
C00002641,G0002376,2026-10-19 13:58:08,control,no_requirement,111.3,1
C00002642,G0002377,2026-10-19 10:19:20,control,buylead_created,108.9,1
C00002643,G0002378,2026-10-19 10:13:10,control,no_requirement,169.9,1
C00002644,G0002379,2026-10-19 14:52:52,test,other,8.2,1
C00002645,G0002380,2026-10-19 10:51:28,test,buylead_created,126.2,1
C00002646,G0002381,2026-10-19 10:14:40,C,buylead_created,36.6,1
C00002647,G0002382,2026-10-19 09:44:59,control,requirement_unconfirmed,34.0,1
C00002648,G0002383,2026-10-19 17:17:21,control,requirement_unconfirmed,77.0,1
C00002649,G0002384,2026-10-19 19:48:07,control,no_requirement,1.4,1
C00002650,G0002385,2026-10-19 10:17:07,control,buylead_created,99.9,1
C00002651,G0002386,2026-10-19 13:20:22,control,no_connect,60.3,0
C00002652,G0002387,2026-10-19 12:35:02,control,buylead_created,121.2,1
C00002653,G0002388,2026-10-19 11:16:27,test,buylead_created,142.8,1
C00002654,G0002389,2026-10-19 10:45:36,control,no_connect,1.3,0
C00002655,G0002390,2026-10-19 08:19:34,test,requirement_unconfirmed,8.2,1
C00002656,G0002390,2026-10-19 17:19:34,test,other,1.6,1
C00002657,G0002391,2026-10-19 19:42:39,control,buylead_created,93.6,1
C00002658,G0002392,2026-10-19 10:03:19,control,buylead_created,91.9,1
C00002659,G0002393,2026-10-19 10:53:38,control,requirement_unconfirmed,47.6,1
C00002660,G0002394,2026-10-19 09:11:04,test,requirement_unconfirmed,8.4,1
C00002661,G0002395,2026-10-19 17:35:52,control,no_requirement,22.0,1
C00002662,G0002396,2026-10-19 16:42:09,test,no_connect,12.2,0
C00002663,G0002397,2026-10-19 19:59:59,control,other,5.3,1
C00002664,G0002398,2026-10-19 10:54:39,control,no_requirement,61.0,1
C00002665,G0002399,2026-10-19 11:48:32,control,buylead_created,82.4,1
C00002666,G0002400,2026-10-20 11:02:06,control,particular_seller_only,119.0,1
C00002667,G0002401,2026-10-20 12:07:04,control,no_requirement,17.7,1
C00002668,G0002402,2026-10-20 19:08:35,test,buylead_created,188.4,1
C00002669,G0002403,2026-10-20 10:22:41,control,buylead_created,158.0,1
C00002670,G0002404,2026-10-20 19:43:12,test,buylead_created,60.8,1
C00002671,G0002404,2026-10-21 20:43:12,test,other,90.3,1
C00002672,G0002405,2026-10-20 19:45:20,control,buylead_created,62.2,1
C00002673,G0002406,2026-10-20 09:19:22,test,no_connect,66.5,0
C00002674,G0002407,2026-10-20 14:04:12,control,buylead_created,118.2,1
C00002675,G0002407,2026-10-20 22:04:12,control,other,17.7,1
C00002676,G0002408,2026-10-20 08:22:30,control,buylead_created,79.0,1
C00002677,G0002409,2026-10-20 10:16:10,control,no_connect,90.1,0
C00002678,G0002410,2026-10-20 16:31:44,control,buylead_created,0.6,1
C00002679,G0002411,2026-10-20 13:11:36,test,particular_seller_only,93.0,1
C00002680,G0002412,2026-10-20 11:42:01,control,requirement_unconfirmed,147.5,1
C00002681,G0002413,2026-10-20 17:56:22,control,particular_seller_only,24.8,1
C00002682,G0002414,2026-10-20 14:07:31,control,requirement_unconfirmed,9.7,1
C00002683,G0002415,2026-10-20 10:44:40,control,particular_seller_only,76.5,1
C00002684,G0002416,2026-10-20 16:37:05,control,other,117.2,1
C00002685,G0002417,2026-10-20 13:15:32,test,no_requirement,64.8,1
C00002686,G0002418,2026-10-20 12:23:41,control,buylead_created,86.9,1
C00002687,G0002419,2026-10-20 12:50:59,control,no_connect,139.2,0
C00002688,G0002420,2026-10-20 10:02:54,control,buylead_created,50.3,1
C00002689,G0002421,2026-10-20 13:51:08,test,no_requirement,46.5,1
C00002690,G0002422,2026-10-20 18:33:53,test,no_requirement,56.7,1
C00002691,G0002423,2026-10-20 11:12:51,control,buylead_created,85.5,1
C00002692,G0002424,2026-10-20 14:26:24,control,buylead_created,10.6,1
C00002693,G0002425,2026-10-20 17:55:34,control,requirement_unconfirmed,97.2,1
C00002694,G0002426,2026-10-20 17:03:57,control,no_requirement,89.7,1
C00002695,G0002426,2026-10-21 18:03:57,control,other,13.2,1
C00002696,G0002427,2026-10-20 11:21:16,test,buylead_created,60.0,1
C00002697,G0002428,2026-10-20 15:04:53,control,buylead_created,106.6,1
C00002698,G0002429,2026-10-20 12:57:39,test,no_requirement,37.2,1
C00002699,G0002429,2026-10-21 13:57:39,test,other,54.1,1
C00002700,G0002430,2026-10-20 09:46:22,test,buylead_created,1.2,1
C00002701,G0002431,2026-10-20 09:08:56,control,particular_seller_only,77.5,1
C00002702,G0002432,2026-10-20 17:16:28,test,buylead_created,3.5,1
C00002703,G0002433,2026-10-20 11:04:33,test,buylead_created,54.3,1
C00002704,G0002434,2026-10-20 08:16:31,control,particular_seller_only,43.8,1
C00002705,G0002435,2026-10-20 18:13:42,control,no_connect,0.6,0
C00002706,G0002436,2026-10-20 13:59:06,test,particular_seller_only,95.8,1
C00002707,G0002436,2026-10-21 13:59:06,test,other,82.3,1
C00002708,G0002437,2026-10-20 16:08:40,control,requirement_unconfirmed,125.1,1
C00002709,G0002438,2026-10-20 16:35:27,control,buylead_created,100.8,1
C00002710,G0002439,2026-10-20 17:07:08,control,particular_seller_only,62.2,1
C00002711,G0002440,2026-10-20 15:53:48,control,particular_seller_only,60.6,1
C00002712,G0002441,2026-10-20 19:09:14,control,buylead_created,144.4,1
C00002713,G0002442,2026-10-20 15:02:44,control,no_requirement,73.9,1
C00002714,G0002443,2026-10-20 13:04:46,control,no_requirement,53.2,1
C00002715,G0002444,2026-10-20 12:28:23,control,no_requirement,49.5,1
C00002716,G0002445,2026-10-20 10:20:29,control,buylead_created,115.9,1
C00002717,G0002446,2026-10-20 12:37:17,control,particular_seller_only,15.8,1
C00002718,G0002447,2026-10-20 19:26:56,control,particular_seller_only,63.9,1
C00002719,G0002448,2026-10-20 13:28:14,control,particular_seller_only,0.5,1
C00002720,G0002449,2026-10-20 12:34:59,control,buylead_created,112.7,1
C00002721,G0002450,2026-10-20 18:35:02,control,buylead_created,35.3,1
C00002722,G0002451,2026-10-20 15:07:43,control,buylead_created,22.0,1
C00002723,G0002452,2026-10-20 12:06:24,control,particular_seller_only,14.5,1
C00002724,G0002453,2026-10-20 17:10:07,test,buylead_created,92.5,1
C00002725,G0002454,2026-10-20 11:37:50,test,buylead_created,116.2,1
C00002726,G0002454,2026-10-20 21:37:50,test,other,15.5,1
C00002727,G0002455,2026-10-20 12:32:07,control,particular_seller_only,82.4,1
C00002728,G0002456,2026-10-20 15:23:53,control,buylead_created,160.1,1
C00002729,G0002457,2026-10-20 09:47:55,control,buylead_created,103.7,1
C00002730,G0002458,2026-10-20 16:48:12,test,no_requirement,88.7,1
C00002731,G0002459,2026-10-20 16:50:01,control,no_requirement,61.1,1
C00002732,G0002460,2026-10-20 08:52:32,control,particular_seller_only,164.6,1
C00002733,G0002460,2026-10-21 12:52:32,control,other,0.6,1
C00002734,G0002461,2026-10-20 14:00:43,test,no_requirement,89.0,1
C00002735,G0002462,2026-10-20 09:25:33,test,no_requirement,46.7,1
C00002736,G0002463,2026-10-20 16:09:38,control,other,24.6,1
C00002737,G0002464,2026-10-20 16:15:33,test,buylead_created,60.9,1
C00002738,G0002465,2026-10-20 15:29:24,control,requirement_unconfirmed,33.0,1
C00002739,G0002466,2026-10-20 10:30:24,control,no_connect,22.8,0
C00002740,G0002467,2026-10-20 16:15:02,control,buylead_created,4.9,1
C00002741,G0002468,2026-10-20 11:53:26,control,buylead_created,89.1,1
C00002742,G0002469,2026-10-20 19:44:31,control,no_requirement,120.2,1
C00002743,G0002469,2026-10-21 00:44:31,control,other,3.2,1
C00002744,G0002470,2026-10-20 17:36:40,test,buylead_created,79.3,1
C00002745,G0002471,2026-10-20 08:27:50,test,particular_seller_only,38.8,1
C00002746,G0002472,2026-10-20 11:39:59,test,requirement_unconfirmed,76.5,1
C00002747,G0002473,2026-10-20 17:07:52,control,buylead_created,54.8,1
C00002748,G0002473,2026-10-21 20:07:52,control,other,94.8,1
C00002749,G0002474,2026-10-20 19:17:47,control,requirement_unconfirmed,88.7,1
C00002750,G0002475,2026-10-20 14:53:20,control,no_connect,21.4,0
C00002751,G0002476,2026-10-20 09:48:53,control,buylead_created,10.2,1
C00002752,G0002476,2026-10-20 14:48:53,control,other,109.7,1
C00002753,G0002477,2026-10-20 16:31:09,test,buylead_created,182.6,1
C00002754,G0002478,2026-10-20 11:30:46,test,no_requirement,47.8,1
C00002755,G0002479,2026-10-20 15:15:54,control,no_requirement,86.9,1
C00002756,G0002480,2026-10-20 10:05:47,control,buylead_created,72.3,1
C00002757,G0002481,2026-10-20 11:45:18,control,no_requirement,55.6,1
C00002758,G0002482,2026-10-20 16:38:51,control,buylead_created,4.2,1
C00002759,G0002483,2026-10-20 18:08:01,control,buylead_created,5.0,1
C00002760,G0002484,2026-10-20 11:38:25,control,other,66.0,1
C00002761,G0002485,2026-10-20 14:19:36,control,requirement_unconfirmed,112.6,1
C00002762,G0002486,2026-10-20 19:01:30,test,particular_seller_only,82.2,1
C00002763,G0002487,2026-10-20 15:16:11,control,requirement_unconfirmed,80.2,1
C00002764,G0002488,2026-10-20 10:28:47,control,buylead_created,4.2,1
C00002765,G0002489,2026-10-20 10:34:25,control,requirement_unconfirmed,36.6,1
C00002766,G0002490,2026-10-20 09:51:53,control,buylead_created,1.9,1
C00002767,G0002490,2026-10-21 03:51:53,control,other,148.2,1
C00002768,G0002491,2026-10-20 12:10:00,control,buylead_created,68.4,1
C00002769,G0002492,2026-10-20 14:43:38,test,buylead_created,61.1,1
C00002770,G0002493,2026-10-20 13:42:53,control,no_requirement,62.5,1
C00002771,G0002494,2026-10-20 15:18:45,control,requirement_unconfirmed,84.0,1
C00002772,G0002495,2026-10-20 11:15:10,control,particular_seller_only,38.8,1
C00002773,G0002496,2026-10-20 15:44:33,control,particular_seller_only,25.5,1
C00002774,G0002497,2026-10-20 11:52:12,test,buylead_created,25.8,1
C00002775,G0002498,2026-10-20 16:31:42,control,no_requirement,47.1,1
C00002776,G0002499,2026-10-20 18:53:46,test,requirement_unconfirmed,4.8,1
C00002777,G0002500,2026-10-20 19:24:20,control,buylead_created,66.1,1
C00002778,G0002501,2026-10-20 09:35:54,control,no_requirement,61.0,1
C00002779,G0002501,2026-10-21 03:35:54,control,other,43.2,1
C00002780,G0002502,2026-10-20 11:43:22,control,no_requirement,57.7,1
C00002781,G0002503,2026-10-20 16:19:51,control,buylead_created,5.2,1
C00002782,G0002503,2026-10-21 10:19:51,control,other,60.6,1
C00002783,G0002504,2026-10-20 15:31:11,control,particular_seller_only,79.3,1
C00002784,G0002505,2026-10-20 09:44:51,control,no_requirement,134.5,1
C00002785,G0002506,2026-10-20 14:11:42,control,other,60.8,1
C00002786,G0002506,2026-10-20 18:11:42,control,other,64.4,1
C00002787,G0002507,2026-10-20 12:05:44,control,buylead_created,87.7,1
C00002788,G0002508,2026-10-20 19:36:17,control,particular_seller_only,47.2,1
C00002789,G0002509,2026-10-20 10:12:08,test,no_requirement,61.5,1
C00002790,G0002510,2026-10-20 18:54:03,control,requirement_unconfirmed,24.8,1
C00002791,G0002511,2026-10-20 08:03:21,control,particular_seller_only,82.7,1
C00002792,G0002512,2026-10-20 08:40:36,test,no_requirement,65.0,1
C00002793,G0002513,2026-10-20 09:40:29,control,buylead_created,36.6,1
C00002794,G0002514,2026-10-20 17:55:05,control,no_requirement,24.3,1
C00002795,G0002515,2026-10-20 10:35:45,control,buylead_created,14.9,1
C00002796,G0002516,2026-10-20 18:09:13,control,buylead_created,68.3,1
C00002797,G0002517,2026-10-20 19:56:59,control,other,79.5,1
C00002798,G0002518,2026-10-20 08:53:32,test,other,81.3,1
C00002799,G0002519,2026-10-20 14:16:13,control,buylead_created,100.6,1
C00002800,G0002519,2026-10-20 23:16:13,control,other,35.9,1
C00002801,G0002520,2026-10-20 16:11:38,test,buylead_created,77.5,1
C00002802,G0002521,2026-10-20 11:02:04,control,requirement_unconfirmed,134.2,1
C00002803,G0002522,2026-10-20 18:52:16,control,no_requirement,62.9,1
C00002804,G0002523,2026-10-20 16:26:23,control,requirement_unconfirmed,22.2,1
C00002805,G0002523,2026-10-21 10:26:23,control,other,81.2,1
C00002806,G0002524,2026-10-20 16:28:18,control,requirement_unconfirmed,10.2,1
C00002807,G0002525,2026-10-20 16:55:14,control,buylead_created,63.7,1
C00002808,G0002525,2026-10-21 06:55:14,control,other,10.2,1
C00002809,G0002526,2026-10-20 13:36:26,control,buylead_created,98.8,1
C00002810,G0002527,2026-10-20 14:58:39,control,buylead_created,88.8,1
C00002811,G0002527,2026-10-21 08:58:39,control,other,90.8,1
C00002812,G0002528,2026-10-20 11:47:12,test,buylead_created,3.1,1
C00002813,G0002529,2026-10-20 18:24:06,control,buylead_created,117.2,1
C00002814,G0002530,2026-10-20 17:18:46,test,buylead_created,42.0,1
C00002815,G0002531,2026-10-20 13:05:32,control,buylead_created,110.7,1
C00002816,G0002532,2026-10-20 18:30:19,control,requirement_unconfirmed,83.4,1
C00002817,G0002533,2026-10-20 14:51:09,control,no_requirement,66.1,1
C00002818,G0002534,2026-10-20 10:47:27,control,buylead_created,8.6,1
C00002819,G0002535,2026-10-20 15:26:17,control,buylead_created,69.0,1
C00002820,G0002536,2026-10-20 15:02:29,test,buylead_created,62.9,1
C00002821,G0002537,2026-10-20 16:15:58,test,no_requirement,79.3,1
C00002822,G0002538,2026-10-20 11:48:56,test,requirement_unconfirmed,61.2,1
C00002823,G0002539,2026-10-20 16:25:24,control,requirement_unconfirmed,82.7,1
C00002824,G0002540,2026-10-20 16:18:12,control,buylead_created,63.6,1
C00002825,G0002541,2026-10-20 13:04:26,control,no_requirement,24.3,1
C00002826,G0002542,2026-10-20 09:49:13,control,buylead_created,5.7,1
C00002827,G0002543,2026-10-20 12:36:03,control,buylead_created,76.6,1
C00002828,G0002544,2026-10-20 09:37:25,control,buylead_created,70.8,1
C00002829,G0002544,2026-10-20 19:37:25,control,other,61.9,1
C00002830,G0002545,2026-10-20 19:38:48,test,buylead_created,49.0,1
C00002831,G0002546,2026-10-20 08:04:31,control,buylead_created,5.7,1
C00002832,G0002547,2026-10-20 10:31:36,control,requirement_unconfirmed,13.8,1
C00002833,G0002548,2026-10-20 12:22:17,test,buylead_created,7.5,1
C00002834,G0002549,2026-10-20 15:14:00,C,particular_seller_only,121.5,1
C00002835,G0002550,2026-10-20 10:28:46,test,buylead_created,59.3,1
C00002836,G0002551,2026-10-20 11:07:09,control,buylead_created,56.7,1
C00002837,G0002552,2026-10-20 13:10:33,test,buylead_created,49.5,1
C00002838,G0002552,2026-10-21 16:10:33,test,other,72.2,1
C00002839,G0002553,2026-10-20 08:58:40,control,buylead_created,104.1,1
C00002840,G0002554,2026-10-20 12:47:16,control,requirement_unconfirmed,61.3,1
C00002841,G0002555,2026-10-20 15:59:24,control,buylead_created,112.0,1
C00002842,G0002556,2026-10-20 17:30:54,control,requirement_unconfirmed,21.4,1
C00002843,G0002556,2026-10-21 17:30:54,control,other,97.3,1
C00002844,G0002557,2026-10-20 14:00:21,control,buylead_created,123.7,1
C00002845,G0002558,2026-10-20 08:17:04,control,buylead_created,124.6,1
C00002846,G0002559,2026-10-20 15:12:05,control,particular_seller_only,109.7,1
C00002847,G0002559,2026-10-21 03:12:05,control,other,5.3,1
C00002848,G0002560,2026-10-20 19:40:20,control,other,36.0,1
C00002849,G0002561,2026-10-20 12:03:48,control,buylead_created,90.9,1
C00002850,G0002562,2026-10-20 09:26:24,control,no_requirement,76.3,1
C00002851,G0002563,2026-10-20 18:50:04,control,requirement_unconfirmed,24.5,1
C00002852,G0002564,2026-10-20 10:54:57,control,buylead_created,118.9,1
C00002853,G0002565,2026-10-20 19:09:25,control,buylead_created,83.5,1
C00002854,G0002566,2026-10-20 14:46:49,control,requirement_unconfirmed,4.9,1
C00002855,G0002567,2026-10-20 13:47:01,control,buylead_created,69.0,1
C00002856,G0002568,2026-10-20 13:02:59,control,buylead_created,59.3,1
C00002857,G0002568,2026-10-21 11:02:59,control,other,83.4,1
C00002858,G0002569,2026-10-20 12:41:03,control,buylead_created,80.6,1
C00002859,G0002570,2026-10-20 15:17:39,control,no_connect,13.8,0
C00002860,G0002571,2026-10-20 18:47:11,control,buylead_created,24.8,1
C00002861,G0002572,2026-10-20 09:59:18,control,particular_seller_only,103.7,1
C00002862,G0002572,2026-10-21 01:59:18,control,other,0.9,1
C00002863,G0002573,2026-10-20 14:38:52,control,buylead_created,67.1,1
C00002864,G0002574,2026-10-20 17:09:32,control,requirement_unconfirmed,43.2,1
C00002865,G0002575,2026-10-20 10:24:48,control,buylead_created,57.2,1
C00002866,G0002575,2026-10-21 07:24:48,control,other,4.2,1
C00002867,G0002576,2026-10-20 19:19:21,control,buylead_created,37.2,1
C00002868,G0002577,2026-10-20 12:13:10,test,no_requirement,25.5,1
C00002869,G0002578,2026-10-20 10:05:58,control,particular_seller_only,119.7,1
C00002870,G0002579,2026-10-20 09:12:41,test,no_connect,158.8,0
C00002871,G0002580,2026-10-20 13:33:28,control,particular_seller_only,109.4,1
C00002872,G0002581,2026-10-20 17:46:49,test,buylead_created,55.6,1
C00002873,G0002582,2026-10-20 10:40:40,control,no_requirement,109.7,1
C00002874,G0002583,2026-10-20 14:55:37,test,no_requirement,69.1,1
C00002875,G0002584,2026-10-20 15:42:37,control,no_requirement,46.7,1
C00002876,G0002585,2026-10-20 18:28:49,control,buylead_created,46.9,1
C00002877,G0002586,2026-10-20 15:45:25,control,buylead_created,0.9,1
C00002878,G0002587,2026-10-20 10:09:36,control,buylead_created,75.3,1
C00002879,G0002588,2026-10-20 18:58:36,control,buylead_created,93.3,1
C00002880,G0002589,2026-10-20 17:36:41,control,requirement_unconfirmed,48.2,1
C00002881,G0002590,2026-10-20 17:27:30,test,buylead_created,80.6,1
C00002882,G0002591,2026-10-20 11:15:47,control,buylead_created,40.8,1
C00002883,G0002592,2026-10-20 16:20:02,test,requirement_unconfirmed,80.9,1
C00002884,G0002593,2026-10-20 18:04:01,control,particular_seller_only,84.0,1
C00002885,G0002594,2026-10-20 14:20:53,control,buylead_created,37.2,1
C00002886,G0002594,2026-10-21 19:20:53,control,other,66.1,1
C00002887,G0002595,2026-10-20 15:33:14,control,buylead_created,59.5,1
C00002888,G0002596,2026-10-20 17:38:33,control,no_connect,63.6,0
C00002889,G0002597,2026-10-20 10:44:03,control,particular_seller_only,17.7,1
C00002890,G0002598,2026-10-20 18:53:36,control,buylead_created,47.6,1
C00002891,G0002599,2026-10-20 18:49:27,control,buylead_created,1.3,1
C00002892,G0002600,2026-10-20 13:10:54,control,requirement_unconfirmed,21.4,1
C00002893,G0002601,2026-10-20 10:13:17,control,no_connect,227.8,0
C00002894,G0002602,2026-10-20 17:07:21,control,buylead_created,192.1,1
C00002895,G0002603,2026-10-20 13:35:58,control,no_requirement,41.5,1
C00002896,G0002604,2026-10-20 10:35:18,control,buylead_created,75.9,1
C00002897,G0002604,2026-10-20 16:35:18,control,other,74.7,1
C00002898,G0002605,2026-10-20 10:17:36,test,buylead_created,24.5,1
C00002899,G0002606,2026-10-20 08:08:15,test,buylead_created,119.4,1
C00002900,G0002607,2026-10-20 15:15:44,control,buylead_created,66.0,1
C00002901,G0002607,2026-10-21 11:15:44,control,other,74.1,1
C00002902,G0002608,2026-10-20 16:56:12,control,no_requirement,42.8,1
C00002903,G0002609,2026-10-20 19:59:42,control,particular_seller_only,72.2,1
C00002904,G0002610,2026-10-20 12:01:49,control,no_requirement,95.0,1
C00002905,G0002611,2026-10-20 14:58:48,test,buylead_created,13.4,1
C00002906,G0002611,2026-10-21 17:58:48,test,other,88.8,1
C00002907,G0002612,2026-10-20 17:07:29,test,no_connect,128.4,0
C00002908,G0002613,2026-10-20 16:34:35,control,no_requirement,58.4,1
C00002909,G0002614,2026-10-20 14:09:19,control,buylead_created,34.0,1
C00002910,G0002615,2026-10-20 09:19:40,control,no_requirement,70.8,1
C00002911,G0002616,2026-10-20 18:13:46,control,buylead_created,81.2,1
C00002912,G0002617,2026-10-20 15:13:33,test,buylead_created,96.9,1
C00002913,G0002618,2026-10-20 16:02:46,test,buylead_created,51.6,1
C00002914,G0002619,2026-10-20 19:14:17,control,buylead_created,57.0,1
C00002915,G0002620,2026-10-20 11:47:52,control,no_connect,25.6,0
C00002916,G0002621,2026-10-20 18:36:41,control,buylead_created,112.7,1
C00002917,G0002622,2026-10-20 12:24:12,control,buylead_created,71.0,1
C00002918,G0002623,2026-10-20 08:00:03,control,no_connect,58.0,0
C00002919,G0002624,2026-10-20 13:16:35,test,buylead_created,101.6,1
C00002920,G0002625,2026-10-20 10:16:56,control,requirement_unconfirmed,17.9,1
C00002921,G0002626,2026-10-20 08:57:44,control,buylead_created,79.3,1
C00002922,G0002626,2026-10-20 12:57:44,control,other,81.4,1
C00002923,G0002627,2026-10-20 11:48:30,control,particular_seller_only,57.4,1
C00002924,G0002627,2026-10-21 08:48:30,control,other,54.9,1
C00002925,G0002628,2026-10-20 11:46:14,control,buylead_created,54.7,1
C00002926,G0002629,2026-10-20 19:15:41,control,particular_seller_only,87.7,1
C00002927,G0002629,2026-10-21 13:15:41,control,other,53.6,1
C00002928,G0002630,2026-10-20 16:55:33,control,buylead_created,112.7,1
C00002929,G0002631,2026-10-20 09:55:46,test,requirement_unconfirmed,68.4,1
C00002930,G0002632,2026-10-20 19:10:55,control,buylead_created,7.6,1
C00002931,G0002633,2026-10-20 11:22:41,test,requirement_unconfirmed,94.6,1
C00002932,G0002634,2026-10-20 09:39:00,control,no_connect,88.5,0
C00002933,G0002635,2026-10-20 08:01:25,control,buylead_created,60.1,1
C00002934,G0002636,2026-10-20 10:19:09,control,buylead_created,85.5,1
C00002935,G0002637,2026-10-20 10:40:08,control,requirement_unconfirmed,109.7,1
C00002936,G0002638,2026-10-20 16:00:40,control,buylead_created,50.3,1
C00002937,G0002639,2026-10-20 08:10:02,control,buylead_created,188.4,1
C00002938,G0002640,2026-10-20 18:39:33,control,requirement_unconfirmed,45.6,1
C00002939,G0002641,2026-10-20 09:59:56,control,particular_seller_only,41.5,1
C00002940,G0002642,2026-10-20 13:01:04,control,buylead_created,89.5,1
C00002941,G0002643,2026-10-20 09:31:01,control,buylead_created,93.5,1
C00002942,G0002644,2026-10-20 08:12:40,control,buylead_created,130.2,1
C00002943,G0002645,2026-10-20 13:07:04,control,requirement_unconfirmed,55.6,1
C00002944,G0002646,2026-10-20 10:45:49,control,buylead_created,24.3,1
C00002945,G0002647,2026-10-20 10:21:08,control,other,65.1,1
C00002946,G0002647,2026-10-21 12:21:08,control,other,51.6,1
C00002947,G0002648,2026-10-20 10:10:21,test,buylead_created,62.9,1
C00002948,G0002649,2026-10-20 13:41:16,control,buylead_created,176.4,1
C00002949,G0002650,2026-10-20 10:37:12,control,buylead_created,53.2,1
C00002950,G0002651,2026-10-20 10:45:29,test,requirement_unconfirmed,33.0,1
C00002951,G0002652,2026-10-20 09:27:33,control,no_connect,65.1,0
C00002952,G0002653,2026-10-20 08:25:50,test,no_requirement,91.7,1
C00002953,G0002654,2026-10-20 18:22:28,control,buylead_created,61.6,1
C00002954,G0002655,2026-10-20 19:25:47,test,buylead_created,78.2,1
C00002955,G0002656,2026-10-20 11:19:30,test,particular_seller_only,46.4,1
C00002956,G0002657,2026-10-20 10:00:40,control,no_requirement,110.2,1
C00002957,G0002658,2026-10-20 13:56:15,test,buylead_created,24.3,1
C00002958,G0002659,2026-10-20 13:25:12,test,buylead_created,89.1,1
C00002959,G0002660,2026-10-20 08:35:10,control,particular_seller_only,70.8,1
C00002960,G0002661,2026-10-20 17:29:00,test,buylead_created,48.2,1
C00002961,G0002662,2026-10-20 11:17:37,control,buylead_created,51.7,1
C00002962,G0002663,2026-10-20 14:27:01,test,,124.4,1
C00002963,G0002663,2026-10-21 11:27:01,test,other,90.9,1
C00002964,G0002664,2026-10-20 18:30:26,control,buylead_created,100.8,1
C00002965,G0002665,2026-10-20 09:55:10,test,particular_seller_only,70.3,1
C00002966,G0002666,2026-10-20 09:39:11,test,no_requirement,118.2,1
C00002967,G0002667,2026-10-20 12:23:18,test,buylead_created,140.0,1
C00002968,G0002667,2026-10-21 12:23:18,test,other,78.4,1
C00002969,G0002668,2026-10-20 09:09:49,test,buylead_created,12.2,1
C00002970,G0002669,2026-10-20 18:29:43,test,no_requirement,29.7,1
C00002971,G0002670,2026-10-20 08:31:52,control,particular_seller_only,7.3,1
C00002972,G0002670,2026-10-21 03:31:52,control,other,91.9,1
C00002973,G0002671,2026-10-20 17:32:56,test,buylead_created,4.0,1
C00002974,G0002672,2026-10-20 17:07:11,test,buylead_created,21.3,1
C00002975,G0002673,2026-10-20 16:43:26,control,no_connect,84.0,0
C00002976,G0002674,2026-10-20 18:55:04,test,buylead_created,83.4,1
C00002977,G0002675,2026-10-20 18:58:48,control,buylead_created,41.0,1
C00002978,G0002676,2026-10-20 18:21:29,control,buylead_created,78.8,1
C00002979,G0002677,2026-10-20 19:24:49,test,no_requirement,134.5,1
C00002980,G0002678,2026-10-20 09:16:24,test,buylead_created,227.4,1
C00002981,G0002679,2026-10-20 08:42:05,control,buylead_created,70.3,1
C00002982,G0002680,2026-10-20 16:05:15,control,no_requirement,26.1,1
C00002983,G0002681,2026-10-20 16:29:16,test,requirement_unconfirmed,80.9,1
C00002984,G0002682,2026-10-20 15:02:39,test,other,14.0,1
C00002985,G0002683,2026-10-20 08:19:51,control,buylead_created,3.5,1
C00002986,G0002684,2026-10-20 17:29:58,test,requirement_unconfirmed,1.7,1
C00002987,G0002685,2026-10-20 09:15:45,control,buylead_created,46.5,1
C00002988,G0002686,2026-10-20 16:49:15,control,buylead_created,63.7,1
C00002989,G0002687,2026-10-20 13:37:30,control,buylead_created,131.6,1
C00002990,G0002688,2026-10-20 12:20:18,control,buylead_created,22.8,1
C00002991,G0002689,2026-10-20 12:19:44,test,particular_seller_only,61.6,1
C00002992,G0002690,2026-10-20 19:39:10,test,buylead_created,50.0,1
C00002993,G0002691,2026-10-20 16:16:29,control,requirement_unconfirmed,78.4,1
C00002994,G0002692,2026-10-20 10:50:16,control,requirement_unconfirmed,57.4,1
C00002995,G0002693,2026-10-20 18:48:36,control,no_requirement,94.8,1
C00002996,G0002694,2026-10-20 10:27:33,control,particular_seller_only,109.4,1
C00002997,G0002695,2026-10-20 13:23:36,control,requirement_unconfirmed,11.8,1
C00002998,G0002696,2026-10-20 11:37:54,test,requirement_unconfirmed,113.6,1
C00002999,G0002697,2026-10-20 16:28:58,control,buylead_created,72.3,1
C00003000,G0002697,2026-10-21 10:28:58,control,other,0.6,1
C00003001,G0002698,2026-10-20 13:15:17,test,particular_seller_only,96.9,1
C00003002,G0002699,2026-10-20 19:45:54,test,buylead_created,65.1,1
C00003003,G0002700,2026-10-21 17:57:11,control,buylead_created,47.1,1
C00003004,G0002701,2026-10-21 19:29:58,control,particular_seller_only,57.4,1
C00003005,G0002701,2026-10-21 22:29:58,control,other,19.9,1
C00003006,G0002702,2026-10-21 08:04:07,control,buylead_created,17.1,1
C00003007,G0002703,2026-10-21 17:36:08,test,buylead_created,80.2,1
C00003008,G0002704,2026-10-21 10:17:12,control,no_requirement,182.6,1
C00003009,G0002705,2026-10-21 10:13:00,control,no_requirement,114.3,1
C00003010,G0002706,2026-10-21 09:34:03,control,buylead_created,11.8,1
C00003011,G0002707,2026-10-21 16:57:36,control,buylead_created,93.5,1
C00003012,G0002708,2026-10-21 14:00:33,control,particular_seller_only,76.6,1
C00003013,G0002708,2026-10-22 08:00:33,control,other,25.5,1
C00003014,G0002709,2026-10-21 15:58:13,control,buylead_created,91.9,1
C00003015,G0002710,2026-10-21 08:42:34,control,buylead_created,81.4,1
C00003016,G0002710,2026-10-21 11:42:34,control,other,4.8,1
C00003017,G0002711,2026-10-21 14:07:55,control,buylead_created,15.5,1
C00003018,G0002712,2026-10-21 12:18:35,test,buylead_created,145.9,1
C00003019,G0002713,2026-10-21 12:56:44,test,requirement_unconfirmed,46.5,1
C00003020,G0002713,2026-10-22 11:56:44,test,other,49.5,1
C00003021,G0002714,2026-10-21 11:49:46,control,requirement_unconfirmed,12.7,1
C00003022,G0002715,2026-10-21 08:29:01,test,no_requirement,35.1,1
C00003023,G0002716,2026-10-21 19:05:32,control,requirement_unconfirmed,41.4,1
C00003024,G0002717,2026-10-21 18:52:55,test,buylead_created,91.7,1
C00003025,G0002718,2026-10-21 18:17:43,control,buylead_created,93.7,1
C00003026,G0002719,2026-10-21 17:30:13,control,buylead_created,24.5,1
C00003027,G0002719,2026-10-22 15:30:13,control,other,144.4,1
C00003028,G0002720,2026-10-21 13:57:24,control,no_requirement,108.4,1
C00003029,G0002721,2026-10-21 15:56:21,control,buylead_created,160.1,1
C00003030,G0002722,2026-10-21 12:12:04,test,buylead_created,42.0,1
C00003031,G0002723,2026-10-21 17:56:01,control,no_requirement,51.9,1
C00003032,G0002724,2026-10-21 12:35:32,control,buylead_created,74.7,1
C00003033,G0002725,2026-10-21 10:41:35,control,buylead_created,12.7,1
C00003034,G0002726,2026-10-21 15:36:43,test,buylead_created,43.2,1
C00003035,G0002726,2026-10-21 18:36:43,test,other,16.7,1
C00003036,G0002727,2026-10-21 09:53:00,control,buylead_created,124.6,1
C00003037,G0002728,2026-10-21 09:12:57,test,requirement_unconfirmed,65.2,1
C00003038,G0002729,2026-10-21 09:18:01,control,buylead_created,24.3,1
C00003039,G0002729,2026-10-22 01:18:01,control,other,67.1,1
C00003040,G0002730,2026-10-21 14:18:34,control,buylead_created,89.1,1
C00003041,G0002731,2026-10-21 09:43:44,control,buylead_created,74.7,1
C00003042,G0002732,2026-10-21 18:34:38,control,requirement_unconfirmed,21.4,1
C00003043,G0002733,2026-10-21 16:33:53,control,buylead_created,80.9,1
C00003044,G0002734,2026-10-21 15:39:37,test,particular_seller_only,47.2,1
C00003045,G0002735,2026-10-21 16:37:06,test,no_connect,95.8,0
C00003046,G0002736,2026-10-21 17:23:20,control,no_connect,24.3,0
C00003047,G0002737,2026-10-21 19:27:53,control,no_requirement,54.8,1
C00003048,G0002738,2026-10-21 19:22:58,control,no_requirement,73.2,1
C00003049,G0002739,2026-10-21 16:38:14,control,buylead_created,47.2,1
C00003050,G0002740,2026-10-21 12:56:31,control,buylead_created,129.7,1
C00003051,G0002741,2026-10-21 13:16:59,control,buylead_created,29.7,1
C00003052,G0002742,2026-10-21 17:20:11,control,buylead_created,107.9,1
C00003053,G0002743,2026-10-21 11:06:38,test,buylead_created,103.9,1
C00003054,G0002744,2026-10-21 12:07:16,control,buylead_created,8.2,1
C00003055,G0002745,2026-10-21 08:26:12,test,no_requirement,82.2,1
C00003056,G0002746,2026-10-21 18:53:15,control,buylead_created,73.4,1
C00003057,G0002747,2026-10-21 10:08:04,control,buylead_created,0.5,1
C00003058,G0002748,2026-10-21 16:28:17,control,no_requirement,124.6,1
C00003059,G0002749,2026-10-21 11:51:41,control,no_connect,121.5,0
C00003060,G0002750,2026-10-21 15:03:09,control,no_requirement,81.5,1
C00003061,G0002750,2026-10-22 02:03:09,control,other,92.2,1
C00003062,G0002751,2026-10-21 17:18:19,control,no_requirement,66.0,1
C00003063,G0002751,2026-10-22 22:18:19,control,other,83.6,1
C00003064,G0002752,2026-10-21 09:27:45,test,buylead_created,42.9,1
C00003065,G0002753,2026-10-21 15:39:38,control,buylead_created,47.4,1
C00003066,G0002753,2026-10-22 16:39:38,control,other,12.6,1
C00003067,G0002754,2026-10-21 09:52:57,control,buylead_created,156.6,1
C00003068,G0002755,2026-10-21 17:06:03,control,buylead_created,33.3,1
C00003069,G0002756,2026-10-21 10:02:52,control,buylead_created,158.8,1
C00003070,G0002757,2026-10-21 11:32:56,control,other,27.3,1
C00003071,G0002758,2026-10-21 16:57:43,test,particular_seller_only,28.7,1
C00003072,G0002759,2026-10-21 09:26:33,control,particular_seller_only,28.4,1
C00003073,G0002760,2026-10-21 10:59:55,control,buylead_created,10.0,1
C00003074,G0002761,2026-10-21 18:30:53,test,requirement_unconfirmed,76.5,1
C00003075,G0002762,2026-10-21 09:34:41,control,no_connect,131.5,0
C00003076,G0002763,2026-10-21 09:00:37,test,buylead_created,82.7,1
C00003077,G0002764,2026-10-21 13:12:19,control,buylead_created,94.2,1
C00003078,G0002764,2026-10-21 18:12:19,control,other,8.2,1
C00003079,G0002765,2026-10-21 16:06:07,test,buylead_created,54.8,1
C00003080,G0002765,2026-10-22 01:06:07,test,other,113.2,1
C00003081,G0002766,2026-10-21 16:09:38,control,other,41.2,1
C00003082,G0002767,2026-10-21 09:33:39,control,no_requirement,84.0,1
C00003083,G0002767,2026-10-21 11:33:39,control,other,68.4,1
C00003084,G0002768,2026-10-21 09:33:39,control,no_requirement,5.3,1
C00003085,G0002769,2026-10-21 17:27:39,control,no_requirement,99.9,1
C00003086,G0002770,2026-10-21 09:10:25,control,buylead_created,10.2,1
C00003087,G0002771,2026-10-21 15:52:28,test,no_requirement,58.0,1
C00003088,G0002772,2026-10-21 18:52:58,test,no_requirement,119.4,1
C00003089,G0002773,2026-10-21 11:07:53,control,requirement_unconfirmed,148.2,1
C00003090,G0002774,2026-10-21 12:22:57,test,buylead_created,61.1,1
C00003091,G0002775,2026-10-21 17:29:18,test,buylead_created,76.5,1
C00003092,G0002776,2026-10-21 10:55:45,control,particular_seller_only,50.6,1
C00003093,G0002777,2026-10-21 19:41:25,control,no_requirement,81.2,1
C00003094,G0002778,2026-10-21 18:37:54,control,no_requirement,14.1,1
C00003095,G0002779,2026-10-21 18:19:27,control,buylead_created,112.0,1
C00003096,G0002780,2026-10-21 13:08:42,test,particular_seller_only,47.2,1
C00003097,G0002781,2026-10-21 19:07:21,control,no_connect,52.7,0
C00003098,G0002782,2026-10-21 17:50:44,test,no_requirement,38.8,1
C00003099,G0002783,2026-10-21 19:20:36,control,no_connect,1.4,0
C00003100,G0002784,2026-10-21 09:27:11,control,particular_seller_only,54.1,1
C00003101,G0002785,2026-10-21 17:42:25,test,no_connect,79.1,0
C00003102,G0002786,2026-10-21 08:48:38,control,particular_seller_only,17.5,1
C00003103,G0002787,2026-10-21 17:26:07,control,particular_seller_only,44.9,1
C00003104,G0002788,2026-10-21 11:52:04,control,buylead_created,93.3,1
C00003105,G0002789,2026-10-21 15:20:44,control,no_connect,14.3,0
C00003106,G0002789,2026-10-22 11:20:44,control,other,18.7,1
C00003107,G0002790,2026-10-21 13:49:20,control,no_requirement,81.5,1
C00003108,G0002791,2026-10-21 16:16:38,control,buylead_created,150.1,1
C00003109,G0002792,2026-10-21 19:33:29,control,buylead_created,90.1,1
C00003110,G0002792,2026-10-22 15:33:29,control,other,62.6,1
C00003111,G0002793,2026-10-21 11:26:42,test,buylead_created,345.4,1
C00003112,G0002794,2026-10-21 17:17:07,control,buylead_created,75.3,1
C00003113,G0002795,2026-10-21 16:24:20,control,buylead_created,7.3,1
C00003114,G0002796,2026-10-21 18:56:06,control,no_requirement,36.6,1
C00003115,G0002797,2026-10-21 15:43:46,test,requirement_unconfirmed,118.3,1
C00003116,G0002797,2026-10-22 06:43:46,test,other,254.5,1
C00003117,G0002798,2026-10-21 18:23:54,control,no_requirement,61.6,1
C00003118,G0002799,2026-10-21 09:08:16,C,buylead_created,68.0,1
C00003119,G0002799,2026-10-21 15:08:16,test,other,182.2,1
C00003120,G0002800,2026-10-21 16:40:51,control,buylead_created,112.6,1
C00003121,G0002801,2026-10-21 15:02:06,control,requirement_unconfirmed,14.9,1
C00003122,G0002802,2026-10-21 08:30:09,test,no_connect,70.1,0
C00003123,G0002803,2026-10-21 16:56:23,test,buylead_created,50.6,1
C00003124,G0002803,2026-10-22 12:56:23,test,other,91.7,1
C00003125,G0002804,2026-10-21 13:38:07,test,buylead_created,3.5,1
C00003126,G0002805,2026-10-21 13:04:32,test,buylead_created,91.5,1
C00003127,G0002806,2026-10-21 13:59:26,test,requirement_unconfirmed,44.4,1
C00003128,G0002807,2026-10-21 15:53:54,control,requirement_unconfirmed,57.5,1
C00003129,G0002808,2026-10-21 16:57:25,control,buylead_created,77.4,1
C00003130,G0002809,2026-10-21 13:52:48,control,requirement_unconfirmed,66.0,1
C00003131,G0002810,2026-10-21 09:00:33,test,buylead_created,184.4,1
C00003132,G0002811,2026-10-21 10:59:53,test,buylead_created,66.5,1
C00003133,G0002812,2026-10-21 12:16:49,control,buylead_created,4.3,1
C00003134,G0002813,2026-10-21 10:13:13,control,requirement_unconfirmed,116.1,1
C00003135,G0002814,2026-10-21 12:51:40,test,buylead_created,105.3,1
C00003136,G0002815,2026-10-21 14:44:26,control,requirement_unconfirmed,169.9,1
C00003137,G0002816,2026-10-21 10:12:01,control,requirement_unconfirmed,16.7,1
C00003138,G0002817,2026-10-21 18:24:46,control,requirement_unconfirmed,24.9,1
C00003139,G0002818,2026-10-21 08:34:10,control,buylead_created,43.8,1
C00003140,G0002819,2026-10-21 17:31:00,control,buylead_created,32.1,1
C00003141,G0002820,2026-10-21 16:02:49,control,particular_seller_only,84.2,1
C00003142,G0002821,2026-10-21 13:09:55,control,buylead_created,10.2,1
C00003143,G0002822,2026-10-21 12:22:14,test,buylead_created,68.0,1
C00003144,G0002823,2026-10-21 18:11:06,control,buylead_created,64.2,1
C00003145,G0002824,2026-10-21 15:34:42,test,buylead_created,35.8,1
C00003146,G0002825,2026-10-21 14:03:34,control,buylead_created,62.6,1
C00003147,G0002826,2026-10-21 14:41:07,control,particular_seller_only,64.4,1
C00003148,G0002827,2026-10-21 17:48:12,control,buylead_created,55.6,1
C00003149,G0002828,2026-10-21 13:31:34,control,other,84.7,1
C00003150,G0002829,2026-10-21 16:29:12,control,buylead_created,26.3,1
C00003151,G0002830,2026-10-21 15:25:22,control,buylead_created,3.2,1
C00003152,G0002831,2026-10-21 15:14:26,test,other,46.9,1
C00003153,G0002832,2026-10-21 17:25:59,test,buylead_created,24.3,1
C00003154,G0002833,2026-10-21 17:09:11,control,requirement_unconfirmed,12.7,1
C00003155,G0002834,2026-10-21 08:58:24,control,requirement_unconfirmed,10.2,1
C00003156,G0002835,2026-10-21 19:30:43,control,buylead_created,109.7,1
C00003157,G0002836,2026-10-21 12:38:06,test,particular_seller_only,83.6,1
C00003158,G0002837,2026-10-21 09:10:21,control,particular_seller_only,86.9,1
C00003159,G0002838,2026-10-21 12:05:18,control,requirement_unconfirmed,77.8,1
C00003160,G0002839,2026-10-21 08:15:41,control,buylead_created,50.3,1
C00003161,G0002840,2026-10-21 09:15:08,control,buylead_created,89.1,1
C00003162,G0002841,2026-10-21 11:16:00,test,other,92.0,1
C00003163,G0002842,2026-10-21 19:16:06,control,buylead_created,67.1,1
C00003164,G0002843,2026-10-21 11:19:59,control,particular_seller_only,62.4,1
C00003165,G0002844,2026-10-21 18:34:28,control,buylead_created,156.6,1
C00003166,G0002845,2026-10-21 16:46:35,control,requirement_unconfirmed,148.2,1
C00003167,G0002846,2026-10-21 11:54:34,test,buylead_created,46.8,1
C00003168,G0002847,2026-10-21 16:54:03,control,particular_seller_only,27.3,1
C00003169,G0002848,2026-10-21 15:05:23,control,buylead_created,7.3,1
C00003170,G0002849,2026-10-21 13:17:03,control,other,1.6,1
C00003171,G0002850,2026-10-21 12:33:06,control,buylead_created,56.1,1
C00003172,G0002851,2026-10-21 12:24:26,control,particular_seller_only,119.4,1
C00003173,G0002852,2026-10-21 12:55:34,control,no_requirement,1.3,1
C00003174,G0002853,2026-10-21 14:42:57,control,requirement_unconfirmed,87.3,1
C00003175,G0002854,2026-10-21 15:55:01,test,buylead_created,96.9,1
C00003176,G0002855,2026-10-21 13:44:04,test,buylead_created,57.4,1
C00003177,G0002856,2026-10-21 12:45:44,control,no_requirement,3.2,1
C00003178,G0002857,2026-10-21 13:28:19,control,other,16.7,1
C00003179,G0002858,2026-10-21 08:41:43,control,no_connect,17.5,0
C00003180,G0002859,2026-10-21 08:55:15,control,buylead_created,93.6,1
C00003181,G0002860,2026-10-21 12:49:30,control,buylead_created,4.2,1
C00003182,G0002861,2026-10-21 17:01:57,control,no_requirement,42.0,1
C00003183,G0002862,2026-10-21 12:46:25,test,other,35.8,1
C00003184,G0002863,2026-10-21 13:08:42,control,buylead_created,0.5,1
C00003185,G0002863,2026-10-22 10:08:42,control,other,61.9,1
C00003186,G0002864,2026-10-21 15:05:21,control,buylead_created,1.4,1
C00003187,G0002865,2026-10-21 12:45:55,control,particular_seller_only,26.2,1
C00003188,G0002866,2026-10-21 08:36:11,control,no_requirement,115.9,1
C00003189,G0002867,2026-10-21 17:37:23,control,no_requirement,19.2,1
C00003190,G0002868,2026-10-21 08:29:56,control,requirement_unconfirmed,66.7,1
C00003191,G0002869,2026-10-21 16:43:37,control,buylead_created,91.2,1
C00003192,G0002870,2026-10-21 08:27:19,control,buylead_created,156.2,1
C00003193,G0002871,2026-10-21 09:34:28,control,buylead_created,156.6,1
C00003194,G0002872,2026-10-21 08:12:23,test,other,40.8,1
C00003195,G0002873,2026-10-21 13:15:49,control,buylead_created,77.0,1
C00003196,G0002874,2026-10-21 13:29:03,test,buylead_created,130.0,1
C00003197,G0002875,2026-10-21 15:17:36,test,requirement_unconfirmed,145.9,1
C00003198,G0002876,2026-10-21 16:48:11,control,requirement_unconfirmed,89.9,1
C00003199,G0002877,2026-10-21 13:31:45,control,buylead_created,10.5,1
C00003200,G0002878,2026-10-21 19:56:03,test,buylead_created,15.8,1
C00003201,G0002879,2026-10-21 16:33:01,test,buylead_created,26.6,1
C00003202,G0002879,2026-10-22 10:33:01,test,other,79.1,1
C00003203,G0002880,2026-10-21 08:03:01,control,no_requirement,28.2,1
C00003204,G0002881,2026-10-21 19:09:54,control,no_requirement,0.6,1
C00003205,G0002882,2026-10-21 16:13:53,control,buylead_created,386.6,1
C00003206,G0002883,2026-10-21 18:10:44,control,no_connect,72.2,0
C00003207,G0002883,2026-10-21 20:10:44,control,other,58.4,1
C00003208,G0002884,2026-10-21 10:30:45,test,no_requirement,72.4,1
C00003209,G0002885,2026-10-21 17:12:29,test,particular_seller_only,73.7,1
C00003210,G0002886,2026-10-21 09:09:39,control,buylead_created,12.8,1
C00003211,G0002886,2026-10-22 03:09:39,control,other,57.0,1
C00003212,G0002887,2026-10-21 19:15:30,test,buylead_created,0.6,1
C00003213,G0002888,2026-10-21 17:53:52,control,buylead_created,59.3,1
C00003214,G0002889,2026-10-21 14:42:26,test,no_requirement,53.9,1
C00003215,G0002890,2026-10-21 18:58:54,test,no_requirement,12.6,1
C00003216,G0002891,2026-10-21 15:59:15,control,particular_seller_only,78.7,1
C00003217,G0002892,2026-10-21 17:46:26,control,no_connect,13.4,0
C00003218,G0002893,2026-10-21 11:59:17,control,no_connect,72.3,0
C00003219,G0002894,2026-10-21 16:55:01,test,buylead_created,82.7,1
C00003220,G0002895,2026-10-21 15:46:54,control,requirement_unconfirmed,36.0,1
C00003221,G0002896,2026-10-21 09:43:01,control,buylead_created,176.4,1
C00003222,G0002897,2026-10-21 09:56:31,test,no_requirement,92.6,1
C00003223,G0002898,2026-10-21 08:18:36,test,no_requirement,44.9,1
C00003224,G0002899,2026-10-21 17:00:33,control,buylead_created,86.4,1
C00003225,G0002900,2026-10-21 08:02:54,control,requirement_unconfirmed,232.6,1
C00003226,G0002900,2026-10-21 10:02:54,control,other,85.6,1
C00003227,G0002901,2026-10-21 12:05:41,test,buylead_created,61.0,1
C00003228,G0002901,2026-10-22 10:05:41,test,other,8.2,1
C00003229,G0002902,2026-10-21 13:46:53,test,particular_seller_only,65.1,1
C00003230,G0002903,2026-10-21 18:19:39,test,requirement_unconfirmed,85.6,1
C00003231,G0002904,2026-10-21 16:16:39,control,no_connect,114.0,0
C00003232,G0002905,2026-10-21 09:39:01,control,buylead_created,64.8,1
C00003233,G0002906,2026-10-21 10:33:56,control,no_connect,53.5,0
C00003234,G0002907,2026-10-21 13:37:17,test,buylead_created,23.0,1
C00003235,G0002908,2026-10-21 10:52:12,control,particular_seller_only,47.6,1
C00003236,G0002909,2026-10-21 12:24:45,control,requirement_unconfirmed,73.4,1
C00003237,G0002910,2026-10-21 13:40:37,test,buylead_created,15.5,1
C00003238,G0002911,2026-10-21 09:44:01,control,no_requirement,70.3,1
C00003239,G0002912,2026-10-21 08:10:58,control,no_connect,172.5,0
C00003240,G0002913,2026-10-21 11:39:30,control,buylead_created,88.1,1
C00003241,G0002914,2026-10-21 13:27:37,control,no_requirement,42.5,1
C00003242,G0002915,2026-10-21 15:12:34,control,buylead_created,57.4,1
C00003243,G0002916,2026-10-21 16:01:09,control,buylead_created,97.3,1
C00003244,G0002916,2026-10-22 06:01:09,control,other,195.9,1
C00003245,G0002917,2026-10-21 16:59:24,control,buylead_created,94.2,1
C00003246,G0002918,2026-10-21 16:04:12,control,requirement_unconfirmed,47.8,1
C00003247,G0002919,2026-10-21 19:38:31,control,buylead_created,70.8,1
C00003248,G0002919,2026-10-22 02:38:31,control,other,7.6,1
C00003249,G0002920,2026-10-21 11:53:31,control,buylead_created,8.4,1
C00003250,G0002921,2026-10-21 14:13:09,test,requirement_unconfirmed,56.1,1
C00003251,G0002922,2026-10-21 14:28:32,C,buylead_created,67.0,1
C00003252,G0002923,2026-10-21 16:26:40,test,buylead_created,4.8,1
C00003253,G0002924,2026-10-21 18:54:18,test,buylead_created,23.7,1
C00003254,G0002925,2026-10-21 14:35:00,control,buylead_created,74.7,1
C00003255,G0002925,2026-10-22 05:35:00,control,other,92.5,1
C00003256,G0002926,2026-10-21 14:04:23,control,buylead_created,25.0,1
C00003257,G0002927,2026-10-21 17:53:24,test,requirement_unconfirmed,82.7,1
C00003258,G0002928,2026-10-21 15:23:17,control,buylead_created,88.5,1
C00003259,G0002929,2026-10-21 15:06:53,control,buylead_created,24.1,1
C00003260,G0002929,2026-10-22 16:06:53,control,other,70.8,1
C00003261,G0002930,2026-10-21 11:28:39,test,buylead_created,58.0,1
C00003262,G0002930,2026-10-21 21:28:39,test,other,110.0,1
C00003263,G0002931,2026-10-21 16:35:19,control,no_connect,60.8,0
C00003264,G0002932,2026-10-21 16:00:31,test,no_connect,113.3,0
C00003265,G0002933,2026-10-21 12:32:48,control,buylead_created,61.0,1
C00003266,G0002934,2026-10-21 08:47:04,control,buylead_created,89.1,1
C00003267,G0002935,2026-10-21 13:46:03,test,buylead_created,51.7,1
C00003268,G0002936,2026-10-21 14:49:33,control,buylead_created,95.2,1
C00003269,G0002937,2026-10-21 19:07:57,control,buylead_created,92.5,1
C00003270,G0002938,2026-10-21 16:06:25,control,no_requirement,46.7,1
C00003271,G0002939,2026-10-21 12:29:44,test,buylead_created,112.6,1
C00003272,G0002940,2026-10-21 11:54:07,test,particular_seller_only,8.6,1
C00003273,G0002941,2026-10-21 12:12:21,test,buylead_created,21.4,1
C00003274,G0002942,2026-10-21 17:29:27,control,buylead_created,96.9,1
C00003275,G0002943,2026-10-21 19:01:08,control,buylead_created,68.0,1
C00003276,G0002944,2026-10-21 15:40:56,control,requirement_unconfirmed,16.8,1
C00003277,G0002945,2026-10-21 19:01:42,test,buylead_created,57.2,1
C00003278,G0002946,2026-10-21 18:06:46,control,buylead_created,129.9,1
C00003279,G0002946,2026-10-21 22:06:46,control,other,65.2,1
C00003280,G0002947,2026-10-21 15:42:13,control,buylead_created,62.7,1
C00003281,G0002948,2026-10-21 09:26:39,control,buylead_created,13.2,1
C00003282,G0002949,2026-10-21 10:46:15,control,particular_seller_only,17.7,1
C00003283,G0002950,2026-10-21 15:59:41,control,requirement_unconfirmed,58.4,1
C00003284,G0002951,2026-10-21 14:28:57,control,requirement_unconfirmed,21.3,1
C00003285,G0002952,2026-10-21 19:31:17,control,buylead_created,61.0,1
C00003286,G0002953,2026-10-21 09:44:29,control,buylead_created,99.6,1
C00003287,G0002954,2026-10-21 09:28:12,control,buylead_created,12.2,1
C00003288,G0002955,2026-10-21 14:13:41,control,buylead_created,92.6,1
C00003289,G0002955,2026-10-22 01:13:41,control,other,54.8,1
C00003290,G0002956,2026-10-21 13:17:13,control,other,61.2,1
C00003291,G0002957,2026-10-21 18:10:29,test,buylead_created,13.8,1
C00003292,G0002958,2026-10-21 08:47:35,control,requirement_unconfirmed,60.6,1
C00003293,G0002959,2026-10-21 09:40:09,control,buylead_created,87.3,1
C00003294,G0002960,2026-10-21 12:59:28,control,no_requirement,8.6,1
C00003295,G0002961,2026-10-21 09:06:57,test,requirement_unconfirmed,67.5,1
C00003296,G0002962,2026-10-21 13:01:14,control,particular_seller_only,86.4,1
C00003297,G0002963,2026-10-21 17:59:00,test,buylead_created,150.1,1
C00003298,G0002964,2026-10-21 09:42:44,control,buylead_created,24.6,1
C00003299,G0002965,2026-10-21 09:15:01,test,buylead_created,22.8,1
C00003300,G0002966,2026-10-21 13:13:02,control,buylead_created,9.5,1
C00003301,G0002967,2026-10-21 17:19:25,control,no_requirement,94.6,1
C00003302,G0002968,2026-10-21 11:07:58,control,no_requirement,77.5,1
C00003303,G0002969,2026-10-21 13:48:32,control,buylead_created,82.9,1
C00003304,G0002970,2026-10-21 09:21:08,control,buylead_created,100.9,1
C00003305,G0002970,2026-10-22 13:21:08,control,other,204.7,1
C00003306,G0002971,2026-10-21 19:44:21,test,requirement_unconfirmed,43.8,1
C00003307,G0002972,2026-10-21 14:44:08,control,buylead_created,92.5,1
C00003308,G0002973,2026-10-21 14:47:22,control,buylead_created,172.5,1
C00003309,G0002974,2026-10-21 11:19:33,control,buylead_created,23.7,1
C00003310,G0002975,2026-10-21 08:23:34,control,buylead_created,118.9,1
C00003311,G0002976,2026-10-21 17:59:04,control,no_requirement,3.0,1
C00003312,G0002977,2026-10-21 13:25:53,control,buylead_created,75.9,1
C00003313,G0002978,2026-10-21 09:29:45,control,buylead_created,60.8,1
C00003314,G0002979,2026-10-21 19:53:04,control,buylead_created,4.8,1
C00003315,G0002979,2026-10-22 06:53:04,control,other,24.9,1
C00003316,G0002980,2026-10-21 18:21:19,control,requirement_unconfirmed,60.3,1
C00003317,G0002981,2026-10-21 19:02:14,control,buylead_created,78.1,1
C00003318,G0002981,2026-10-22 12:02:14,control,other,8.4,1
C00003319,G0002982,2026-10-21 19:51:19,test,particular_seller_only,21.4,1
C00003320,G0002983,2026-10-21 19:43:48,control,buylead_created,7.5,1
C00003321,G0002984,2026-10-21 18:59:53,control,particular_seller_only,25.5,1
C00003322,G0002985,2026-10-21 18:12:25,control,buylead_created,117.2,1
C00003323,G0002986,2026-10-21 14:28:42,control,no_requirement,25.0,1
C00003324,G0002987,2026-10-21 16:11:36,control,no_requirement,106.6,1
C00003325,G0002988,2026-10-21 11:01:06,control,buylead_created,5.3,1
C00003326,G0002989,2026-10-21 10:47:31,control,requirement_unconfirmed,50.6,1
C00003327,G0002990,2026-10-21 13:07:49,control,no_requirement,85.5,1
C00003328,G0002991,2026-10-21 14:01:02,control,no_connect,153.4,0
C00003329,G0002992,2026-10-21 17:23:07,test,buylead_created,148.2,1
C00003330,G0002993,2026-10-21 19:35:47,control,buylead_created,114.0,1
C00003331,G0002994,2026-10-21 19:24:10,control,buylead_created,79.5,1
C00003332,G0002995,2026-10-21 08:48:20,control,buylead_created,41.0,1
C00003333,G0002996,2026-10-21 17:28:32,control,no_requirement,39.5,1
C00003334,G0002997,2026-10-21 19:06:19,control,other,52.1,1
C00003335,G0002998,2026-10-21 13:16:47,control,buylead_created,70.0,1
C00003336,G0002998,2026-10-22 04:16:47,control,other,82.6,1
C00003337,G0002999,2026-10-21 17:12:10,test,buylead_created,34.0,1
C00003338,G0003000,2026-10-22 12:54:39,control,no_requirement,55.0,1
C00003339,G0003001,2026-10-22 09:56:50,control,buylead_created,68.5,1
C00003340,G0003002,2026-10-22 10:52:32,control,buylead_created,32.1,1
C00003341,G0003003,2026-10-22 10:30:50,control,no_requirement,199.8,1
C00003342,G0003003,2026-10-23 08:30:50,control,other,0.6,1
C00003343,G0003004,2026-10-22 08:32:06,control,other,88.7,1
C00003344,G0003005,2026-10-22 17:15:24,control,no_requirement,62.2,1
C00003345,G0003006,2026-10-22 16:55:59,control,buylead_created,76.2,1
C00003346,G0003007,2026-10-22 18:48:27,control,buylead_created,14.8,1
C00003347,G0003008,2026-10-22 14:26:28,control,buylead_created,227.4,1
C00003348,G0003009,2026-10-22 19:52:42,control,buylead_created,41.5,1
C00003349,G0003010,2026-10-22 18:21:12,control,particular_seller_only,120.2,1
C00003350,G0003011,2026-10-22 11:45:42,test,buylead_created,113.2,1
C00003351,G0003012,2026-10-22 08:43:40,test,requirement_unconfirmed,4.2,1
C00003352,G0003012,2026-10-22 17:43:40,test,other,43.8,1
C00003353,G0003013,2026-10-22 10:08:20,control,requirement_unconfirmed,20.6,1
C00003354,G0003014,2026-10-22 16:44:43,control,no_requirement,121.5,1
C00003355,G0003014,2026-10-22 21:44:43,control,other,93.4,1
C00003356,G0003015,2026-10-22 08:15:38,test,requirement_unconfirmed,56.1,1
C00003357,G0003015,2026-10-22 23:15:38,test,other,7.3,1
C00003358,G0003016,2026-10-22 14:11:50,control,no_connect,66.1,0
C00003359,G0003016,2026-10-22 21:11:50,C,other,52.4,1
C00003360,G0003017,2026-10-22 17:40:25,control,buylead_created,64.8,1
C00003361,G0003018,2026-10-22 10:28:50,test,buylead_created,150.1,1
C00003362,G0003019,2026-10-22 14:28:20,control,other,12.6,1
C00003363,G0003019,2026-10-23 17:28:20,control,other,102.0,1
C00003364,G0003020,2026-10-22 16:12:12,control,particular_seller_only,88.8,1
C00003365,G0003020,2026-10-22 20:12:12,control,other,136.3,1
C00003366,G0003021,2026-10-22 11:52:07,control,buylead_created,116.2,1
C00003367,G0003021,2026-10-22 20:52:07,control,other,112.7,1
C00003368,G0003022,2026-10-22 14:16:43,control,particular_seller_only,125.1,1
C00003369,G0003023,2026-10-22 17:38:14,control,buylead_created,25.0,1
C00003370,G0003023,2026-10-22 19:38:14,control,other,44.4,1
C00003371,G0003024,2026-10-22 10:43:43,control,buylead_created,3.1,1
C00003372,G0003025,2026-10-22 12:38:04,test,buylead_created,106.3,1
C00003373,G0003026,2026-10-22 12:41:19,control,no_requirement,80.9,1
C00003374,G0003026,2026-10-22 16:41:19,control,other,182.6,1
C00003375,G0003027,2026-10-22 08:01:43,test,no_connect,145.9,0
C00003376,G0003028,2026-10-22 09:28:47,test,buylead_created,24.1,1
C00003377,G0003029,2026-10-22 08:52:17,test,buylead_created,63.9,1
C00003378,G0003030,2026-10-22 12:17:38,control,no_connect,44.9,0
C00003379,G0003031,2026-10-22 11:28:08,control,buylead_created,101.0,1
C00003380,G0003031,2026-10-22 15:28:08,control,other,40.2,1
C00003381,G0003032,2026-10-22 12:59:07,test,buylead_created,53.8,1
C00003382,G0003033,2026-10-22 12:05:18,control,requirement_unconfirmed,175.2,1
C00003383,G0003034,2026-10-22 17:24:36,control,buylead_created,22.0,1
C00003384,G0003035,2026-10-22 16:58:11,control,buylead_created,82.2,1
C00003385,G0003036,2026-10-22 10:54:36,control,buylead_created,14.8,1
C00003386,G0003037,2026-10-22 13:53:02,test,buylead_created,113.2,1
C00003387,G0003038,2026-10-22 17:15:35,control,buylead_created,78.2,1
C00003388,G0003039,2026-10-22 09:15:12,control,buylead_created,78.4,1
C00003389,G0003040,2026-10-22 15:48:12,control,requirement_unconfirmed,67.5,1
C00003390,G0003041,2026-10-22 12:20:21,test,buylead_created,77.0,1
C00003391,G0003042,2026-10-22 17:05:56,test,particular_seller_only,26.3,1
C00003392,G0003043,2026-10-22 09:29:16,control,buylead_created,13.8,1
C00003393,G0003043,2026-10-23 12:29:16,control,other,161.5,1
C00003394,G0003044,2026-10-22 18:43:33,control,no_requirement,78.8,1
C00003395,G0003045,2026-10-22 08:29:28,control,no_requirement,44.1,1
C00003396,G0003046,2026-10-22 08:35:32,test,buylead_created,48.2,1
C00003397,G0003047,2026-10-22 16:42:32,control,no_requirement,75.9,1
C00003398,G0003048,2026-10-22 19:02:49,control,no_requirement,47.1,1
C00003399,G0003049,2026-10-22 08:09:26,test,buylead_created,185.0,1
C00003400,G0003050,2026-10-22 10:24:07,control,no_requirement,64.4,1
C00003401,G0003051,2026-10-22 11:28:58,test,no_requirement,28.3,1
C00003402,G0003052,2026-10-22 09:29:48,control,other,123.7,1
C00003403,G0003052,2026-10-22 18:29:48,control,other,72.9,1
C00003404,G0003053,2026-10-22 17:47:50,control,buylead_created,26.6,1
C00003405,G0003054,2026-10-22 19:17:01,control,no_requirement,54.3,1
C00003406,G0003055,2026-10-22 14:09:58,control,buylead_created,8.1,1
C00003407,G0003056,2026-10-22 08:50:05,control,no_requirement,74.7,1
C00003408,G0003057,2026-10-22 09:20:00,control,buylead_created,199.8,1
C00003409,G0003058,2026-10-22 15:00:08,control,buylead_created,79.5,1
C00003410,G0003059,2026-10-22 13:22:42,test,buylead_created,77.0,1
C00003411,G0003060,2026-10-22 15:04:48,control,buylead_created,54.3,1
C00003412,G0003061,2026-10-22 16:20:44,test,no_connect,24.9,0
C00003413,G0003062,2026-10-22 10:37:36,control,no_requirement,79.8,1
C00003414,G0003063,2026-10-22 14:58:42,control,buylead_created,53.8,1
C00003415,G0003064,2026-10-22 09:27:45,control,buylead_created,144.4,1
C00003416,G0003065,2026-10-22 08:12:27,control,buylead_created,46.5,1
C00003417,G0003066,2026-10-22 15:59:34,control,buylead_created,30.8,1
C00003418,G0003067,2026-10-22 15:39:48,control,buylead_created,104.1,1
C00003419,G0003068,2026-10-22 13:48:43,control,buylead_created,58.5,1
C00003420,G0003069,2026-10-22 14:39:46,test,no_requirement,116.7,1
C00003421,G0003070,2026-10-22 16:46:13,test,buylead_created,64.0,1
C00003422,G0003071,2026-10-22 17:15:11,control,no_requirement,26.2,1
C00003423,G0003071,2026-10-22 21:15:11,control,other,6.2,1
C00003424,G0003072,2026-10-22 12:32:46,control,particular_seller_only,148.2,1
C00003425,G0003073,2026-10-22 14:33:26,control,particular_seller_only,43.2,1
C00003426,G0003074,2026-10-22 08:53:45,control,buylead_created,54.7,1
C00003427,G0003075,2026-10-22 08:23:05,test,no_requirement,12.8,1
C00003428,G0003076,2026-10-22 11:08:18,control,no_requirement,183.9,1
C00003429,G0003077,2026-10-22 12:05:34,control,requirement_unconfirmed,54.1,1
C00003430,G0003078,2026-10-22 09:46:58,test,no_connect,67.9,0
C00003431,G0003079,2026-10-22 16:32:31,control,buylead_created,0.9,1
C00003432,G0003079,2026-10-23 18:32:31,control,other,90.3,1
C00003433,G0003080,2026-10-22 19:23:27,control,requirement_unconfirmed,4.8,1
C00003434,G0003081,2026-10-22 16:11:35,control,buylead_created,65.1,1
C00003435,G0003082,2026-10-22 17:34:08,control,requirement_unconfirmed,21.4,1
C00003436,G0003083,2026-10-22 13:32:38,test,buylead_created,80.6,1
C00003437,G0003084,2026-10-22 18:47:21,test,buylead_created,78.2,1
C00003438,G0003085,2026-10-22 10:38:19,control,no_requirement,99.9,1
C00003439,G0003086,2026-10-22 17:12:18,test,buylead_created,131.6,1
C00003440,G0003087,2026-10-22 09:37:28,test,buylead_created,54.6,1
C00003441,G0003088,2026-10-22 08:33:05,control,buylead_created,3.5,1
C00003442,G0003089,2026-10-22 13:07:36,control,buylead_created,46.5,1
C00003443,G0003089,2026-10-23 02:07:36,control,other,76.6,1
C00003444,G0003090,2026-10-22 11:52:43,control,buylead_created,45.6,1
C00003445,G0003091,2026-10-22 14:47:35,test,buylead_created,54.0,1
C00003446,G0003092,2026-10-22 16:45:38,control,buylead_created,25.5,1
C00003447,G0003092,2026-10-23 16:45:38,control,other,79.3,1
C00003448,G0003093,2026-10-22 09:55:07,test,buylead_created,140.5,1
C00003449,G0003094,2026-10-22 09:22:52,control,buylead_created,67.4,1
C00003450,G0003095,2026-10-22 10:06:43,control,buylead_created,31.6,1
C00003451,G0003096,2026-10-22 17:29:48,control,buylead_created,54.1,1
C00003452,G0003097,2026-10-22 08:18:19,control,particular_seller_only,79.6,1
C00003453,G0003098,2026-10-22 13:00:16,control,no_requirement,21.4,1
C00003454,G0003099,2026-10-22 19:50:53,test,particular_seller_only,0.6,1
C00003455,G0003099,2026-10-23 02:50:53,test,other,63.7,1
C00003456,G0003100,2026-10-22 17:25:12,control,no_requirement,84.2,1
C00003457,G0003101,2026-10-22 13:30:08,test,buylead_created,140.5,1
C00003458,G0003102,2026-10-22 17:58:21,control,requirement_unconfirmed,144.4,1
C00003459,G0003103,2026-10-22 08:27:23,test,particular_seller_only,158.8,1
C00003460,G0003104,2026-10-22 12:50:53,control,other,73.9,1
C00003461,G0003105,2026-10-22 11:14:29,control,no_requirement,122.3,1
C00003462,G0003106,2026-10-22 12:26:59,control,buylead_created,80.6,1
C00003463,G0003107,2026-10-22 15:51:44,control,buylead_created,27.3,1
C00003464,G0003108,2026-10-22 15:06:51,test,buylead_created,111.2,1
C00003465,G0003109,2026-10-22 15:40:40,control,buylead_created,73.4,1
C00003466,G0003110,2026-10-22 17:44:11,control,no_requirement,58.4,1
C00003467,G0003111,2026-10-22 13:28:34,test,requirement_unconfirmed,15.9,1
C00003468,G0003112,2026-10-22 13:07:05,control,requirement_unconfirmed,38.1,1
C00003469,G0003113,2026-10-22 13:46:20,control,,182.2,1
C00003470,G0003114,2026-10-22 14:44:15,control,particular_seller_only,26.1,1
C00003471,G0003115,2026-10-22 10:28:08,control,buylead_created,184.4,1
C00003472,G0003116,2026-10-22 15:22:34,control,no_requirement,56.0,1
C00003473,G0003117,2026-10-22 10:07:18,control,other,1.3,1
C00003474,G0003118,2026-10-22 16:17:12,control,buylead_created,51.6,1
C00003475,G0003119,2026-10-22 10:20:02,test,buylead_created,169.9,1
C00003476,G0003120,2026-10-22 16:19:42,test,no_connect,58.6,0
C00003477,G0003121,2026-10-22 18:50:43,test,particular_seller_only,54.3,1
C00003478,G0003122,2026-10-22 17:37:28,control,buylead_created,71.0,1
C00003479,G0003123,2026-10-22 13:54:19,test,requirement_unconfirmed,176.8,1
C00003480,G0003124,2026-10-22 12:50:51,test,particular_seller_only,124.4,1
C00003481,G0003125,2026-10-22 18:32:07,control,no_requirement,7.7,1
C00003482,G0003126,2026-10-22 18:42:13,control,buylead_created,65.1,1
C00003483,G0003127,2026-10-22 17:02:22,control,buylead_created,8.4,1
C00003484,G0003128,2026-10-22 09:48:31,control,particular_seller_only,81.5,1
C00003485,G0003129,2026-10-22 10:29:06,control,requirement_unconfirmed,74.7,1
C00003486,G0003130,2026-10-22 10:17:26,control,buylead_created,3.0,1
C00003487,G0003131,2026-10-22 08:37:46,control,buylead_created,23.9,1
C00003488,G0003132,2026-10-22 08:28:32,control,buylead_created,145.2,1
C00003489,G0003133,2026-10-22 14:57:06,control,buylead_created,1.4,1
C00003490,G0003133,2026-10-22 21:57:06,control,other,8.6,1
C00003491,G0003134,2026-10-22 08:22:37,test,buylead_created,118.9,1
C00003492,G0003135,2026-10-22 08:54:36,test,no_requirement,7.1,1
C00003493,G0003136,2026-10-22 08:05:08,control,buylead_created,83.4,1
C00003494,G0003137,2026-10-22 13:32:30,test,particular_seller_only,55.2,1
C00003495,G0003138,2026-10-22 13:34:45,test,no_requirement,35.8,1
C00003496,G0003139,2026-10-22 13:16:37,control,requirement_unconfirmed,22.0,1
C00003497,G0003139,2026-10-22 16:16:37,control,other,66.8,1
C00003498,G0003140,2026-10-22 09:17:52,test,buylead_created,79.8,1
C00003499,G0003141,2026-10-22 08:02:13,control,buylead_created,13.8,1
C00003500,G0003142,2026-10-22 08:52:17,control,buylead_created,185.0,1
C00003501,G0003142,2026-10-22 11:52:17,control,other,85.0,1
C00003502,G0003143,2026-10-22 08:31:25,control,no_requirement,60.8,1
C00003503,G0003144,2026-10-22 17:03:43,control,requirement_unconfirmed,91.5,1
C00003504,G0003144,2026-10-23 17:03:43,control,other,139.2,1
C00003505,G0003145,2026-10-22 18:38:20,control,buylead_created,95.8,1
C00003506,G0003146,2026-10-22 18:47:15,control,no_requirement,85.5,1
C00003507,G0003147,2026-10-22 13:07:12,test,requirement_unconfirmed,41.4,1
C00003508,G0003148,2026-10-22 11:38:52,control,particular_seller_only,106.6,1
C00003509,G0003148,2026-10-23 01:38:52,control,other,185.0,1
C00003510,G0003149,2026-10-22 11:55:13,test,other,52.1,1
C00003511,G0003150,2026-10-22 12:01:16,test,no_requirement,14.5,1
C00003512,G0003151,2026-10-22 13:52:22,control,requirement_unconfirmed,33.6,1
C00003513,G0003152,2026-10-22 14:54:05,control,buylead_created,119.0,1
C00003514,G0003153,2026-10-22 09:25:13,control,buylead_created,97.3,1
C00003515,G0003154,2026-10-22 16:48:37,control,buylead_created,90.8,1
C00003516,G0003155,2026-10-22 08:20:31,test,no_requirement,1.1,1
C00003517,G0003156,2026-10-22 15:04:25,control,other,102.2,1
C00003518,G0003157,2026-10-22 11:59:42,control,particular_seller_only,78.7,1
C00003519,G0003157,2026-10-23 13:59:42,control,other,41.5,1
C00003520,G0003158,2026-10-22 11:07:30,control,particular_seller_only,2.1,1
C00003521,G0003159,2026-10-22 13:00:44,control,requirement_unconfirmed,25.1,1
C00003522,G0003160,2026-10-22 09:32:13,control,buylead_created,72.2,1
C00003523,G0003161,2026-10-22 19:35:20,test,buylead_created,76.5,1
C00003524,G0003162,2026-10-22 09:48:44,control,buylead_created,124.6,1
C00003525,G0003163,2026-10-22 12:17:12,test,buylead_created,3.0,1
C00003526,G0003163,2026-10-23 17:17:12,test,other,66.8,1
C00003527,G0003164,2026-10-22 08:07:55,control,buylead_created,3.2,1
C00003528,G0003165,2026-10-22 18:07:08,control,buylead_created,60.8,1
C00003529,G0003166,2026-10-22 10:17:12,test,no_requirement,11.8,1
C00003530,G0003167,2026-10-22 09:56:08,test,requirement_unconfirmed,77.4,1
C00003531,G0003167,2026-10-23 11:56:08,test,other,42.8,1
C00003532,G0003168,2026-10-22 19:25:04,control,requirement_unconfirmed,105.4,1
C00003533,G0003169,2026-10-22 09:06:20,test,buylead_created,90.3,1
C00003534,G0003170,2026-10-22 08:17:37,test,buylead_created,31.6,1
C00003535,G0003171,2026-10-22 13:04:49,control,buylead_created,87.3,1
C00003536,G0003172,2026-10-22 13:12:38,control,buylead_created,95.8,1
C00003537,G0003173,2026-10-22 15:03:18,test,buylead_created,74.7,1
C00003538,G0003173,2026-10-23 07:03:18,test,other,28.7,1
C00003539,G0003174,2026-10-22 18:59:41,test,other,61.9,1
C00003540,G0003174,2026-10-23 03:59:41,test,other,5.3,1
C00003541,G0003175,2026-10-22 11:52:24,test,requirement_unconfirmed,41.5,1
C00003542,G0003175,2026-10-23 08:52:24,test,other,56.1,1
C00003543,G0003176,2026-10-22 11:35:49,test,buylead_created,68.0,1
C00003544,G0003177,2026-10-22 19:30:58,control,buylead_created,100.8,1
C00003545,G0003178,2026-10-22 13:12:32,control,buylead_created,24.3,1
C00003546,G0003179,2026-10-22 13:50:02,control,buylead_created,8.4,1
C00003547,G0003179,2026-10-22 16:50:02,control,other,91.7,1
C00003548,G0003180,2026-10-22 14:49:46,control,requirement_unconfirmed,22.2,1
C00003549,G0003181,2026-10-22 13:05:57,control,no_requirement,45.6,1
C00003550,G0003182,2026-10-22 09:03:31,test,buylead_created,172.5,1
C00003551,G0003183,2026-10-22 14:01:32,control,other,45.6,1
C00003552,G0003184,2026-10-22 10:46:30,control,buylead_created,90.1,1
C00003553,G0003185,2026-10-22 17:03:53,test,buylead_created,91.5,1
C00003554,G0003186,2026-10-22 09:03:15,control,particular_seller_only,22.8,1
C00003555,G0003187,2026-10-22 17:18:16,test,buylead_created,46.4,1
C00003556,G0003188,2026-10-22 15:29:36,test,buylead_created,1.9,1
C00003557,G0003188,2026-10-23 00:29:36,test,other,34.8,1
C00003558,G0003189,2026-10-22 19:21:33,control,buylead_created,31.4,1
C00003559,G0003190,2026-10-22 11:06:58,control,buylead_created,106.6,1
C00003560,G0003190,2026-10-23 11:06:58,control,other,32.1,1
C00003561,G0003191,2026-10-22 13:47:16,control,no_requirement,95.3,1
C00003562,G0003192,2026-10-22 18:09:20,control,buylead_created,87.3,1
C00003563,G0003193,2026-10-22 11:10:07,test,requirement_unconfirmed,4.8,1
C00003564,G0003194,2026-10-22 14:52:29,test,requirement_unconfirmed,91.9,1
C00003565,G0003195,2026-10-22 19:56:13,control,no_requirement,33.6,1
C00003566,G0003196,2026-10-22 16:08:41,control,requirement_unconfirmed,64.0,1
C00003567,G0003196,2026-10-23 15:08:41,control,other,5.7,1
C00003568,G0003197,2026-10-22 08:32:08,control,buylead_created,105.6,1
C00003569,G0003198,2026-10-22 17:41:50,control,requirement_unconfirmed,55.6,1
C00003570,G0003199,2026-10-22 13:01:26,control,buylead_created,51.1,1
C00003571,G0003200,2026-10-22 11:59:43,test,no_requirement,41.5,1
C00003572,G0003201,2026-10-22 18:42:39,test,no_requirement,119.7,1
C00003573,G0003202,2026-10-22 12:02:08,test,buylead_created,44.4,1
C00003574,G0003202,2026-10-23 04:02:08,test,other,97.2,1
C00003575,G0003203,2026-10-22 09:46:51,test,buylead_created,76.5,1
C00003576,G0003204,2026-10-22 10:34:58,test,buylead_created,59.3,1
C00003577,G0003204,2026-10-22 20:34:58,test,other,78.9,1
C00003578,G0003205,2026-10-22 13:31:34,control,buylead_created,82.7,1
C00003579,G0003205,2026-10-22 21:31:34,control,other,84.0,1
C00003580,G0003206,2026-10-22 10:39:01,control,buylead_created,14.1,1
C00003581,G0003207,2026-10-22 17:30:00,control,buylead_created,44.9,1
C00003582,G0003208,2026-10-22 19:31:35,test,buylead_created,88.7,1
C00003583,G0003209,2026-10-22 11:30:48,test,buylead_created,60.2,1
C00003584,G0003209,2026-10-23 01:30:48,test,other,66.5,1
C00003585,G0003210,2026-10-22 09:01:01,control,buylead_created,5.6,1
C00003586,G0003211,2026-10-22 08:17:48,control,no_requirement,57.5,1
C00003587,G0003212,2026-10-22 09:09:05,control,requirement_unconfirmed,89.9,1
C00003588,G0003213,2026-10-22 18:01:19,test,particular_seller_only,62.2,1
C00003589,G0003214,2026-10-22 15:22:21,control,no_connect,150.1,0
C00003590,G0003215,2026-10-22 18:46:43,control,requirement_unconfirmed,52.1,1
C00003591,G0003215,2026-10-23 21:46:43,control,other,47.1,1
C00003592,G0003216,2026-10-22 15:32:44,test,buylead_created,88.8,1
C00003593,G0003217,2026-10-22 08:45:49,control,requirement_unconfirmed,90.2,1
C00003594,G0003217,2026-10-23 03:45:49,control,other,83.3,1
C00003595,G0003218,2026-10-22 09:26:17,test,buylead_created,47.2,1
C00003596,G0003218,2026-10-22 16:26:17,test,other,109.7,1
C00003597,G0003219,2026-10-22 08:12:57,test,buylead_created,110.7,1
C00003598,G0003220,2026-10-22 11:10:30,control,buylead_created,29.4,1
C00003599,G0003221,2026-10-22 16:04:12,test,particular_seller_only,4.0,1
C00003600,G0003222,2026-10-22 19:11:35,control,buylead_created,77.1,1
C00003601,G0003223,2026-10-22 18:38:05,control,buylead_created,62.7,1
C00003602,G0003224,2026-10-22 18:21:52,control,requirement_unconfirmed,103.9,1
C00003603,G0003225,2026-10-22 10:07:48,test,buylead_created,84.7,1
C00003604,G0003226,2026-10-22 09:16:24,test,buylead_created,156.2,1
C00003605,G0003227,2026-10-22 19:53:08,control,buylead_created,75.3,1
C00003606,G0003227,2026-10-22 21:53:08,control,other,21.4,1
C00003607,G0003228,2026-10-22 09:31:13,control,particular_seller_only,13.4,1
C00003608,G0003229,2026-10-22 17:34:07,test,other,212.4,1
C00003609,G0003230,2026-10-22 12:18:21,control,particular_seller_only,60.0,1
C00003610,G0003231,2026-10-22 19:50:39,test,no_requirement,40.8,1
C00003611,G0003231,2026-10-23 12:50:39,test,other,90.3,1
C00003612,G0003232,2026-10-22 09:15:48,test,buylead_created,0.9,1
C00003613,G0003233,2026-10-22 12:46:00,test,other,386.6,1
C00003614,G0003234,2026-10-22 14:27:44,control,requirement_unconfirmed,88.7,1
C00003615,G0003235,2026-10-22 15:28:58,control,particular_seller_only,95.2,1
C00003616,G0003236,2026-10-22 14:48:51,control,no_requirement,95.0,1
C00003617,G0003236,2026-10-23 03:48:51,control,other,19.3,1
C00003618,G0003237,2026-10-22 16:46:21,test,no_requirement,49.9,1
C00003619,G0003238,2026-10-22 14:01:30,test,no_requirement,81.2,1
C00003620,G0003239,2026-10-22 11:19:48,control,requirement_unconfirmed,10.9,1
C00003621,G0003240,2026-10-22 14:50:42,control,no_requirement,50.3,1
C00003622,G0003241,2026-10-22 18:51:15,control,other,137.3,1
C00003623,G0003242,2026-10-22 10:34:11,test,no_requirement,28.7,1
C00003624,G0003243,2026-10-22 18:54:21,control,buylead_created,93.4,1
C00003625,G0003244,2026-10-22 16:34:15,control,buylead_created,40.8,1
C00003626,G0003244,2026-10-23 08:34:15,control,other,6.0,1
C00003627,G0003245,2026-10-22 12:40:40,test,requirement_unconfirmed,32.5,1
C00003628,G0003246,2026-10-22 16:37:36,control,buylead_created,39.5,1
C00003629,G0003247,2026-10-22 09:21:58,control,particular_seller_only,101.6,1
C00003630,G0003248,2026-10-22 12:30:34,control,no_requirement,109.7,1
C00003631,G0003248,2026-10-23 16:30:34,control,other,68.5,1
C00003632,G0003249,2026-10-22 14:06:28,control,buylead_created,63.7,1
C00003633,G0003250,2026-10-22 16:39:59,control,no_requirement,87.5,1
C00003634,G0003251,2026-10-22 15:37:11,test,other,183.9,1
C00003635,G0003252,2026-10-22 16:05:55,control,requirement_unconfirmed,46.7,1
C00003636,G0003253,2026-10-22 08:38:37,test,no_requirement,204.7,1
C00003637,G0003254,2026-10-22 16:00:36,control,buylead_created,204.7,1
C00003638,G0003254,2026-10-22 20:00:36,control,other,66.5,1
C00003639,G0003255,2026-10-22 08:22:07,control,buylead_created,91.3,1
C00003640,G0003256,2026-10-22 09:41:30,control,buylead_created,114.0,1
C00003641,G0003257,2026-10-22 10:37:58,control,buylead_created,0.9,1
C00003642,G0003258,2026-10-22 14:24:56,control,buylead_created,108.4,1
C00003643,G0003259,2026-10-22 15:37:38,control,buylead_created,22.0,1
C00003644,G0003259,2026-10-23 01:37:38,control,other,78.7,1
C00003645,G0003260,2026-10-22 19:14:42,test,buylead_created,164.6,1
C00003646,G0003261,2026-10-22 10:02:18,test,buylead_created,106.6,1
C00003647,G0003262,2026-10-22 11:58:21,control,buylead_created,92.7,1
C00003648,G0003263,2026-10-22 16:31:53,control,buylead_created,59.5,1
C00003649,G0003264,2026-10-22 16:36:29,test,buylead_created,62.4,1
C00003650,G0003265,2026-10-22 14:52:32,control,no_connect,16.8,0
C00003651,G0003266,2026-10-22 14:07:01,control,other,183.9,1
C00003652,G0003267,2026-10-22 10:35:04,test,no_requirement,158.3,1
C00003653,G0003267,2026-10-23 14:35:04,test,other,82.8,1
C00003654,G0003268,2026-10-22 13:10:08,control,requirement_unconfirmed,58.8,1
C00003655,G0003269,2026-10-22 14:19:48,control,buylead_created,87.5,1
C00003656,G0003270,2026-10-22 17:48:03,control,buylead_created,166.2,1
C00003657,G0003271,2026-10-22 09:53:50,test,buylead_created,227.8,1
C00003658,G0003272,2026-10-22 18:57:51,test,no_requirement,7.7,1
C00003659,G0003273,2026-10-22 16:56:47,test,buylead_created,83.2,1
C00003660,G0003274,2026-10-22 08:45:15,control,particular_seller_only,47.6,1
C00003661,G0003275,2026-10-22 14:15:44,control,requirement_unconfirmed,112.0,1
C00003662,G0003276,2026-10-22 18:18:48,test,buylead_created,16.2,1
C00003663,G0003277,2026-10-22 11:44:27,control,particular_seller_only,68.5,1
C00003664,G0003278,2026-10-22 10:03:40,control,particular_seller_only,100.2,1
C00003665,G0003279,2026-10-22 08:56:34,control,buylead_created,79.5,1
C00003666,G0003280,2026-10-22 12:57:12,control,no_requirement,118.9,1
C00003667,G0003281,2026-10-22 14:27:41,control,buylead_created,33.2,1
C00003668,G0003281,2026-10-22 16:27:41,control,other,108.9,1
C00003669,G0003282,2026-10-22 15:48:46,control,other,123.7,1
C00003670,G0003283,2026-10-22 18:22:29,test,buylead_created,59.3,1
C00003671,G0003284,2026-10-22 08:38:28,control,particular_seller_only,61.9,1
C00003672,G0003285,2026-10-22 14:50:14,control,buylead_created,192.1,1
C00003673,G0003286,2026-10-22 13:06:54,control,other,60.3,1
C00003674,G0003287,2026-10-22 17:36:00,control,buylead_created,76.5,1
C00003675,G0003288,2026-10-22 17:56:51,control,buylead_created,182.6,1
C00003676,G0003288,2026-10-22 23:56:51,control,other,119.4,1
C00003677,G0003289,2026-10-22 09:16:00,control,buylead_created,0.9,1
C00003678,G0003290,2026-10-22 14:26:19,control,buylead_created,23.7,1
C00003679,G0003291,2026-10-22 12:41:22,control,buylead_created,106.3,1
C00003680,G0003292,2026-10-22 14:53:59,control,requirement_unconfirmed,59.5,1
C00003681,G0003293,2026-10-22 18:46:23,control,buylead_created,80.2,1
C00003682,G0003294,2026-10-22 16:54:05,control,buylead_created,57.2,1
C00003683,G0003295,2026-10-22 14:23:54,test,buylead_created,44.1,1
C00003684,G0003296,2026-10-22 18:02:34,test,buylead_created,40.2,1
C00003685,G0003297,2026-10-22 14:25:54,control,no_requirement,68.5,1
C00003686,G0003298,2026-10-22 15:24:46,test,requirement_unconfirmed,17.5,1
C00003687,G0003298,2026-10-23 07:24:46,test,other,55.2,1
C00003688,G0003299,2026-10-22 14:48:56,control,buylead_created,76.5,1
C00003689,G0003300,2026-10-23 13:34:06,control,other,62.0,1
C00003690,G0003301,2026-10-23 12:16:05,test,buylead_created,101.6,1
C00003691,G0003302,2026-10-23 17:29:18,test,requirement_unconfirmed,70.3,1
C00003692,G0003303,2026-10-23 13:01:16,control,buylead_created,87.3,1
C00003693,G0003304,2026-10-23 12:40:22,control,particular_seller_only,36.6,1
C00003694,G0003305,2026-10-23 16:55:38,control,particular_seller_only,7.6,1
C00003695,G0003306,2026-10-23 18:43:53,control,buylead_created,182.2,1
C00003696,G0003307,2026-10-23 12:29:48,test,requirement_unconfirmed,0.9,1
C00003697,G0003308,2026-10-23 10:55:35,control,buylead_created,44.4,1
C00003698,G0003309,2026-10-23 12:50:39,control,buylead_created,90.1,1
C00003699,G0003310,2026-10-23 17:18:41,control,buylead_created,164.8,1
C00003700,G0003311,2026-10-23 12:45:23,control,buylead_created,61.6,1
C00003701,G0003312,2026-10-23 17:32:06,control,no_requirement,61.6,1
C00003702,G0003313,2026-10-23 18:45:20,control,particular_seller_only,35.9,1
C00003703,G0003314,2026-10-23 08:51:36,control,no_requirement,54.1,1
C00003704,G0003315,2026-10-23 12:55:14,control,buylead_created,44.1,1
C00003705,G0003316,2026-10-23 19:54:05,control,buylead_created,82.8,1
C00003706,G0003317,2026-10-23 15:13:35,test,buylead_created,93.3,1
C00003707,G0003318,2026-10-23 18:11:09,control,no_connect,1.7,0
C00003708,G0003319,2026-10-23 12:20:33,test,buylead_created,44.9,1
C00003709,G0003320,2026-10-23 11:49:19,control,particular_seller_only,43.5,1
C00003710,G0003321,2026-10-23 09:18:18,control,no_requirement,74.1,1
C00003711,G0003322,2026-10-23 18:27:09,control,buylead_created,183.9,1
C00003712,G0003323,2026-10-23 09:32:03,control,requirement_unconfirmed,86.9,1
C00003713,G0003324,2026-10-23 17:43:29,test,buylead_created,94.2,1
C00003714,G0003325,2026-10-23 08:45:06,control,requirement_unconfirmed,61.1,1
C00003715,G0003326,2026-10-23 15:26:48,test,buylead_created,24.6,1
C00003716,G0003327,2026-10-23 12:04:42,control,buylead_created,84.0,1
C00003717,G0003328,2026-10-23 10:53:09,control,buylead_created,66.0,1
C00003718,G0003329,2026-10-23 12:06:19,control,no_requirement,1.7,1
C00003719,G0003330,2026-10-23 12:02:58,test,no_requirement,47.2,1
C00003720,G0003330,2026-10-24 01:02:58,test,other,73.7,1
C00003721,G0003331,2026-10-23 11:32:55,control,buylead_created,32.5,1
C00003722,G0003332,2026-10-23 08:46:13,test,requirement_unconfirmed,63.9,1
C00003723,G0003333,2026-10-23 10:14:24,control,buylead_created,41.5,1
C00003724,G0003334,2026-10-23 10:55:42,test,buylead_created,309.2,1
C00003725,G0003335,2026-10-23 16:47:52,control,buylead_created,28.1,1
C00003726,G0003336,2026-10-23 13:16:40,control,requirement_unconfirmed,29.7,1
C00003727,G0003337,2026-10-23 11:14:59,control,buylead_created,53.5,1
C00003728,G0003338,2026-10-23 09:04:30,test,buylead_created,64.0,1
C00003729,G0003339,2026-10-23 11:55:25,control,buylead_created,3.1,1
C00003730,G0003339,2026-10-23 13:55:25,control,other,77.5,1
C00003731,G0003340,2026-10-23 19:54:13,control,requirement_unconfirmed,83.4,1
C00003732,G0003341,2026-10-23 08:24:44,control,no_connect,109.4,0
C00003733,G0003342,2026-10-23 19:42:20,control,buylead_created,66.0,1
C00003734,G0003343,2026-10-23 19:19:29,control,no_requirement,84.0,1
C00003735,G0003344,2026-10-23 17:00:38,control,other,62.4,1
C00003736,G0003345,2026-10-23 11:11:32,test,particular_seller_only,9.5,1
C00003737,G0003346,2026-10-23 18:32:53,test,requirement_unconfirmed,82.9,1
C00003738,G0003347,2026-10-23 10:27:42,control,other,43.5,1
C00003739,G0003348,2026-10-23 16:47:52,test,buylead_created,112.7,1
C00003740,G0003349,2026-10-23 16:22:10,control,no_requirement,115.9,1
C00003741,G0003350,2026-10-23 19:45:04,control,buylead_created,82.2,1
C00003742,G0003351,2026-10-23 10:18:57,test,buylead_created,8.1,1
C00003743,G0003352,2026-10-23 11:59:21,test,requirement_unconfirmed,116.1,1
C00003744,G0003353,2026-10-23 18:39:27,control,buylead_created,82.5,1
C00003745,G0003354,2026-10-23 17:42:40,control,no_requirement,27.3,1
C00003746,G0003355,2026-10-23 09:01:54,control,buylead_created,85.5,1
C00003747,G0003356,2026-10-23 18:41:57,control,buylead_created,19.2,1
C00003748,G0003357,2026-10-23 13:11:19,control,requirement_unconfirmed,50.3,1
C00003749,G0003358,2026-10-23 08:17:31,control,no_requirement,134.9,1
C00003750,G0003359,2026-10-23 17:08:57,test,requirement_unconfirmed,36.0,1
C00003751,G0003359,2026-10-24 11:08:57,test,other,24.3,1
C00003752,G0003360,2026-10-23 13:39:33,control,requirement_unconfirmed,53.9,1
C00003753,G0003361,2026-10-23 08:54:50,control,buylead_created,108.9,1
C00003754,G0003362,2026-10-23 17:10:23,control,no_connect,137.3,0
C00003755,G0003363,2026-10-23 14:24:48,test,buylead_created,9.4,1
C00003756,G0003364,2026-10-23 17:55:25,test,buylead_created,79.6,1
C00003757,G0003365,2026-10-23 18:00:36,test,buylead_created,117.2,1
C00003758,G0003366,2026-10-23 16:12:18,control,buylead_created,95.3,1
C00003759,G0003366,2026-10-24 14:12:18,control,other,90.1,1
C00003760,G0003367,2026-10-23 11:39:44,control,requirement_unconfirmed,46.4,1
C00003761,G0003368,2026-10-23 19:28:31,control,buylead_created,117.2,1
C00003762,G0003369,2026-10-23 11:01:35,control,no_requirement,57.0,1
C00003763,G0003370,2026-10-23 16:02:21,test,buylead_created,10.9,1
C00003764,G0003371,2026-10-23 19:57:00,control,requirement_unconfirmed,60.6,1
C00003765,G0003372,2026-10-23 09:19:25,control,buylead_created,28.4,1
C00003766,G0003373,2026-10-23 12:03:34,control,particular_seller_only,54.8,1
C00003767,G0003373,2026-10-24 00:03:34,control,other,46.5,1
C00003768,G0003374,2026-10-23 18:17:55,control,buylead_created,56.7,1
C00003769,G0003375,2026-10-23 11:36:45,control,no_requirement,76.3,1
C00003770,G0003376,2026-10-23 16:35:16,test,no_requirement,212.4,1
C00003771,G0003377,2026-10-23 16:39:44,control,requirement_unconfirmed,53.9,1
C00003772,G0003378,2026-10-23 18:17:17,test,no_requirement,65.1,1
C00003773,G0003379,2026-10-23 10:40:44,test,buylead_created,103.9,1
C00003774,G0003380,2026-10-23 15:21:27,control,requirement_unconfirmed,34.3,1
C00003775,G0003381,2026-10-23 10:54:00,control,particular_seller_only,14.1,1
C00003776,G0003381,2026-10-24 03:54:00,control,other,75.2,1
C00003777,G0003382,2026-10-23 17:48:25,control,buylead_created,10.6,1
C00003778,G0003383,2026-10-23 19:28:10,control,no_requirement,109.7,1
C00003779,G0003384,2026-10-23 12:28:43,control,requirement_unconfirmed,8.6,1
C00003780,G0003385,2026-10-23 08:21:46,test,no_requirement,14.5,1
C00003781,G0003386,2026-10-23 13:26:21,control,particular_seller_only,21.4,1
C00003782,G0003387,2026-10-23 09:36:53,control,buylead_created,6.2,1
C00003783,G0003388,2026-10-23 19:01:58,control,other,63.6,1
C00003784,G0003389,2026-10-23 17:05:18,control,other,89.3,1
C00003785,G0003390,2026-10-23 13:55:57,control,buylead_created,58.0,1
C00003786,G0003391,2026-10-23 14:57:05,control,particular_seller_only,16.7,1
C00003787,G0003392,2026-10-23 18:23:20,test,buylead_created,91.3,1
C00003788,G0003393,2026-10-23 13:06:06,control,buylead_created,0.5,1
C00003789,G0003394,2026-10-23 08:02:18,control,buylead_created,117.8,1
C00003790,G0003395,2026-10-23 15:58:00,control,buylead_created,79.5,1
C00003791,G0003396,2026-10-23 17:46:05,test,buylead_created,13.8,1
C00003792,G0003397,2026-10-23 10:28:19,control,buylead_created,50.8,1
C00003793,G0003398,2026-10-23 08:36:34,test,buylead_created,7.5,1
C00003794,G0003399,2026-10-23 16:50:06,test,buylead_created,111.9,1
C00003795,G0003400,2026-10-23 15:21:31,control,buylead_created,182.6,1
C00003796,G0003401,2026-10-23 12:55:31,control,particular_seller_only,22.0,1
C00003797,G0003402,2026-10-23 19:42:40,control,no_connect,156.2,0
C00003798,G0003403,2026-10-23 09:39:40,control,buylead_created,55.6,1
C00003799,G0003404,2026-10-23 16:34:43,control,no_connect,143.0,0
C00003800,G0003405,2026-10-23 19:08:37,test,other,84.2,1
C00003801,G0003406,2026-10-23 17:51:57,control,other,77.8,1
C00003802,G0003407,2026-10-23 12:26:21,test,buylead_created,60.9,1
C00003803,G0003408,2026-10-23 19:14:41,test,buylead_created,108.4,1
C00003804,G0003408,2026-10-24 01:14:41,test,other,63.2,1
C00003805,G0003409,2026-10-23 10:33:29,control,buylead_created,29.4,1
C00003806,G0003410,2026-10-23 18:49:23,control,no_connect,78.2,0
C00003807,G0003410,2026-10-23 23:49:23,control,other,158.0,1
C00003808,G0003411,2026-10-23 12:48:48,control,requirement_unconfirmed,116.1,1
C00003809,G0003412,2026-10-23 17:01:11,control,buylead_created,1.7,1
C00003810,G0003412,2026-10-24 20:01:11,control,other,78.6,1
C00003811,G0003413,2026-10-23 15:00:00,test,buylead_created,98.8,1
C00003812,G0003414,2026-10-23 10:39:26,control,buylead_created,55.0,1
C00003813,G0003415,2026-10-23 12:18:08,control,buylead_created,114.9,1
C00003814,G0003416,2026-10-23 19:08:13,control,buylead_created,109.7,1
C00003815,G0003417,2026-10-23 14:46:43,control,other,70.1,1
C00003816,G0003418,2026-10-23 08:49:51,test,buylead_created,57.0,1
C00003817,G0003419,2026-10-23 19:28:34,test,buylead_created,53.8,1
C00003818,G0003420,2026-10-23 19:28:03,control,no_requirement,19.4,1
C00003819,G0003421,2026-10-23 16:27:24,control,buylead_created,145.9,1
C00003820,G0003421,2026-10-24 02:27:24,control,other,53.9,1
C00003821,G0003422,2026-10-23 16:11:05,control,buylead_created,15.5,1
C00003822,G0003422,2026-10-23 23:11:05,control,other,87.3,1
C00003823,G0003423,2026-10-23 08:54:05,control,no_requirement,188.4,1
C00003824,G0003424,2026-10-23 18:43:50,control,requirement_unconfirmed,78.1,1
C00003825,G0003425,2026-10-23 12:10:30,control,no_requirement,182.2,1
C00003826,G0003426,2026-10-23 15:10:18,test,buylead_created,68.0,1
C00003827,G0003427,2026-10-23 19:43:10,control,particular_seller_only,90.1,1
C00003828,G0003428,2026-10-23 13:46:05,control,buylead_created,41.0,1
C00003829,G0003429,2026-10-23 18:25:30,test,no_connect,20.6,0
C00003830,G0003430,2026-10-23 14:52:11,control,particular_seller_only,62.3,1
C00003831,G0003431,2026-10-23 19:25:46,control,buylead_created,55.2,1
C00003832,G0003432,2026-10-23 17:51:35,test,no_requirement,51.6,1
C00003833,G0003433,2026-10-23 11:41:18,control,buylead_created,84.0,1
C00003834,G0003434,2026-10-23 18:32:50,control,buylead_created,76.2,1
C00003835,G0003435,2026-10-23 08:45:03,control,buylead_created,1.2,1
C00003836,G0003436,2026-10-23 18:20:20,test,,56.0,1
C00003837,G0003437,2026-10-23 17:16:16,control,no_connect,91.9,0
C00003838,G0003438,2026-10-23 16:54:42,test,buylead_created,119.7,1
C00003839,G0003439,2026-10-23 18:29:59,control,buylead_created,37.2,1
C00003840,G0003440,2026-10-23 12:45:21,control,requirement_unconfirmed,78.5,1
C00003841,G0003441,2026-10-23 19:37:24,test,buylead_created,61.9,1
C00003842,G0003442,2026-10-23 14:20:22,control,buylead_created,56.0,1
C00003843,G0003443,2026-10-23 16:20:29,control,no_requirement,106.6,1
C00003844,G0003444,2026-10-23 16:32:02,control,no_connect,50.8,0
C00003845,G0003445,2026-10-23 16:16:54,test,no_requirement,77.5,1
C00003846,G0003446,2026-10-23 10:44:47,control,buylead_created,89.1,1
C00003847,G0003447,2026-10-23 13:38:45,control,particular_seller_only,70.8,1
C00003848,G0003448,2026-10-23 10:41:58,control,buylead_created,37.2,1
C00003849,G0003449,2026-10-23 19:48:29,test,requirement_unconfirmed,63.8,1
C00003850,G0003449,2026-10-24 17:48:29,test,other,79.3,1
C00003851,G0003450,2026-10-23 15:16:43,test,buylead_created,6.3,1
C00003852,G0003451,2026-10-23 12:07:38,test,buylead_created,62.7,1
C00003853,G0003452,2026-10-23 11:41:29,control,other,71.0,1
C00003854,G0003453,2026-10-23 13:53:47,control,buylead_created,19.3,1
C00003855,G0003454,2026-10-23 18:38:19,control,particular_seller_only,86.4,1
C00003856,G0003455,2026-10-23 09:46:21,test,buylead_created,63.7,1
C00003857,G0003456,2026-10-23 16:20:51,test,buylead_created,57.2,1
C00003858,G0003456,2026-10-23 20:20:51,test,other,5.3,1
C00003859,G0003457,2026-10-23 14:01:54,control,no_connect,83.5,0
C00003860,G0003458,2026-10-23 18:05:21,control,no_requirement,95.0,1
C00003861,G0003458,2026-10-24 20:05:21,control,other,8.6,1
C00003862,G0003459,2026-10-23 17:24:30,test,buylead_created,136.3,1
C00003863,G0003460,2026-10-23 17:33:54,test,buylead_created,38.8,1
C00003864,G0003461,2026-10-23 08:05:44,test,buylead_created,83.6,1
C00003865,G0003462,2026-10-23 16:40:08,control,no_connect,1.7,0
C00003866,G0003463,2026-10-23 15:53:43,control,requirement_unconfirmed,111.2,1
C00003867,G0003464,2026-10-23 12:33:22,test,buylead_created,158.8,1
C00003868,G0003465,2026-10-23 18:45:07,control,no_connect,118.3,0
C00003869,G0003466,2026-10-23 16:15:25,test,buylead_created,96.9,1
C00003870,G0003466,2026-10-24 21:15:25,test,other,101.6,1
C00003871,G0003467,2026-10-23 19:07:53,control,buylead_created,7.7,1
C00003872,G0003468,2026-10-23 09:28:51,control,buylead_created,24.8,1
C00003873,G0003469,2026-10-23 11:17:21,test,buylead_created,50.3,1
C00003874,G0003470,2026-10-23 15:52:40,control,buylead_created,107.9,1
C00003875,G0003471,2026-10-23 15:13:46,test,buylead_created,70.8,1
C00003876,G0003471,2026-10-24 01:13:46,test,other,25.1,1
C00003877,G0003472,2026-10-23 15:11:28,control,buylead_created,58.5,1
C00003878,G0003472,2026-10-24 13:11:28,control,other,182.2,1
C00003879,G0003473,2026-10-23 16:30:07,test,other,309.2,1
C00003880,G0003474,2026-10-23 19:45:39,control,no_requirement,34.0,1
C00003881,G0003475,2026-10-23 13:02:17,test,buylead_created,79.3,1
C00003882,G0003476,2026-10-23 15:14:44,control,requirement_unconfirmed,1.1,1
C00003883,G0003476,2026-10-24 00:14:44,control,other,50.0,1
C00003884,G0003477,2026-10-23 09:33:36,control,no_requirement,212.4,1
C00003885,G0003478,2026-10-23 13:39:01,test,buylead_created,27.9,1
C00003886,G0003478,2026-10-24 08:39:01,test,other,105.3,1
C00003887,G0003479,2026-10-23 17:38:26,control,no_connect,166.2,0
C00003888,G0003480,2026-10-23 11:40:11,test,no_connect,8.6,0
C00003889,G0003481,2026-10-23 10:42:41,control,buylead_created,89.1,1
C00003890,G0003482,2026-10-23 12:21:07,control,particular_seller_only,9.5,1
C00003891,G0003483,2026-10-23 10:50:58,control,no_requirement,60.8,1
C00003892,G0003484,2026-10-23 11:29:21,test,no_requirement,13.6,1
C00003893,G0003485,2026-10-23 14:38:20,control,buylead_created,35.1,1
C00003894,G0003486,2026-10-23 13:31:33,control,no_requirement,125.1,1
C00003895,G0003487,2026-10-23 18:03:01,control,particular_seller_only,58.8,1
C00003896,G0003488,2026-10-23 10:24:14,control,buylead_created,1.4,1
C00003897,G0003489,2026-10-23 16:41:27,control,buylead_created,1.9,1
C00003898,G0003490,2026-10-23 15:50:07,control,buylead_created,107.9,1
C00003899,G0003491,2026-10-23 18:55:41,control,buylead_created,176.4,1
C00003900,G0003492,2026-10-23 15:46:54,control,buylead_created,22.8,1
C00003901,G0003493,2026-10-23 15:01:58,control,no_connect,26.1,0
C00003902,G0003494,2026-10-23 11:47:42,test,buylead_created,76.6,1
C00003903,G0003495,2026-10-23 11:08:02,test,buylead_created,80.9,1
C00003904,G0003496,2026-10-23 18:33:37,control,buylead_created,4.9,1
C00003905,G0003496,2026-10-24 18:33:37,control,other,82.7,1
C00003906,G0003497,2026-10-23 14:22:19,control,buylead_created,82.4,1
C00003907,G0003498,2026-10-23 14:39:26,test,buylead_created,108.4,1
C00003908,G0003499,2026-10-23 14:45:07,test,buylead_created,100.2,1
C00003909,G0003500,2026-10-23 08:30:59,control,requirement_unconfirmed,169.9,1
C00003910,G0003501,2026-10-23 11:05:54,control,no_requirement,76.6,1
C00003911,G0003502,2026-10-23 16:43:04,control,buylead_created,8.4,1
C00003912,G0003502,2026-10-24 00:43:04,control,other,54.8,1
C00003913,G0003503,2026-10-23 13:19:23,control,buylead_created,21.4,1
C00003914,G0003504,2026-10-23 13:47:57,control,requirement_unconfirmed,88.1,1
C00003915,G0003505,2026-10-23 11:49:14,control,particular_seller_only,145.2,1
C00003916,G0003506,2026-10-23 19:03:49,test,buylead_created,52.4,1
C00003917,G0003506,2026-10-24 14:03:49,test,other,30.2,1
C00003918,G0003507,2026-10-23 12:58:52,control,no_requirement,56.7,1
C00003919,G0003508,2026-10-23 15:02:19,control,buylead_created,116.2,1
C00003920,G0003509,2026-10-23 12:32:55,control,buylead_created,72.4,1
C00003921,G0003510,2026-10-23 15:25:22,control,requirement_unconfirmed,77.6,1
C00003922,G0003511,2026-10-23 15:52:44,test,requirement_unconfirmed,70.8,1
C00003923,G0003512,2026-10-23 08:31:35,control,no_connect,3.0,0
C00003924,G0003513,2026-10-23 18:19:07,control,particular_seller_only,56.7,1
C00003925,G0003514,2026-10-23 19:08:20,test,buylead_created,103.9,1
C00003926,G0003515,2026-10-23 10:39:11,test,,90.3,1
C00003927,G0003516,2026-10-23 17:04:50,control,buylead_created,84.0,1
C00003928,G0003517,2026-10-23 11:28:15,control,requirement_unconfirmed,60.0,1
C00003929,G0003518,2026-10-23 15:09:47,control,no_requirement,21.3,1
C00003930,G0003519,2026-10-23 09:54:14,test,particular_seller_only,79.3,1
C00003931,G0003520,2026-10-23 14:41:15,control,buylead_created,64.2,1
C00003932,G0003521,2026-10-23 14:20:23,test,no_requirement,106.6,1
C00003933,G0003522,2026-10-23 12:32:08,control,other,140.7,1
C00003934,G0003523,2026-10-23 15:42:12,control,buylead_created,91.4,1
C00003935,G0003523,2026-10-24 03:42:12,control,other,25.5,1
C00003936,G0003524,2026-10-23 17:19:50,control,requirement_unconfirmed,70.8,1
C00003937,G0003525,2026-10-23 12:18:47,control,no_requirement,47.8,1
C00003938,G0003526,2026-10-23 11:41:22,control,buylead_created,114.3,1
C00003939,G0003527,2026-10-23 16:48:56,control,requirement_unconfirmed,12.2,1
C00003940,G0003528,2026-10-23 16:51:35,control,particular_seller_only,53.9,1
C00003941,G0003529,2026-10-23 18:13:21,control,buylead_created,22.0,1
C00003942,G0003530,2026-10-23 11:51:55,control,particular_seller_only,53.9,1
C00003943,G0003530,2026-10-24 03:51:55,control,other,48.7,1
C00003944,G0003531,2026-10-23 18:06:59,test,buylead_created,68.0,1
C00003945,G0003532,2026-10-23 10:46:09,control,no_requirement,7.7,1
C00003946,G0003533,2026-10-23 14:53:04,control,buylead_created,85.6,1
C00003947,G0003533,2026-10-24 12:53:04,control,other,59.5,1
C00003948,G0003534,2026-10-23 12:20:34,control,requirement_unconfirmed,162.9,1
C00003949,G0003535,2026-10-23 15:36:56,control,buylead_created,23.7,1
C00003950,G0003536,2026-10-23 16:09:56,control,buylead_created,44.9,1
C00003951,G0003537,2026-10-23 18:35:10,control,requirement_unconfirmed,91.2,1
C00003952,G0003538,2026-10-23 18:33:41,control,buylead_created,57.5,1
C00003953,G0003539,2026-10-23 19:49:23,control,requirement_unconfirmed,60.6,1
C00003954,G0003540,2026-10-23 14:53:26,control,buylead_created,89.7,1
C00003955,G0003541,2026-10-23 10:22:47,C,buylead_created,93.3,1
C00003956,G0003542,2026-10-23 11:17:13,control,requirement_unconfirmed,93.6,1
C00003957,G0003543,2026-10-23 14:49:41,control,buylead_created,41.5,1
C00003958,G0003544,2026-10-23 08:19:07,control,requirement_unconfirmed,182.2,1
C00003959,G0003545,2026-10-23 10:27:44,control,buylead_created,100.9,1
C00003960,G0003546,2026-10-23 17:37:10,control,buylead_created,227.8,1
C00003961,G0003547,2026-10-23 09:19:31,control,particular_seller_only,52.7,1
C00003962,G0003547,2026-10-23 23:19:31,control,other,118.2,1
C00003963,G0003548,2026-10-23 09:31:16,control,buylead_created,70.6,1
C00003964,G0003549,2026-10-23 13:41:31,control,requirement_unconfirmed,84.7,1
C00003965,G0003550,2026-10-23 19:25:28,control,buylead_created,1.7,1
C00003966,G0003551,2026-10-23 11:53:29,control,buylead_created,27.3,1
C00003967,G0003551,2026-10-23 15:53:29,control,other,254.5,1
C00003968,G0003552,2026-10-23 11:34:51,control,buylead_created,34.0,1
C00003969,G0003553,2026-10-23 12:34:20,test,requirement_unconfirmed,130.0,1
C00003970,G0003554,2026-10-23 11:54:51,control,buylead_created,73.2,1
C00003971,G0003555,2026-10-23 14:29:52,control,buylead_created,103.7,1
C00003972,G0003556,2026-10-23 09:23:38,control,buylead_created,70.6,1
C00003973,G0003557,2026-10-23 10:14:48,control,no_requirement,46.5,1
C00003974,G0003558,2026-10-23 15:07:06,test,buylead_created,142.8,1
C00003975,G0003559,2026-10-23 16:26:08,control,buylead_created,0.5,1
C00003976,G0003560,2026-10-23 14:08:22,control,particular_seller_only,8.2,1
C00003977,G0003561,2026-10-23 11:55:49,control,buylead_created,0.7,1
C00003978,G0003562,2026-10-23 08:17:16,control,buylead_created,77.4,1
C00003979,G0003563,2026-10-23 08:12:05,test,buylead_created,107.1,1
C00003980,G0003564,2026-10-23 11:54:48,test,buylead_created,61.5,1
C00003981,G0003565,2026-10-23 13:01:18,control,requirement_unconfirmed,30.8,1
C00003982,G0003566,2026-10-23 19:58:30,control,no_requirement,1.4,1
C00003983,G0003567,2026-10-23 10:50:47,test,no_connect,66.5,0
C00003984,G0003568,2026-10-23 14:07:05,test,particular_seller_only,140.5,1
C00003985,G0003568,2026-10-24 13:07:05,test,other,35.0,1
C00003986,G0003569,2026-10-23 17:04:06,control,buylead_created,9.4,1
C00003987,G0003570,2026-10-23 10:01:39,test,buylead_created,88.5,1
C00003988,G0003571,2026-10-23 19:11:13,control,buylead_created,105.6,1
C00003989,G0003572,2026-10-23 11:13:56,control,buylead_created,3.1,1
C00003990,G0003573,2026-10-23 13:44:08,test,no_requirement,160.1,1
C00003991,G0003574,2026-10-23 09:55:59,control,buylead_created,57.0,1
C00003992,G0003574,2026-10-24 13:55:59,control,other,75.9,1
C00003993,G0003575,2026-10-23 12:22:20,control,no_connect,18.1,0
C00003994,G0003576,2026-10-23 14:39:26,control,buylead_created,80.2,1
C00003995,G0003577,2026-10-23 13:29:16,control,buylead_created,29.7,1
C00003996,G0003578,2026-10-23 11:39:52,test,no_requirement,72.2,1
C00003997,G0003579,2026-10-23 11:23:51,control,buylead_created,13.8,1
C00003998,G0003580,2026-10-23 18:00:03,control,buylead_created,43.8,1
C00003999,G0003581,2026-10-23 19:34:41,control,buylead_created,119.7,1
C00004000,G0003582,2026-10-23 16:05:01,test,buylead_created,113.2,1
C00004001,G0003583,2026-10-23 15:31:39,control,buylead_created,227.4,1
C00004002,G0003583,2026-10-23 19:31:39,control,other,47.5,1
C00004003,G0003584,2026-10-23 18:49:35,control,buylead_created,63.8,1
C00004004,G0003585,2026-10-23 19:30:49,control,buylead_created,21.5,1
C00004005,G0003586,2026-10-23 12:28:25,control,no_requirement,89.9,1
C00004006,G0003587,2026-10-23 10:24:50,test,buylead_created,62.7,1
C00004007,G0003588,2026-10-23 09:53:55,control,buylead_created,113.3,1
C00004008,G0003589,2026-10-23 09:09:37,test,,2.6,1
C00004009,G0003590,2026-10-23 08:22:33,control,buylead_created,61.3,1
C00004010,G0003591,2026-10-23 08:30:18,control,particular_seller_only,82.5,1
C00004011,G0003592,2026-10-23 09:03:23,control,particular_seller_only,48.2,1
C00004012,G0003593,2026-10-23 19:19:17,test,buylead_created,79.6,1
C00004013,G0003593,2026-10-24 17:19:17,test,other,87.5,1
C00004014,G0003594,2026-10-23 12:18:32,test,particular_seller_only,60.8,1
C00004015,G0003595,2026-10-23 11:59:45,control,other,98.8,1
C00004016,G0003596,2026-10-23 19:52:11,test,requirement_unconfirmed,25.6,1
C00004017,G0003597,2026-10-23 09:29:42,test,no_requirement,15.9,1
C00004018,G0003598,2026-10-23 09:09:47,control,buylead_created,58.4,1
C00004019,G0003599,2026-10-23 09:41:13,test,no_requirement,90.9,1
C00004020,G0003600,2026-10-24 14:55:21,control,buylead_created,3.0,1
C00004021,G0003601,2026-10-24 18:21:27,test,no_requirement,60.6,1
C00004022,G0003602,2026-10-24 14:47:55,test,other,85.5,1
C00004023,G0003603,2026-10-24 10:52:45,test,other,183.9,1
C00004024,G0003604,2026-10-24 11:50:49,control,particular_seller_only,88.7,1
C00004025,G0003605,2026-10-24 08:10:52,test,buylead_created,91.5,1
C00004026,G0003606,2026-10-24 17:02:24,control,no_requirement,0.6,1
C00004027,G0003607,2026-10-24 16:21:11,control,requirement_unconfirmed,109.4,1
C00004028,G0003607,2026-10-25 04:21:11,control,other,60.8,1
C00004029,G0003608,2026-10-24 16:36:20,test,buylead_created,82.5,1
C00004030,G0003609,2026-10-24 18:45:15,control,other,95.5,1
C00004031,G0003610,2026-10-24 11:19:24,control,no_requirement,137.3,1
C00004032,G0003611,2026-10-24 13:26:21,test,no_connect,62.9,0
C00004033,G0003612,2026-10-24 08:00:15,test,buylead_created,54.7,1
C00004034,G0003613,2026-10-24 18:42:05,test,buylead_created,88.1,1
C00004035,G0003614,2026-10-24 19:13:49,control,no_connect,92.5,0
C00004036,G0003614,2026-10-24 21:13:49,control,other,24.6,1
C00004037,G0003615,2026-10-24 16:54:00,test,buylead_created,23.0,1
C00004038,G0003616,2026-10-24 17:40:58,control,requirement_unconfirmed,142.8,1
C00004039,G0003617,2026-10-24 13:42:32,control,buylead_created,101.0,1
C00004040,G0003618,2026-10-24 12:01:13,control,requirement_unconfirmed,81.3,1
C00004041,G0003619,2026-10-24 18:08:27,control,no_connect,1.9,0
C00004042,G0003620,2026-10-24 19:38:14,control,particular_seller_only,94.2,1
C00004043,G0003621,2026-10-24 17:07:49,control,particular_seller_only,60.0,1
C00004044,G0003622,2026-10-24 16:43:13,control,no_requirement,56.1,1
C00004045,G0003622,2026-10-25 11:43:13,control,other,52.7,1
C00004046,G0003623,2026-10-24 08:29:00,test,buylead_created,145.2,1
C00004047,G0003623,2026-10-24 14:29:00,test,other,64.2,1
C00004048,G0003624,2026-10-24 19:27:22,control,requirement_unconfirmed,91.3,1
C00004049,G0003625,2026-10-24 12:55:05,control,other,57.5,1
C00004050,G0003626,2026-10-24 15:28:30,control,other,89.5,1
C00004051,G0003627,2026-10-24 19:50:52,control,no_requirement,8.2,1
C00004052,G0003627,2026-10-25 13:50:52,control,other,70.6,1
C00004053,G0003628,2026-10-24 11:11:08,test,buylead_created,51.6,1
C00004054,G0003629,2026-10-24 15:25:18,control,requirement_unconfirmed,47.6,1
C00004055,G0003630,2026-10-24 19:38:13,control,requirement_unconfirmed,3.1,1
C00004056,G0003630,2026-10-25 17:38:13,control,other,37.2,1
C00004057,G0003631,2026-10-24 08:25:55,control,buylead_created,62.3,1
C00004058,G0003631,2026-10-25 12:25:55,control,other,1.3,1
C00004059,G0003632,2026-10-24 16:39:17,control,requirement_unconfirmed,2.3,1
C00004060,G0003633,2026-10-24 11:29:01,test,buylead_created,61.5,1
C00004061,G0003634,2026-10-24 19:54:05,control,particular_seller_only,129.9,1
C00004062,G0003635,2026-10-24 10:51:33,test,buylead_created,87.7,1
C00004063,G0003636,2026-10-24 17:13:21,control,buylead_created,83.4,1
C00004064,G0003637,2026-10-24 08:38:35,control,other,75.3,1
C00004065,G0003638,2026-10-24 09:12:26,control,buylead_created,2.3,1
C00004066,G0003639,2026-10-24 19:08:34,control,particular_seller_only,95.0,1
C00004067,G0003640,2026-10-24 14:37:32,control,buylead_created,0.6,1
C00004068,G0003641,2026-10-24 14:50:39,test,buylead_created,26.3,1
C00004069,G0003642,2026-10-24 16:02:48,control,buylead_created,61.9,1
C00004070,G0003643,2026-10-24 17:50:08,test,no_requirement,25.0,1
C00004071,G0003644,2026-10-24 19:15:45,test,no_requirement,32.1,1
C00004072,G0003645,2026-10-24 11:49:06,control,no_requirement,26.1,1
C00004073,G0003646,2026-10-24 15:27:15,control,particular_seller_only,111.3,1
C00004074,G0003647,2026-10-24 09:26:41,test,requirement_unconfirmed,27.1,1
C00004075,G0003648,2026-10-24 18:27:34,test,no_connect,46.5,0
C00004076,G0003649,2026-10-24 08:22:32,control,no_connect,78.4,0
C00004077,G0003650,2026-10-24 10:30:34,control,buylead_created,81.2,1
C00004078,G0003651,2026-10-24 18:06:35,control,buylead_created,56.7,1
C00004079,G0003652,2026-10-24 10:36:38,control,requirement_unconfirmed,63.9,1
C00004080,G0003653,2026-10-24 18:47:33,control,particular_seller_only,82.4,1
C00004081,G0003654,2026-10-24 11:51:58,control,requirement_unconfirmed,26.6,1
C00004082,G0003655,2026-10-24 09:50:31,control,buylead_created,100.4,1
C00004083,G0003656,2026-10-24 18:10:23,test,no_requirement,13.8,1
C00004084,G0003657,2026-10-24 17:48:36,control,no_requirement,54.8,1
C00004085,G0003658,2026-10-24 08:09:23,control,buylead_created,50.8,1
C00004086,G0003659,2026-10-24 15:14:17,control,requirement_unconfirmed,0.9,1
C00004087,G0003660,2026-10-24 13:47:52,control,no_requirement,45.6,1
C00004088,G0003661,2026-10-24 16:39:13,control,no_requirement,11.4,1
C00004089,G0003662,2026-10-24 16:03:46,test,buylead_created,54.8,1
C00004090,G0003662,2026-10-25 04:03:46,test,other,51.7,1
C00004091,G0003663,2026-10-24 12:31:07,control,buylead_created,47.1,1
C00004092,G0003664,2026-10-24 14:34:32,test,buylead_created,93.5,1
C00004093,G0003664,2026-10-25 05:34:32,test,other,28.7,1
C00004094,G0003665,2026-10-24 18:50:55,control,buylead_created,46.7,1
C00004095,G0003666,2026-10-24 09:46:41,control,particular_seller_only,386.6,1
C00004096,G0003667,2026-10-24 12:44:37,test,requirement_unconfirmed,28.4,1
C00004097,G0003667,2026-10-24 16:44:37,test,other,21.3,1
C00004098,G0003668,2026-10-24 13:35:50,control,requirement_unconfirmed,77.0,1
C00004099,G0003669,2026-10-24 10:46:41,control,requirement_unconfirmed,148.2,1
C00004100,G0003670,2026-10-24 15:10:52,control,particular_seller_only,22.0,1
C00004101,G0003671,2026-10-24 08:52:10,control,buylead_created,65.2,1
C00004102,G0003672,2026-10-24 10:42:53,control,other,47.1,1
C00004103,G0003673,2026-10-24 12:11:40,control,no_requirement,82.8,1
C00004104,G0003674,2026-10-24 16:05:41,control,buylead_created,1.6,1
C00004105,G0003675,2026-10-24 08:29:40,test,particular_seller_only,114.4,1
C00004106,G0003676,2026-10-24 19:31:03,control,buylead_created,44.9,1
C00004107,G0003677,2026-10-24 11:00:58,control,particular_seller_only,111.2,1
C00004108,G0003678,2026-10-24 14:37:31,test,particular_seller_only,0.5,1
C00004109,G0003679,2026-10-24 11:18:26,test,buylead_created,64.0,1
C00004110,G0003680,2026-10-24 08:13:22,control,particular_seller_only,175.5,1
C00004111,G0003681,2026-10-24 08:18:25,test,buylead_created,60.8,1
C00004112,G0003682,2026-10-24 16:06:17,test,requirement_unconfirmed,53.5,1
C00004113,G0003683,2026-10-24 19:15:18,control,buylead_created,109.7,1
C00004114,G0003684,2026-10-24 10:45:05,control,particular_seller_only,99.6,1
C00004115,G0003685,2026-10-24 19:37:13,control,buylead_created,1.1,1
C00004116,G0003686,2026-10-24 16:15:16,control,requirement_unconfirmed,59.3,1
C00004117,G0003686,2026-10-25 05:15:16,control,other,0.9,1
C00004118,G0003687,2026-10-24 14:31:14,control,no_requirement,13.6,1
C00004119,G0003688,2026-10-24 18:13:41,control,buylead_created,90.3,1
C00004120,G0003689,2026-10-24 15:03:29,test,no_requirement,158.8,1
C00004121,G0003690,2026-10-24 13:55:00,test,buylead_created,13.4,1
C00004122,G0003691,2026-10-24 18:49:58,test,no_connect,60.1,0
C00004123,G0003692,2026-10-24 16:13:41,test,particular_seller_only,51.1,1
C00004124,G0003693,2026-10-24 16:40:25,control,buylead_created,8.6,1
C00004125,G0003694,2026-10-24 08:13:59,test,particular_seller_only,89.3,1
C00004126,G0003695,2026-10-24 10:18:11,control,no_connect,166.2,0
C00004127,G0003696,2026-10-24 18:43:19,control,buylead_created,199.8,1
C00004128,G0003697,2026-10-24 16:49:18,control,buylead_created,51.6,1
C00004129,G0003698,2026-10-24 10:55:51,control,buylead_created,93.3,1
C00004130,G0003699,2026-10-24 14:51:56,control,buylead_created,95.3,1
C00004131,G0003700,2026-10-24 14:35:36,control,buylead_created,72.2,1
C00004132,G0003700,2026-10-25 18:35:36,control,other,87.5,1
C00004133,G0003701,2026-10-24 16:54:53,control,requirement_unconfirmed,100.2,1
C00004134,G0003702,2026-10-24 10:59:22,test,buylead_created,95.8,1
C00004135,G0003703,2026-10-24 11:23:58,test,other,1.4,1
C00004136,G0003704,2026-10-24 18:49:31,control,particular_seller_only,30.2,1
C00004137,G0003705,2026-10-24 19:25:10,test,buylead_created,79.6,1
C00004138,G0003706,2026-10-24 11:01:33,control,no_requirement,5.0,1
C00004139,G0003707,2026-10-24 14:15:35,control,buylead_created,41.4,1
C00004140,G0003708,2026-10-24 10:22:53,control,no_connect,5.0,0
C00004141,G0003709,2026-10-24 12:12:20,control,buylead_created,51.1,1
C00004142,G0003710,2026-10-24 19:51:54,control,requirement_unconfirmed,25.5,1
C00004143,G0003711,2026-10-24 10:14:00,control,particular_seller_only,2.6,1
C00004144,G0003712,2026-10-24 11:12:38,control,buylead_created,21.4,1
C00004145,G0003713,2026-10-24 13:12:49,control,particular_seller_only,64.0,1
C00004146,G0003714,2026-10-24 11:08:32,control,requirement_unconfirmed,0.5,1
C00004147,G0003714,2026-10-25 14:08:32,control,other,47.8,1
C00004148,G0003715,2026-10-24 15:20:15,test,buylead_created,42.5,1
C00004149,G0003716,2026-10-24 10:48:27,control,other,86.4,1
C00004150,G0003716,2026-10-24 16:48:27,control,other,67.1,1
C00004151,G0003717,2026-10-24 18:31:24,control,buylead_created,77.5,1
C00004152,G0003718,2026-10-24 15:58:58,control,no_requirement,1.3,1
C00004153,G0003719,2026-10-24 13:01:11,control,requirement_unconfirmed,76.5,1
C00004154,G0003720,2026-10-24 16:50:25,test,particular_seller_only,140.7,1
C00004155,G0003721,2026-10-24 12:26:06,control,requirement_unconfirmed,13.2,1
C00004156,G0003722,2026-10-24 15:11:07,control,no_connect,87.5,0
C00004157,G0003723,2026-10-24 13:58:23,control,buylead_created,62.9,1
C00004158,G0003723,2026-10-25 03:58:23,control,other,70.3,1
C00004159,G0003724,2026-10-24 12:31:39,control,buylead_created,91.2,1
C00004160,G0003725,2026-10-24 10:11:05,test,buylead_created,24.1,1
C00004161,G0003726,2026-10-24 17:33:27,control,no_connect,64.4,0
C00004162,G0003727,2026-10-24 16:06:26,control,buylead_created,28.1,1
C00004163,G0003728,2026-10-24 13:03:29,control,particular_seller_only,95.5,1
C00004164,G0003728,2026-10-25 07:03:29,control,other,42.5,1
C00004165,G0003729,2026-10-24 18:30:39,control,buylead_created,62.4,1
C00004166,G0003730,2026-10-24 19:23:32,test,buylead_created,87.3,1
C00004167,G0003731,2026-10-24 19:31:42,test,buylead_created,55.2,1
C00004168,G0003731,2026-10-25 02:31:42,test,other,39.6,1
C00004169,G0003732,2026-10-24 19:17:23,control,requirement_unconfirmed,71.8,1
C00004170,G0003733,2026-10-24 16:05:44,control,no_requirement,35.0,1
C00004171,G0003734,2026-10-24 08:16:33,control,requirement_unconfirmed,48.0,1
C00004172,G0003735,2026-10-24 15:32:36,control,no_connect,17.5,0
C00004173,G0003736,2026-10-24 17:46:11,control,requirement_unconfirmed,94.2,1
C00004174,G0003737,2026-10-24 18:59:37,control,buylead_created,10.0,1
C00004175,G0003738,2026-10-24 09:26:33,control,no_requirement,73.9,1
C00004176,G0003739,2026-10-24 17:24:40,test,particular_seller_only,161.5,1
C00004177,G0003740,2026-10-24 19:49:12,test,other,22.2,1
C00004178,G0003741,2026-10-24 13:42:07,control,no_connect,2.4,0
C00004179,G0003742,2026-10-24 17:17:37,test,buylead_created,88.8,1
C00004180,G0003742,2026-10-25 03:17:37,test,other,60.8,1
C00004181,G0003743,2026-10-24 17:08:33,control,no_requirement,42.5,1
C00004182,G0003744,2026-10-24 14:25:06,control,particular_seller_only,59.5,1
C00004183,G0003745,2026-10-24 14:21:14,control,buylead_created,74.7,1
C00004184,G0003746,2026-10-24 18:59:10,control,buylead_created,129.7,1
C00004185,G0003747,2026-10-24 16:20:53,control,buylead_created,77.8,1
C00004186,G0003748,2026-10-24 12:34:13,control,particular_seller_only,81.9,1
C00004187,G0003749,2026-10-24 09:44:27,control,buylead_created,48.0,1
C00004188,G0003750,2026-10-24 09:28:58,control,no_requirement,65.1,1
C00004189,G0003750,2026-10-25 12:28:58,control,other,28.3,1
C00004190,G0003751,2026-10-24 12:37:03,control,particular_seller_only,54.1,1
C00004191,G0003752,2026-10-24 13:59:22,control,buylead_created,57.0,1
C00004192,G0003753,2026-10-24 14:49:07,test,no_connect,57.5,0
C00004193,G0003754,2026-10-24 10:40:48,test,buylead_created,78.9,1
C00004194,G0003755,2026-10-24 13:40:53,control,buylead_created,14.1,1
C00004195,G0003756,2026-10-24 14:03:25,control,buylead_created,42.5,1
C00004196,G0003757,2026-10-24 14:18:07,control,no_connect,51.6,0
C00004197,G0003758,2026-10-24 10:33:01,test,buylead_created,66.7,1
C00004198,G0003759,2026-10-24 17:27:43,test,no_requirement,24.1,1
C00004199,G0003760,2026-10-24 16:43:04,control,no_requirement,6.0,1
C00004200,G0003761,2026-10-24 18:28:01,test,no_requirement,40.8,1
C00004201,G0003762,2026-10-24 11:58:36,test,particular_seller_only,21.4,1
C00004202,G0003763,2026-10-24 08:09:20,control,requirement_unconfirmed,79.0,1
C00004203,G0003764,2026-10-24 10:57:45,test,requirement_unconfirmed,99.6,1
C00004204,G0003764,2026-10-25 00:57:45,test,other,118.2,1
C00004205,G0003765,2026-10-24 10:22:40,control,buylead_created,67.4,1
C00004206,G0003766,2026-10-24 17:08:58,control,requirement_unconfirmed,34.3,1
C00004207,G0003767,2026-10-24 12:23:30,control,no_requirement,70.3,1
C00004208,G0003768,2026-10-24 13:51:58,test,no_requirement,47.8,1
C00004209,G0003769,2026-10-24 10:50:35,control,buylead_created,23.0,1
C00004210,G0003770,2026-10-24 18:02:55,control,buylead_created,7.6,1
C00004211,G0003771,2026-10-24 13:56:36,control,particular_seller_only,57.5,1
C00004212,G0003772,2026-10-24 14:19:45,control,buylead_created,19.2,1
C00004213,G0003773,2026-10-24 17:22:20,control,buylead_created,12.8,1
C00004214,G0003774,2026-10-24 19:15:15,control,requirement_unconfirmed,158.3,1
C00004215,G0003775,2026-10-24 14:36:37,control,requirement_unconfirmed,63.9,1
C00004216,G0003775,2026-10-25 00:36:37,control,other,72.2,1
C00004217,G0003776,2026-10-24 11:51:42,test,requirement_unconfirmed,64.8,1
C00004218,G0003777,2026-10-24 08:31:03,control,buylead_created,25.0,1
C00004219,G0003778,2026-10-24 09:40:23,control,requirement_unconfirmed,53.8,1
C00004220,G0003779,2026-10-24 17:39:32,control,buylead_created,77.0,1
C00004221,G0003780,2026-10-24 12:18:47,control,buylead_created,121.5,1
C00004222,G0003781,2026-10-24 19:26:16,test,no_requirement,21.5,1
C00004223,G0003781,2026-10-25 06:26:16,test,other,30.8,1
C00004224,G0003782,2026-10-24 13:22:32,control,particular_seller_only,57.4,1
C00004225,G0003783,2026-10-24 12:03:44,control,buylead_created,43.8,1
C00004226,G0003784,2026-10-24 17:03:34,control,buylead_created,140.7,1
C00004227,G0003785,2026-10-24 10:06:45,test,other,66.0,1
C00004228,G0003786,2026-10-24 14:21:05,test,requirement_unconfirmed,26.1,1
C00004229,G0003787,2026-10-24 17:16:15,control,buylead_created,109.4,1
C00004230,G0003788,2026-10-24 09:23:25,test,buylead_created,53.5,1
C00004231,G0003788,2026-10-25 03:23:25,test,other,1.4,1
C00004232,G0003789,2026-10-24 12:34:23,test,no_connect,8.1,0
C00004233,G0003790,2026-10-24 14:18:33,test,no_requirement,130.0,1
C00004234,G0003791,2026-10-24 09:56:50,control,requirement_unconfirmed,93.7,1
C00004235,G0003792,2026-10-24 13:10:41,control,no_requirement,162.9,1
C00004236,G0003793,2026-10-24 18:35:35,control,buylead_created,87.3,1
C00004237,G0003794,2026-10-24 19:09:17,control,no_requirement,12.7,1
C00004238,G0003795,2026-10-24 18:42:28,control,buylead_created,56.6,1
C00004239,G0003796,2026-10-24 11:36:48,control,buylead_created,35.8,1
C00004240,G0003797,2026-10-24 11:41:34,control,buylead_created,95.2,1
C00004241,G0003798,2026-10-24 13:28:33,control,requirement_unconfirmed,82.6,1
C00004242,G0003799,2026-10-24 13:33:35,test,particular_seller_only,83.5,1
C00004243,G0003800,2026-10-24 10:42:14,control,requirement_unconfirmed,55.6,1
C00004244,G0003801,2026-10-24 15:13:11,control,particular_seller_only,22.8,1
C00004245,G0003802,2026-10-24 17:46:40,control,no_requirement,164.8,1
C00004246,G0003803,2026-10-24 16:30:41,test,no_requirement,0.9,1
C00004247,G0003804,2026-10-24 10:08:36,test,no_connect,90.8,0
C00004248,G0003805,2026-10-24 17:49:22,test,requirement_unconfirmed,57.0,1
C00004249,G0003806,2026-10-24 13:01:19,control,buylead_created,97.3,1
C00004250,G0003807,2026-10-24 08:06:43,control,no_requirement,232.6,1
C00004251,G0003807,2026-10-24 23:06:43,control,other,52.7,1
C00004252,G0003808,2026-10-24 08:51:02,test,no_requirement,126.2,1
C00004253,G0003809,2026-10-24 15:36:22,control,no_requirement,89.0,1
C00004254,G0003810,2026-10-24 12:33:20,control,particular_seller_only,75.3,1
C00004255,G0003811,2026-10-24 13:19:20,control,requirement_unconfirmed,54.9,1
C00004256,G0003812,2026-10-24 10:52:33,control,particular_seller_only,31.4,1
C00004257,G0003813,2026-10-24 14:14:27,control,buylead_created,1.4,1
C00004258,G0003814,2026-10-24 09:24:16,control,particular_seller_only,6.0,1
C00004259,G0003815,2026-10-24 15:42:37,control,no_connect,79.8,0
C00004260,G0003816,2026-10-24 14:25:29,control,buylead_created,44.4,1
C00004261,G0003817,2026-10-24 17:20:59,control,buylead_created,82.6,1
C00004262,G0003817,2026-10-25 12:20:59,control,other,139.2,1
C00004263,G0003818,2026-10-24 08:27:54,control,requirement_unconfirmed,111.2,1
C00004264,G0003818,2026-10-24 19:27:54,control,other,52.4,1
C00004265,G0003819,2026-10-24 13:54:43,control,no_requirement,6.3,1
C00004266,G0003820,2026-10-24 18:03:33,control,buylead_created,50.3,1
C00004267,G0003821,2026-10-24 18:59:34,control,requirement_unconfirmed,71.0,1
C00004268,G0003822,2026-10-24 17:27:19,test,buylead_created,4.2,1
C00004269,G0003823,2026-10-24 17:56:03,test,no_connect,68.4,0
C00004270,G0003823,2026-10-25 00:56:03,test,other,8.6,1
C00004271,G0003824,2026-10-24 14:10:28,test,requirement_unconfirmed,92.7,1
C00004272,G0003825,2026-10-24 16:36:37,control,buylead_created,43.2,1
C00004273,G0003826,2026-10-24 19:42:52,control,no_requirement,85.5,1
C00004274,G0003827,2026-10-24 08:10:42,control,buylead_created,14.9,1
C00004275,G0003828,2026-10-24 11:25:02,control,buylead_created,129.7,1
C00004276,G0003828,2026-10-24 20:25:02,control,other,69.0,1
C00004277,G0003829,2026-10-24 13:53:25,test,no_requirement,99.9,1
C00004278,G0003830,2026-10-24 08:53:13,test,buylead_created,71.0,1
C00004279,G0003831,2026-10-24 08:13:21,test,no_connect,25.6,0
C00004280,G0003832,2026-10-24 17:04:49,control,particular_seller_only,109.4,1
C00004281,G0003833,2026-10-24 11:41:50,control,buylead_created,61.0,1
C00004282,G0003834,2026-10-24 15:58:20,control,buylead_created,42.5,1
C00004283,G0003835,2026-10-24 12:18:14,control,requirement_unconfirmed,38.8,1
C00004284,G0003836,2026-10-24 16:10:58,test,buylead_created,85.5,1
C00004285,G0003837,2026-10-24 17:08:12,test,buylead_created,192.1,1
C00004286,G0003838,2026-10-24 11:55:18,control,buylead_created,182.2,1
C00004287,G0003839,2026-10-24 10:56:49,control,buylead_created,33.2,1
C00004288,G0003840,2026-10-24 12:43:45,control,no_requirement,52.7,1
C00004289,G0003841,2026-10-24 11:17:09,control,buylead_created,35.1,1
C00004290,G0003842,2026-10-24 14:32:42,control,buylead_created,57.4,1
C00004291,G0003843,2026-10-24 09:22:20,test,other,52.7,1
C00004292,G0003844,2026-10-24 13:55:02,test,buylead_created,144.4,1
C00004293,G0003845,2026-10-24 09:29:44,control,particular_seller_only,77.4,1
C00004294,G0003846,2026-10-24 13:12:13,control,buylead_created,46.5,1
C00004295,G0003847,2026-10-24 13:35:33,control,no_requirement,58.5,1
C00004296,G0003848,2026-10-24 16:53:42,control,no_requirement,10.2,1
C00004297,G0003849,2026-10-24 10:00:49,control,no_requirement,114.3,1
C00004298,G0003850,2026-10-24 18:18:15,control,buylead_created,13.8,1
C00004299,G0003851,2026-10-24 14:46:38,control,no_requirement,89.1,1
C00004300,G0003852,2026-10-24 19:40:47,control,requirement_unconfirmed,119.4,1
C00004301,G0003853,2026-10-24 12:53:18,control,other,18.1,1
C00004302,G0003854,2026-10-24 11:52:27,test,buylead_created,14.0,1
C00004303,G0003855,2026-10-24 09:57:49,control,buylead_created,119.4,1
C00004304,G0003856,2026-10-24 09:59:28,test,buylead_created,100.2,1
C00004305,G0003857,2026-10-24 18:59:44,test,buylead_created,111.3,1
C00004306,G0003858,2026-10-24 14:51:19,control,buylead_created,5.3,1
C00004307,G0003859,2026-10-24 12:14:16,test,buylead_created,38.1,1
C00004308,G0003860,2026-10-24 11:01:18,control,particular_seller_only,95.8,1
C00004309,G0003861,2026-10-24 18:59:16,control,buylead_created,43.8,1
C00004310,G0003861,2026-10-25 11:59:16,control,other,45.6,1
C00004311,G0003862,2026-10-24 19:44:31,control,buylead_created,54.0,1
C00004312,G0003863,2026-10-24 18:57:25,control,particular_seller_only,64.2,1
C00004313,G0003864,2026-10-24 16:24:42,control,buylead_created,71.0,1
C00004314,G0003865,2026-10-24 15:54:33,control,buylead_created,35.9,1
C00004315,G0003866,2026-10-24 09:25:20,control,buylead_created,51.6,1
C00004316,G0003867,2026-10-24 12:32:50,control,particular_seller_only,0.3,1
C00004317,G0003868,2026-10-24 08:02:40,test,no_requirement,92.5,1
C00004318,G0003869,2026-10-24 17:27:19,test,buylead_created,42.9,1
C00004319,G0003870,2026-10-24 14:14:47,test,buylead_created,3.1,1
C00004320,G0003870,2026-10-25 09:14:47,test,other,95.3,1
C00004321,G0003871,2026-10-24 16:47:26,control,buylead_created,61.1,1
C00004322,G0003872,2026-10-24 08:35:29,control,requirement_unconfirmed,37.2,1
C00004323,G0003872,2026-10-25 06:35:29,control,other,1.4,1
C00004324,G0003873,2026-10-24 08:19:45,control,buylead_created,15.9,1
C00004325,G0003873,2026-10-25 09:19:45,control,other,39.6,1
C00004326,G0003874,2026-10-24 15:57:31,control,requirement_unconfirmed,176.8,1
C00004327,G0003875,2026-10-24 15:13:47,control,requirement_unconfirmed,83.6,1
C00004328,G0003876,2026-10-24 18:36:16,test,buylead_created,8.6,1
C00004329,G0003877,2026-10-24 19:43:31,control,no_connect,71.0,0
C00004330,G0003878,2026-10-24 13:28:46,control,buylead_created,90.1,1
C00004331,G0003879,2026-10-24 16:09:06,control,no_connect,35.9,0
C00004332,G0003880,2026-10-24 16:12:17,control,buylead_created,33.3,1
C00004333,G0003881,2026-10-24 12:29:50,control,other,82.3,1
C00004334,G0003882,2026-10-24 12:54:21,control,requirement_unconfirmed,7.6,1
C00004335,G0003883,2026-10-24 19:29:43,control,buylead_created,2.3,1
C00004336,G0003884,2026-10-24 14:38:07,control,requirement_unconfirmed,4.8,1
C00004337,G0003885,2026-10-24 08:07:24,control,buylead_created,70.1,1
C00004338,G0003886,2026-10-24 19:56:57,control,requirement_unconfirmed,34.3,1
C00004339,G0003887,2026-10-24 17:38:43,test,buylead_created,171.9,1
C00004340,G0003888,2026-10-24 11:53:54,control,buylead_created,158.3,1
C00004341,G0003889,2026-10-24 16:12:33,control,other,25.5,1
C00004342,G0003890,2026-10-24 17:51:09,control,no_connect,9.7,0
C00004343,G0003891,2026-10-24 14:15:10,test,buylead_created,62.3,1
C00004344,G0003891,2026-10-24 16:15:10,test,other,111.2,1
C00004345,G0003892,2026-10-24 16:58:31,test,requirement_unconfirmed,51.1,1
C00004346,G0003893,2026-10-24 16:02:24,test,requirement_unconfirmed,91.2,1
C00004347,G0003894,2026-10-24 14:35:39,control,no_connect,109.4,0
C00004348,G0003895,2026-10-24 09:54:44,control,particular_seller_only,64.8,1
C00004349,G0003896,2026-10-24 16:17:55,test,buylead_created,95.3,1
C00004350,G0003897,2026-10-24 17:42:35,test,other,49.4,1
C00004351,G0003898,2026-10-24 12:12:09,control,buylead_created,10.2,1
C00004352,G0003899,2026-10-24 11:39:47,control,requirement_unconfirmed,125.1,1
C00004353,G0003900,2026-10-25 09:06:39,test,no_requirement,91.5,1
C00004354,G0003901,2026-10-25 13:48:29,control,buylead_created,38.8,1
C00004355,G0003902,2026-10-25 12:13:28,control,particular_seller_only,1.2,1
C00004356,G0003903,2026-10-25 18:40:35,control,requirement_unconfirmed,162.9,1
C00004357,G0003904,2026-10-25 17:33:19,test,buylead_created,42.8,1
C00004358,G0003905,2026-10-25 18:54:19,control,other,78.6,1
C00004359,G0003906,2026-10-25 11:21:58,control,no_connect,144.4,0
C00004360,G0003906,2026-10-25 20:21:58,control,other,113.6,1
C00004361,G0003907,2026-10-25 15:44:02,test,no_requirement,70.8,1
C00004362,G0003908,2026-10-25 17:50:59,control,buylead_created,56.6,1
C00004363,G0003909,2026-10-25 15:43:53,control,buylead_created,62.5,1
C00004364,G0003910,2026-10-25 11:45:34,control,buylead_created,90.3,1
C00004365,G0003911,2026-10-25 15:53:32,control,no_connect,42.8,0
C00004366,G0003912,2026-10-25 15:20:25,control,buylead_created,32.5,1
C00004367,G0003913,2026-10-25 17:13:23,control,no_requirement,81.4,1
C00004368,G0003914,2026-10-25 09:48:47,control,buylead_created,114.4,1
C00004369,G0003915,2026-10-25 08:06:11,test,buylead_created,109.7,1
C00004370,G0003916,2026-10-25 14:57:56,control,no_connect,33.0,0
C00004371,G0003917,2026-10-25 19:57:08,control,no_requirement,89.8,1
C00004372,G0003918,2026-10-25 10:24:40,control,buylead_created,46.5,1
C00004373,G0003919,2026-10-25 19:37:40,control,particular_seller_only,14.0,1
C00004374,G0003920,2026-10-25 11:45:42,control,buylead_created,14.9,1
C00004375,G0003921,2026-10-25 09:26:45,control,buylead_created,105.3,1
C00004376,G0003922,2026-10-25 19:11:07,control,particular_seller_only,7.3,1
C00004377,G0003923,2026-10-25 14:59:23,control,no_requirement,119.7,1
C00004378,G0003924,2026-10-25 14:24:46,test,buylead_created,57.4,1
C00004379,G0003925,2026-10-25 09:31:26,control,buylead_created,60.6,1
C00004380,G0003926,2026-10-25 17:35:00,test,no_requirement,204.7,1
C00004381,G0003927,2026-10-25 19:59:00,control,no_requirement,64.2,1
C00004382,G0003928,2026-10-25 14:35:19,test,buylead_created,43.8,1
C00004383,G0003929,2026-10-25 19:50:10,test,requirement_unconfirmed,147.5,1
C00004384,G0003930,2026-10-25 16:31:57,control,buylead_created,0.6,1
C00004385,G0003930,2026-10-26 05:31:57,control,other,2.1,1
C00004386,G0003931,2026-10-25 10:44:00,test,no_connect,81.4,0
C00004387,G0003932,2026-10-25 17:08:21,test,buylead_created,158.8,1
C00004388,G0003933,2026-10-25 12:41:29,control,no_requirement,227.8,1
C00004389,G0003934,2026-10-25 15:12:25,test,buylead_created,7.5,1
C00004390,G0003935,2026-10-25 13:19:52,control,buylead_created,86.9,1
C00004391,G0003936,2026-10-25 19:05:49,control,buylead_created,88.8,1
C00004392,G0003937,2026-10-25 10:45:53,control,no_connect,109.4,0
C00004393,G0003937,2026-10-26 12:45:53,control,other,82.9,1
C00004394,G0003938,2026-10-25 15:58:07,control,requirement_unconfirmed,53.2,1
C00004395,G0003939,2026-10-25 12:28:56,control,buylead_created,61.0,1
C00004396,G0003940,2026-10-25 10:00:57,test,buylead_created,46.4,1
C00004397,G0003940,2026-10-25 20:00:57,test,other,76.6,1
C00004398,G0003941,2026-10-25 17:37:22,control,buylead_created,26.6,1
C00004399,G0003942,2026-10-25 11:34:52,control,buylead_created,111.9,1
C00004400,G0003943,2026-10-25 17:10:19,control,buylead_created,110.0,1
C00004401,G0003944,2026-10-25 13:28:59,control,requirement_unconfirmed,113.3,1
C00004402,G0003945,2026-10-25 09:51:42,control,no_requirement,63.6,1
C00004403,G0003946,2026-10-25 15:17:39,control,buylead_created,84.2,1
C00004404,G0003947,2026-10-25 13:07:19,control,no_requirement,100.6,1
C00004405,G0003948,2026-10-25 16:08:02,test,buylead_created,0.3,1
C00004406,G0003949,2026-10-25 11:36:59,control,buylead_created,92.7,1
C00004407,G0003950,2026-10-25 10:35:01,control,other,26.6,1
C00004408,G0003951,2026-10-25 19:23:11,control,other,73.9,1
C00004409,G0003952,2026-10-25 16:07:25,control,no_requirement,78.2,1
C00004410,G0003953,2026-10-25 09:52:57,control,buylead_created,60.3,1
C00004411,G0003954,2026-10-25 18:22:02,control,particular_seller_only,8.1,1
C00004412,G0003954,2026-10-25 23:22:02,control,other,13.4,1
C00004413,G0003955,2026-10-25 09:07:28,control,particular_seller_only,158.8,1
C00004414,G0003956,2026-10-25 15:24:28,control,no_requirement,8.4,1
C00004415,G0003957,2026-10-25 08:36:57,test,no_requirement,92.0,1
C00004416,G0003958,2026-10-25 12:30:18,test,buylead_created,125.1,1
C00004417,G0003959,2026-10-25 13:41:12,control,requirement_unconfirmed,114.0,1
C00004418,G0003960,2026-10-25 19:44:56,test,no_requirement,43.9,1
C00004419,G0003961,2026-10-25 11:14:06,control,requirement_unconfirmed,63.9,1
C00004420,G0003962,2026-10-25 16:34:25,control,particular_seller_only,86.9,1
C00004421,G0003963,2026-10-25 11:45:49,control,buylead_created,148.2,1
C00004422,G0003964,2026-10-25 15:34:16,control,requirement_unconfirmed,56.7,1
C00004423,G0003965,2026-10-25 14:02:20,control,no_requirement,22.0,1
C00004424,G0003966,2026-10-25 10:50:07,test,buylead_created,59.5,1
C00004425,G0003967,2026-10-25 11:29:51,control,buylead_created,101.0,1
C00004426,G0003968,2026-10-25 08:32:48,test,buylead_created,33.2,1
C00004427,G0003969,2026-10-25 11:47:51,test,no_requirement,81.3,1
C00004428,G0003970,2026-10-25 17:21:17,test,no_requirement,5.2,1
C00004429,G0003971,2026-10-25 10:12:15,test,buylead_created,102.0,1
C00004430,G0003971,2026-10-25 13:12:15,test,other,100.2,1
C00004431,G0003972,2026-10-25 11:17:51,test,particular_seller_only,70.1,1
C00004432,G0003973,2026-10-25 16:58:02,control,requirement_unconfirmed,82.2,1
C00004433,G0003974,2026-10-25 16:16:42,test,particular_seller_only,33.3,1
C00004434,G0003975,2026-10-25 16:55:45,test,no_requirement,47.5,1
C00004435,G0003976,2026-10-25 08:25:57,control,buylead_created,88.1,1
C00004436,G0003977,2026-10-25 11:27:27,control,buylead_created,89.5,1
C00004437,G0003978,2026-10-25 14:00:34,control,no_requirement,85.5,1
C00004438,G0003979,2026-10-25 12:05:38,control,buylead_created,64.2,1
C00004439,G0003979,2026-10-26 12:05:38,control,other,22.3,1
C00004440,G0003980,2026-10-25 13:53:28,control,buylead_created,7.7,1
C00004441,G0003981,2026-10-25 15:02:41,test,buylead_created,62.0,1
C00004442,G0003982,2026-10-25 09:34:07,test,buylead_created,103.7,1
C00004443,G0003983,2026-10-25 11:04:27,control,particular_seller_only,62.3,1
C00004444,G0003984,2026-10-25 15:40:38,test,buylead_created,53.2,1
C00004445,G0003985,2026-10-25 11:50:44,control,no_requirement,16.2,1
C00004446,G0003986,2026-10-25 11:09:14,control,buylead_created,72.4,1
C00004447,G0003987,2026-10-25 14:14:20,control,buylead_created,124.6,1
C00004448,G0003988,2026-10-25 16:03:15,control,no_requirement,0.4,1
C00004449,G0003989,2026-10-25 10:07:04,control,no_requirement,76.6,1
C00004450,G0003990,2026-10-25 08:44:13,control,other,66.5,1
C00004451,G0003990,2026-10-26 09:44:13,control,other,26.1,1
C00004452,G0003991,2026-10-25 19:06:56,control,buylead_created,1.3,1
C00004453,G0003992,2026-10-25 08:27:29,test,no_requirement,91.7,1
C00004454,G0003993,2026-10-25 18:10:50,test,buylead_created,56.7,1
C00004455,G0003994,2026-10-25 16:44:58,test,buylead_created,176.8,1
C00004456,G0003995,2026-10-25 19:42:53,control,no_requirement,63.6,1
C00004457,G0003996,2026-10-25 13:53:31,control,requirement_unconfirmed,66.8,1
C00004458,G0003997,2026-10-25 15:07:37,test,buylead_created,55.7,1
C00004459,G0003998,2026-10-25 10:19:42,control,buylead_created,185.0,1
C00004460,G0003999,2026-10-25 19:19:11,control,buylead_created,16.8,1
C00004461,G0004000,2026-10-25 14:09:10,control,requirement_unconfirmed,73.4,1
C00004462,G0004001,2026-10-25 09:54:37,control,buylead_created,345.4,1
C00004463,G0004002,2026-10-25 14:32:46,test,buylead_created,78.2,1
C00004464,G0004003,2026-10-25 15:51:37,test,buylead_created,117.2,1
C00004465,G0004004,2026-10-25 17:26:22,control,other,37.2,1
C00004466,G0004004,2026-10-25 19:26:22,control,other,89.0,1
C00004467,G0004005,2026-10-25 09:32:33,control,no_requirement,1.7,1
C00004468,G0004006,2026-10-25 09:38:57,control,buylead_created,79.5,1
C00004469,G0004007,2026-10-25 08:59:37,test,no_requirement,87.3,1
C00004470,G0004008,2026-10-25 13:00:52,test,particular_seller_only,92.5,1
C00004471,G0004009,2026-10-25 11:14:45,control,buylead_created,13.6,1
C00004472,G0004010,2026-10-25 14:32:30,control,buylead_created,71.8,1
C00004473,G0004011,2026-10-25 16:38:02,control,buylead_created,4.9,1
C00004474,G0004012,2026-10-25 17:19:03,control,no_requirement,19.9,1
C00004475,G0004012,2026-10-26 00:19:03,control,other,15.9,1
C00004476,G0004013,2026-10-25 11:26:53,test,buylead_created,41.5,1
C00004477,G0004014,2026-10-25 15:13:39,test,buylead_created,89.0,1
C00004478,G0004015,2026-10-25 12:59:48,control,buylead_created,112.0,1
C00004479,G0004016,2026-10-25 11:15:16,control,,21.3,1
C00004480,G0004016,2026-10-26 09:15:16,control,other,114.4,1
C00004481,G0004017,2026-10-25 08:31:38,test,buylead_created,46.9,1
C00004482,G0004018,2026-10-25 15:49:18,test,buylead_created,76.3,1
C00004483,G0004019,2026-10-25 11:47:07,control,particular_seller_only,100.9,1
C00004484,G0004020,2026-10-25 16:36:39,test,no_requirement,76.5,1
C00004485,G0004021,2026-10-25 08:39:06,test,buylead_created,41.5,1
C00004486,G0004022,2026-10-25 11:23:56,control,requirement_unconfirmed,77.4,1
C00004487,G0004022,2026-10-26 06:23:56,control,other,88.8,1
C00004488,G0004023,2026-10-25 09:53:24,control,buylead_created,64.8,1
C00004489,G0004024,2026-10-25 14:04:53,control,no_connect,118.3,0
C00004490,G0004025,2026-10-25 16:48:03,control,buylead_created,66.5,1
C00004491,G0004026,2026-10-25 08:27:30,control,buylead_created,46.4,1
C00004492,G0004026,2026-10-26 10:27:30,control,other,108.9,1
C00004493,G0004027,2026-10-25 13:44:05,control,buylead_created,41.0,1
C00004494,G0004028,2026-10-25 15:33:13,control,buylead_created,83.3,1
C00004495,G0004029,2026-10-25 08:32:55,control,buylead_created,185.0,1
C00004496,G0004030,2026-10-25 13:31:54,test,no_requirement,116.1,1
C00004497,G0004031,2026-10-25 14:09:06,control,particular_seller_only,51.9,1
C00004498,G0004031,2026-10-26 00:09:06,control,other,67.5,1
C00004499,G0004032,2026-10-25 13:55:56,control,buylead_created,67.9,1
C00004500,G0004033,2026-10-25 13:14:34,control,buylead_created,66.5,1
C00004501,G0004034,2026-10-25 16:02:07,control,no_requirement,61.0,1
C00004502,G0004035,2026-10-25 19:00:28,control,no_requirement,7.1,1
C00004503,G0004036,2026-10-25 08:31:52,control,requirement_unconfirmed,42.8,1
C00004504,G0004037,2026-10-25 15:57:18,control,buylead_created,77.0,1
C00004505,G0004037,2026-10-25 21:57:18,control,other,28.4,1
C00004506,G0004038,2026-10-25 08:42:49,control,particular_seller_only,4.2,1
C00004507,G0004039,2026-10-25 10:12:31,test,buylead_created,62.7,1
C00004508,G0004040,2026-10-25 09:10:19,control,particular_seller_only,77.1,1
C00004509,G0004041,2026-10-25 10:33:42,control,buylead_created,44.4,1
C00004510,G0004041,2026-10-25 14:33:42,control,other,62.7,1
C00004511,G0004042,2026-10-25 14:34:20,test,requirement_unconfirmed,76.3,1
C00004512,G0004042,2026-10-26 09:34:20,test,other,121.2,1
C00004513,G0004043,2026-10-25 11:34:22,control,no_connect,386.6,0
C00004514,G0004044,2026-10-25 15:31:23,control,buylead_created,74.1,1
C00004515,G0004045,2026-10-25 17:48:02,control,requirement_unconfirmed,84.0,1
C00004516,G0004046,2026-10-25 13:21:26,control,requirement_unconfirmed,76.5,1
C00004517,G0004046,2026-10-26 09:21:26,control,other,79.8,1
C00004518,G0004047,2026-10-25 12:33:06,control,requirement_unconfirmed,75.9,1
C00004519,G0004048,2026-10-25 08:31:18,control,requirement_unconfirmed,42.9,1
C00004520,G0004049,2026-10-25 13:43:05,control,buylead_created,103.7,1
C00004521,G0004050,2026-10-25 19:43:46,control,buylead_created,23.4,1
C00004522,G0004050,2026-10-26 21:43:46,control,other,55.2,1
C00004523,G0004051,2026-10-25 16:47:52,test,buylead_created,91.9,1
C00004524,G0004052,2026-10-25 17:19:31,control,no_requirement,14.9,1
C00004525,G0004053,2026-10-25 08:09:58,test,buylead_created,9.7,1
C00004526,G0004054,2026-10-25 14:45:23,test,buylead_created,21.4,1
C00004527,G0004055,2026-10-25 18:40:21,control,buylead_created,10.9,1
C00004528,G0004056,2026-10-25 13:14:33,control,buylead_created,1.4,1
C00004529,G0004056,2026-10-26 02:14:33,control,other,49.9,1
C00004530,G0004057,2026-10-25 19:25:07,test,no_connect,66.1,0
C00004531,G0004058,2026-10-25 09:02:04,control,buylead_created,6.3,1
C00004532,G0004059,2026-10-25 11:32:12,test,buylead_created,25.5,1
C00004533,G0004060,2026-10-25 08:22:54,control,requirement_unconfirmed,31.6,1
C00004534,G0004061,2026-10-25 18:16:42,control,buylead_created,57.4,1
C00004535,G0004062,2026-10-25 19:32:34,control,buylead_created,175.2,1
C00004536,G0004063,2026-10-25 15:18:28,control,no_requirement,87.2,1
C00004537,G0004064,2026-10-25 13:46:23,test,buylead_created,76.5,1
C00004538,G0004065,2026-10-25 15:18:54,control,buylead_created,56.0,1
C00004539,G0004065,2026-10-25 18:18:54,control,other,58.4,1
C00004540,G0004066,2026-10-25 15:16:53,control,requirement_unconfirmed,91.4,1
C00004541,G0004067,2026-10-25 15:57:12,test,buylead_created,175.5,1
C00004542,G0004068,2026-10-25 19:08:53,control,buylead_created,122.3,1
C00004543,G0004069,2026-10-25 19:13:18,control,no_requirement,60.1,1
C00004544,G0004070,2026-10-25 08:18:22,test,buylead_created,81.5,1
C00004545,G0004071,2026-10-25 15:07:25,control,no_requirement,100.2,1
C00004546,G0004072,2026-10-25 08:31:49,control,other,1.3,1
C00004547,G0004073,2026-10-25 16:45:43,test,no_requirement,42.8,1
C00004548,G0004074,2026-10-25 08:51:48,test,requirement_unconfirmed,62.0,1
C00004549,G0004075,2026-10-25 08:15:01,control,particular_seller_only,74.7,1
C00004550,G0004076,2026-10-25 13:45:39,control,buylead_created,33.3,1
C00004551,G0004077,2026-10-25 13:35:36,control,no_requirement,52.4,1
C00004552,G0004078,2026-10-25 12:07:02,control,no_connect,1.4,0
C00004553,G0004079,2026-10-25 11:47:25,control,particular_seller_only,12.7,1
C00004554,G0004080,2026-10-25 18:53:31,control,requirement_unconfirmed,121.2,1
C00004555,G0004081,2026-10-25 11:03:54,control,buylead_created,88.8,1
C00004556,G0004082,2026-10-25 08:28:01,control,particular_seller_only,1.4,1
C00004557,G0004083,2026-10-25 17:54:15,control,buylead_created,192.1,1
C00004558,G0004084,2026-10-25 15:22:58,control,other,95.2,1
C00004559,G0004084,2026-10-26 14:22:58,control,other,147.5,1
C00004560,G0004085,2026-10-25 10:22:44,test,buylead_created,92.6,1
C00004561,G0004086,2026-10-25 15:01:45,control,particular_seller_only,41.2,1
C00004562,G0004087,2026-10-25 13:41:35,control,no_connect,112.2,0
C00004563,G0004088,2026-10-25 13:30:42,test,no_connect,26.2,0
C00004564,G0004089,2026-10-25 14:48:11,control,buylead_created,142.8,1
C00004565,G0004090,2026-10-25 13:41:36,control,requirement_unconfirmed,8.3,1
C00004566,G0004091,2026-10-25 12:31:12,control,no_requirement,33.0,1
C00004567,G0004092,2026-10-25 17:15:33,control,requirement_unconfirmed,109.4,1
C00004568,G0004093,2026-10-25 14:07:11,control,buylead_created,111.9,1
C00004569,G0004093,2026-10-26 17:07:11,control,other,9.7,1
C00004570,G0004094,2026-10-25 12:18:59,control,no_requirement,61.0,1
C00004571,G0004095,2026-10-25 13:42:02,control,other,89.9,1
C00004572,G0004096,2026-10-25 10:51:48,test,no_requirement,124.4,1
C00004573,G0004097,2026-10-25 15:04:22,control,requirement_unconfirmed,76.3,1
C00004574,G0004098,2026-10-25 10:42:43,test,buylead_created,113.3,1
C00004575,G0004099,2026-10-25 08:32:20,control,buylead_created,69.3,1
C00004576,G0004100,2026-10-25 18:32:05,control,particular_seller_only,74.7,1
C00004577,G0004101,2026-10-25 15:57:48,test,particular_seller_only,8.6,1
C00004578,G0004102,2026-10-25 08:08:32,control,buylead_created,108.9,1
C00004579,G0004103,2026-10-25 14:00:02,test,no_connect,61.6,0
C00004580,G0004104,2026-10-25 16:21:25,control,requirement_unconfirmed,62.7,1
C00004581,G0004105,2026-10-25 10:30:51,test,buylead_created,7.6,1
C00004582,G0004106,2026-10-25 17:08:41,test,buylead_created,42.8,1
C00004583,G0004107,2026-10-25 08:32:20,control,particular_seller_only,62.0,1
C00004584,G0004108,2026-10-25 11:52:05,control,buylead_created,171.9,1
C00004585,G0004109,2026-10-25 16:46:18,control,particular_seller_only,101.4,1
C00004586,G0004110,2026-10-25 14:59:52,test,buylead_created,114.3,1
C00004587,G0004111,2026-10-25 10:29:54,test,no_requirement,62.7,1
C00004588,G0004112,2026-10-25 09:23:26,test,particular_seller_only,62.0,1
C00004589,G0004112,2026-10-26 08:23:26,test,other,88.8,1
C00004590,G0004113,2026-10-25 17:02:05,control,no_requirement,90.9,1
C00004591,G0004114,2026-10-25 13:56:23,control,no_requirement,2.6,1
C00004592,G0004115,2026-10-25 13:38:01,control,no_requirement,105.3,1
C00004593,G0004116,2026-10-25 18:27:55,test,buylead_created,78.7,1
C00004594,G0004117,2026-10-25 19:12:45,control,no_requirement,54.8,1
C00004595,G0004117,2026-10-26 23:12:45,control,other,82.9,1
C00004596,G0004118,2026-10-25 08:29:07,test,buylead_created,103.7,1
C00004597,G0004119,2026-10-25 15:10:31,control,buylead_created,140.0,1
C00004598,G0004120,2026-10-25 13:33:46,control,buylead_created,63.6,1
C00004599,G0004120,2026-10-26 15:33:46,control,other,114.9,1
C00004600,G0004121,2026-10-25 08:56:31,control,requirement_unconfirmed,14.3,1
C00004601,G0004122,2026-10-25 12:03:24,control,other,8.4,1
C00004602,G0004123,2026-10-25 12:07:34,test,buylead_created,79.8,1
C00004603,G0004124,2026-10-25 09:26:51,control,requirement_unconfirmed,51.9,1
C00004604,G0004125,2026-10-25 08:08:17,test,no_requirement,46.5,1
C00004605,G0004125,2026-10-25 19:08:17,test,other,91.3,1
C00004606,G0004126,2026-10-25 09:25:15,control,buylead_created,57.4,1
C00004607,G0004127,2026-10-25 19:05:52,test,requirement_unconfirmed,0.9,1
C00004608,G0004128,2026-10-25 19:06:49,control,buylead_created,101.0,1
C00004609,G0004129,2026-10-25 18:24:43,control,no_requirement,102.0,1
C00004610,G0004130,2026-10-25 12:01:49,control,buylead_created,18.1,1
C00004611,G0004131,2026-10-25 11:33:44,test,buylead_created,70.8,1
C00004612,G0004132,2026-10-25 18:26:55,test,buylead_created,43.9,1
C00004613,G0004133,2026-10-25 19:05:54,test,buylead_created,76.6,1
C00004614,G0004134,2026-10-25 12:53:37,control,particular_seller_only,62.7,1
C00004615,G0004135,2026-10-25 11:02:41,control,particular_seller_only,84.0,1
C00004616,G0004136,2026-10-25 18:19:17,test,no_requirement,62.2,1
C00004617,G0004136,2026-10-26 06:19:17,test,other,86.4,1
C00004618,G0004137,2026-10-25 12:31:28,test,no_requirement,12.8,1
C00004619,G0004138,2026-10-25 15:26:20,control,buylead_created,73.2,1
C00004620,G0004138,2026-10-26 09:26:20,control,other,52.7,1
C00004621,G0004139,2026-10-25 16:04:11,control,other,47.2,1
C00004622,G0004140,2026-10-25 10:35:49,test,requirement_unconfirmed,0.9,1
C00004623,G0004140,2026-10-26 15:35:49,test,other,42.8,1
C00004624,G0004141,2026-10-25 19:29:05,control,buylead_created,43.5,1
C00004625,G0004142,2026-10-25 08:57:09,test,requirement_unconfirmed,164.6,1
C00004626,G0004143,2026-10-25 15:48:29,control,no_requirement,97.6,1
C00004627,G0004143,2026-10-26 07:48:29,control,other,1.3,1
C00004628,G0004144,2026-10-25 11:32:41,control,buylead_created,73.9,1
C00004629,G0004145,2026-10-25 16:07:49,control,no_requirement,77.1,1
C00004630,G0004145,2026-10-26 15:07:49,control,other,18.1,1
C00004631,G0004146,2026-10-25 18:25:14,control,particular_seller_only,35.8,1
C00004632,G0004147,2026-10-25 19:08:08,control,requirement_unconfirmed,100.2,1
C00004633,G0004147,2026-10-26 06:08:08,control,other,89.0,1
C00004634,G0004148,2026-10-25 09:36:43,control,no_connect,54.8,0
C00004635,G0004149,2026-10-25 13:01:56,test,no_requirement,84.0,1
C00004636,G0004150,2026-10-25 12:02:29,control,buylead_created,62.2,1
C00004637,G0004151,2026-10-25 18:00:18,control,no_connect,60.6,0
C00004638,G0004152,2026-10-25 18:31:02,control,buylead_created,68.0,1
C00004639,G0004153,2026-10-25 12:16:16,control,no_connect,108.9,0
C00004640,G0004154,2026-10-25 13:16:52,control,buylead_created,58.8,1
C00004641,G0004155,2026-10-25 10:49:11,control,buylead_created,26.2,1
C00004642,G0004155,2026-10-26 05:49:11,control,other,4.9,1
C00004643,G0004156,2026-10-25 18:45:36,test,requirement_unconfirmed,83.3,1
C00004644,G0004157,2026-10-25 08:47:57,test,requirement_unconfirmed,100.4,1
C00004645,G0004158,2026-10-25 13:04:03,test,no_connect,70.3,0
C00004646,G0004159,2026-10-25 08:40:43,test,buylead_created,32.4,1
C00004647,G0004160,2026-10-25 15:35:54,control,particular_seller_only,19.4,1
C00004648,G0004161,2026-10-25 17:05:19,test,buylead_created,140.7,1
C00004649,G0004161,2026-10-26 20:05:19,test,other,93.7,1
C00004650,G0004162,2026-10-25 19:59:57,control,particular_seller_only,172.5,1
C00004651,G0004162,2026-10-26 09:59:57,control,other,46.9,1
C00004652,G0004163,2026-10-25 16:09:39,control,particular_seller_only,24.8,1
C00004653,G0004164,2026-10-25 19:36:11,control,particular_seller_only,57.0,1
C00004654,G0004165,2026-10-25 16:29:53,test,buylead_created,78.4,1
C00004655,G0004166,2026-10-25 19:26:42,test,requirement_unconfirmed,73.9,1
C00004656,G0004167,2026-10-25 19:53:09,test,other,64.0,1
C00004657,G0004168,2026-10-25 15:40:10,control,requirement_unconfirmed,99.9,1
C00004658,G0004169,2026-10-25 18:40:04,control,particular_seller_only,23.4,1
C00004659,G0004170,2026-10-25 17:14:59,control,requirement_unconfirmed,2.1,1
C00004660,G0004170,2026-10-25 22:14:59,control,other,50.0,1
C00004661,G0004171,2026-10-25 08:35:09,test,buylead_created,100.6,1
C00004662,G0004172,2026-10-25 16:07:13,control,requirement_unconfirmed,44.1,1
C00004663,G0004173,2026-10-25 17:45:19,control,buylead_created,27.3,1
C00004664,G0004174,2026-10-25 08:44:50,control,buylead_created,5.0,1
C00004665,G0004175,2026-10-25 15:52:23,control,no_requirement,3.5,1
C00004666,G0004176,2026-10-25 08:24:06,control,no_requirement,101.0,1
C00004667,G0004177,2026-10-25 14:57:18,control,requirement_unconfirmed,231.0,1
C00004668,G0004177,2026-10-25 19:57:18,control,other,4.2,1
C00004669,G0004178,2026-10-25 11:19:57,control,buylead_created,53.5,1
C00004670,G0004179,2026-10-25 10:07:59,C,other,164.6,1
C00004671,G0004180,2026-10-25 15:20:17,control,particular_seller_only,89.9,1
C00004672,G0004181,2026-10-25 11:59:20,control,,56.6,1
C00004673,G0004182,2026-10-25 08:31:44,test,no_requirement,93.7,1
C00004674,G0004183,2026-10-25 18:02:55,test,requirement_unconfirmed,60.8,1
C00004675,G0004183,2026-10-25 21:02:55,test,other,47.1,1
C00004676,G0004184,2026-10-25 15:55:34,control,buylead_created,103.9,1
C00004677,G0004185,2026-10-25 08:45:22,test,buylead_created,79.5,1
C00004678,G0004185,2026-10-25 10:45:22,test,other,8.4,1
C00004679,G0004186,2026-10-25 18:43:49,test,buylead_created,109.4,1
C00004680,G0004187,2026-10-25 16:33:55,control,no_requirement,56.0,1
C00004681,G0004188,2026-10-25 15:22:33,control,no_requirement,114.8,1
C00004682,G0004188,2026-10-25 23:22:33,control,other,103.7,1
C00004683,G0004189,2026-10-25 09:07:07,control,buylead_created,8.6,1
C00004684,G0004190,2026-10-25 09:39:32,control,buylead_created,19.3,1
C00004685,G0004191,2026-10-25 10:28:41,control,no_connect,96.9,0
C00004686,G0004192,2026-10-25 17:50:33,test,buylead_created,1.7,1
C00004687,G0004193,2026-10-25 18:04:19,control,buylead_created,1.4,1
C00004688,G0004194,2026-10-25 16:45:19,control,buylead_created,44.1,1
C00004689,G0004195,2026-10-25 16:33:08,control,buylead_created,57.5,1
C00004690,G0004196,2026-10-25 09:25:51,test,no_requirement,44.1,1
C00004691,G0004197,2026-10-25 16:55:31,control,particular_seller_only,86.4,1
C00004692,G0004198,2026-10-25 14:10:24,test,no_connect,47.2,0
C00004693,G0004199,2026-10-25 16:27:12,control,requirement_unconfirmed,53.9,1
C00003068,G0002755,2026-10-21 17:06:03,control,buylead_created,33.3,1
C00001980,G0001773,2026-10-17 16:23:44,test,requirement_unconfirmed,87.3,1
C00002468,G0002215,2026-10-19 09:06:51,control,buylead_created,90.9,1
C00001630,G0001458,2026-10-16 08:57:01,test,requirement_unconfirmed,14.3,1
C00003274,G0002942,2026-10-21 17:29:27,control,buylead_created,96.9,1
C00004266,G0003820,2026-10-24 18:03:33,control,buylead_created,50.3,1
C00001448,G0001296,2026-10-16 10:50:09,control,buylead_created,13.2,1
C00001878,G0001681,2026-10-17 14:38:44,control,other,1.6,1
C00003360,G0003017,2026-10-22 17:40:25,control,buylead_created,64.8,1
C00001736,G0001553,2026-10-17 19:50:56,test,buylead_created,60.1,1
C00000807,G0000724,2026-10-14 19:55:22,control,buylead_created,70.3,1
C00001634,G0001461,2026-10-16 08:38:09,test,no_connect,62.4,0
C00002394,G0002145,2026-10-19 14:48:59,test,buylead_created,19.4,1
C00001653,G0001479,2026-10-16 17:06:05,test,no_requirement,30.2,1
C00002041,G0001821,2026-10-19 11:18:45,control,other,81.5,1
C00003795,G0003400,2026-10-23 15:21:31,control,buylead_created,182.6,1
C00000121,G0000112,2026-10-12 09:11:45,control,no_connect,53.8,0
C00003529,G0003166,2026-10-22 10:17:12,test,no_requirement,11.8,1
C00001391,G0001244,2026-10-16 13:26:58,control,requirement_unconfirmed,88.7,1
C00002838,G0002552,2026-10-21 16:10:33,test,other,72.2,1
C00001160,G0001034,2026-10-15 16:28:55,control,no_requirement,2.6,1
C00002363,G0002118,2026-10-19 08:24:03,control,no_connect,103.7,0
C00001291,G0001151,2026-10-15 11:52:40,control,requirement_unconfirmed,78.2,1
C00001220,G0001087,2026-10-15 13:33:16,control,requirement_unconfirmed,42.4,1
C00004598,G0004120,2026-10-25 13:33:46,control,buylead_created,63.6,1
C00000358,G0000321,2026-10-13 18:47:23,control,other,68.5,1
C00002324,G0002079,2026-10-18 10:12:35,test,particular_seller_only,105.4,1
C00001830,G0001638,2026-10-17 17:25:49,control,buylead_created,124.6,1
C00002649,G0002384,2026-10-19 19:48:07,control,no_requirement,1.4,1
C00003118,G0002799,2026-10-21 09:08:16,test,buylead_created,68.0,1
C00001057,G0000946,2026-10-15 18:17:57,control,no_requirement,47.4,1
C00001285,G0001146,2026-10-15 17:03:15,control,buylead_created,118.9,1
C00004220,G0003779,2026-10-24 17:39:32,control,buylead_created,77.0,1
C00002017,G0001804,2026-10-18 19:53:22,test,buylead_created,57.7,1
C00004396,G0003940,2026-10-25 10:00:57,test,buylead_created,46.4,1
C00004116,G0003686,2026-10-24 16:15:16,control,requirement_unconfirmed,59.3,1
C00002148,G0001920,2026-10-18 16:45:31,control,buylead_created,39.6,1
C00004028,G0003607,2026-10-25 04:21:11,control,other,60.8,1
C00000837,G0000754,2026-10-14 18:24:16,test,no_connect,62.0,0
C00000214,G0000197,2026-10-12 12:14:46,control,other,117.8,1
C00003501x,G0003142,2026-10-22 11:52:17,test,other,85.0,1
C00000701x,G0000634,2026-10-14 18:22:43,test,no_connect,6.2,0
C00001635x,G0001462,2026-10-16 09:43:58,control,no_requirement,57.5,1
C00001598x,G0001430,2026-10-16 15:09:45,test,no_requirement,89.1,1
C00004382x,G0003928,2026-10-25 14:35:19,control,buylead_created,43.8,1
C00001653x,G0001479,2026-10-16 17:06:05,control,no_requirement,30.2,1
C00001566x,G0001401,2026-10-16 11:34:47,test,particular_seller_only,112.7,1
C00001057x,G0000946,2026-10-15 18:17:57,test,no_requirement,47.4,1
C00002960x,G0002661,2026-10-20 17:29:00,control,buylead_created,48.2,1
C00002487x,G0002232,2026-10-19 12:36:56,test,requirement_unconfirmed,83.2,1
C00004362x,G0003908,2026-10-25 17:50:59,test,buylead_created,56.6,1
C00001904x,G0001703,2026-10-17 16:24:56,test,particular_seller_only,85.6,1
C00000090x,G0000082,2026-10-12 18:58:53,test,buylead_created,13.4,1
C00001632x,G0001459,2026-10-17 01:37:23,control,other,54.1,1
C00000139x,G0000128,2026-10-12 12:05:26,test,buylead_created,87.7,1
C00002729x,G0002457,2026-10-20 09:47:55,test,buylead_created,103.7,1
C00000980x,G0000879,2026-10-14 17:49:41,test,buylead_created,60.9,1
C00000055x,G0000051,2026-10-12 12:25:30,test,requirement_unconfirmed,36.0,1
C00002795x,G0002515,2026-10-20 10:35:45,test,buylead_created,14.9,1
C00001995x,G0001785,2026-10-18 10:53:48,test,other,10.0,1
C00001811x,G0001620,2026-10-17 11:56:39,test,particular_seller_only,89.1,1
C00003790x,G0003395,2026-10-23 15:58:00,test,buylead_created,79.5,1
C00004446x,G0003986,2026-10-25 11:09:14,test,buylead_created,72.4,1
C00001548x,G0001384,2026-10-16 13:50:52,test,other,84.0,1
C00002780x,G0002502,2026-10-20 11:43:22,test,no_requirement,57.7,1
C00002577x,G0002315,2026-10-19 18:12:19,test,buylead_created,68.6,1
C00004269x,G0003823,2026-10-24 17:56:03,control,no_connect,68.4,0
C00001704x,G0001524,2026-10-17 09:40:08,test,particular_seller_only,91.3,1
C00003506x,G0003146,2026-10-22 18:47:15,test,no_requirement,85.5,1
C00004204x,G0003764,2026-10-25 00:57:45,control,other,118.2,1
